EinheitMastrNummer,NameStromerzeugungseinheit,AnlagenbetreiberMastrNummer,EinheitBetriebsstatus,Land,Bundesland,Landkreis,Gemeinde,Postleitzahl,Ort,Strasse,Hausnummer,Laengengrad,Breitengrad,Bruttoleistung,Nettonennleistung,Registrierungsdatum,GeplantesInbetriebnahmedatum,Inbetriebnahmedatum,Batterietechnologie,Technologie,Energietraeger,SpeMastrNummer,NutzbareSpeicherkapazitaet_kWh
SEE960951557490,Speicher,,Endgültig stillgelegt,Deutschland,Schleswig-Holstein,Pinneberg,Bokholt-Hanredder,25335,Bokholt-Hanredder,Bahnhofstraße,13,9.735000,53.790000,2500.000,1000.000,2019-02-04,,1923-05-01,Lithium-Batterie,Batterie,Speicher,SSE949698855892,200.000
SEE953737327721,StoraXe SRS0112,ABR964019505287,In Betrieb,Deutschland,Thüringen,Sonneberg,Föritztal,96524,Föritztal,Steinräum,10,11.212000,50.344000,300.000,100.000,2019-02-12,,2019-01-30,Lithium-Batterie,Batterie,Speicher,SSE977492471109,159.000
SEE916450758067,"Batteriespeicher Mittelberg, West  STAT",ABR932501781723,In Betrieb,Deutschland,Bayern,Oberallgäu,Oy-Mittelberg,87466,Oy-Mittelberg,Alois-Wagner-Straße,34,10.431553,47.638757,500.000,500.000,2019-02-18,,2018-12-21,Lithium-Batterie,Batterie,Speicher,SSE987733478606,302.000
SEE962171828091,Stromspeicher,ABR962107566691,In Betrieb,Deutschland,Bayern,Landshut,Neufahrn i. NB,84088,Neufahrn,Niederfeldstraße,38,12.115720,48.442966,280.000,252.000,2019-02-26,,2017-10-18,Lithium-Batterie,Batterie,Speicher,SSE946149295993,210.200
SEE938534551104,Bocholt Speicher,ABR989859343004,In Betrieb,Deutschland,Nordrhein-Westfalen,Borken,Bocholt,46395,Bocholt,Alfred-Flender-Straße,77,6.608000,51.823000,1125.000,1125.000,2020-12-10,,2016-12-20,Lithium-Batterie,Batterie,Speicher,SSE924516588701,1820.000
SEE972894381872,Homert 01,,Endgültig stillgelegt,Deutschland,Nordrhein-Westfalen,Hochsauerlandkreis,Eslohe (Sauerland),59889,Eslohe,,,,,2500.000,8.000,2019-03-03,,2014-05-22,Blei-Batterie,Batterie,Speicher,SSE976611351018,8.000
SEE948113080529,Batteriespeicher,ABR974192275716,In Betrieb,Deutschland,Thüringen,Weimar,Weimar,99428,Weimar,Über der Nonnenwiese,1,11.289000,50.980000,112.000,100.000,2019-03-14,,2018-12-20,Lithium-Batterie,Batterie,Speicher,SSE983782938580,112.000
SEE911690715313,Batteriespeicher Wernau,ABR974239102593,In Betrieb,Deutschland,Baden-Württemberg,Esslingen,Wernau (Neckar),73249,Wernau,Junkersstraße,20,9.421000,48.688000,2600.000,2600.000,2019-03-25,,2017-08-01,Lithium-Batterie,Batterie,Speicher,SSE986586794253,2400.000
SEE966505165425,Batteriespeicher Heilbronn,ABR974239102593,In Betrieb,Deutschland,Baden-Württemberg,Heilbronn,Heilbronn,74076,Heilbronn,Lichtenbergerstraße,23,9.209000,49.173000,5200.000,5200.000,2019-03-26,,2018-04-01,Lithium-Batterie,Batterie,Speicher,SSE939958657007,4800.000
SEE965387840635,Klima Arena Sinsheim; Batteriespeicher,ABR992288925956,In Betrieb,Deutschland,Baden-Württemberg,Rhein-Neckar-Kreis,Sinsheim,74889,Sinsheim,Dietmar-Hopp-Straße,6,8.877000,49.239000,100.000,100.000,2020-02-04,,2019-09-30,Lithium-Batterie,Batterie,Speicher,SSE936633134341,127.000
SEE943208281096,Rain BS1,ABR921440481122,In Betrieb,Deutschland,Bayern,Donau-Ries,Rain,86641,Rain,Kraftwerkstraße,21,10.897772,48.692522,1500.000,1500.000,2020-02-07,,2019-12-12,Lithium-Batterie,Batterie,Speicher,SSE935259745801,1507.000
SEE938626250649,WindNODE Speicher 5,,Endgültig stillgelegt,Deutschland,Sachsen,Zwickau,Zwickau,08060,Zwickau,,,12.452675,50.722224,100.000,100.000,2019-04-01,,2019-03-18,Lithium-Batterie,Batterie,Speicher,SSE965615230634,69.600
SEE909301598660,NEW4.0 - Speicherregelkraftwerk,ABR966945432606,Vorübergehend stillgelegt,Deutschland,Hamburg,Hamburg,Hamburg,21039,Hamburg,Curslacker Deich,78,10.213750,53.474528,720.000,720.000,2019-04-05,,2018-10-11,Lithium-Batterie,Batterie,Speicher,SSE923839132677,690.000
SEE959515170701,Battery@Jungheinrich,,Endgültig stillgelegt,Deutschland,Schleswig-Holstein,Segeberg,Kaltenkirchen,24568,Kaltenkirchen,Maybachstraße,1,9.968481,53.814602,240.000,240.000,2019-04-10,,2018-11-22,Lithium-Batterie,Batterie,Speicher,SSE942357419312,264.000
SEE912786886375,"Busch-Jaeger Elektro GmbH, Lüdenscheid Batteriespeicher",,Endgültig stillgelegt,Deutschland,Nordrhein-Westfalen,Märkischer Kreis,Lüdenscheid,58513,Lüdenscheid,Freisenbergstraße,2,7.602000,51.249000,200.000,200.000,2019-04-10,,2018-09-13,Lithium-Batterie,Batterie,Speicher,SSE960649143110,275.000
SEE927220811226,SWM HW Freiham Bat1,ABR948070381080,In Betrieb,Deutschland,Bayern,München,München,81249,München,Bodenseestraße,351,11.406500,48.139800,600.000,600.000,2019-09-17,,2018-01-30,Lithium-Batterie,Batterie,Speicher,SSE911240072507,1000.000
SEE989701749992,Bergkirchen Stromspeicher Qinous,ABR970114289427,In Planung,Deutschland,Bayern,Dachau,Bergkirchen,85232,Bergkirchen,Kreuzackerstraße,1,11.353650,48.238328,500.000,500.000,2019-04-23,2021-06-30,,Lithium-Batterie,Batterie,Speicher,SSE942241886572,554.000
SEE967157004759,Heppenheim Stromspeicher Fenecon,ABR970114289427,In Planung,Deutschland,Hessen,Bergstraße,Heppenheim (Bergstraße),64646,Heppenheim,Lorscher Straße,53 A,8.624509,49.643289,480.000,480.000,2019-04-23,2021-06-30,,Lithium-Batterie,Batterie,Speicher,SSE951065741196,500.000
SEE901781172071,Speicher,ABR936094227989,In Betrieb,Deutschland,Bayern,Günzburg,Leipheim,89340,Leipheim,Schleifstraße,5,10.221100,48.437400,153.600,48.000,2019-04-26,,2019-03-26,Lithium-Batterie,Batterie,Speicher,SSE939418763880,165.600
SEE913862454280,Hybridregelkraftwerk,ABR901047920507,In Betrieb,Deutschland,Bremen,Bremen,Bremen,28207,Bremen,Hastedter Osterdeich,255,8.874096,53.058934,18000.000,18000.000,2019-07-03,,2019-03-11,Lithium-Batterie,Batterie,Speicher,SSE910097353135,14200.000
SEE984506240248,Speicher Nürnberger Str. 107,ABR979076812094,In Betrieb,Deutschland,Bayern,Würzburg,Würzburg,97076,Würzburg,Nürnberger Straße,107,9.990914,49.798871,102.400,90.000,2019-11-25,,2018-12-21,Lithium-Batterie,Batterie,Speicher,SSE917469846073,102.400
SEE958562019667,FutureEnergySolution,,Endgültig stillgelegt,Deutschland,Hamburg,Hamburg,Hamburg,21129,Hamburg,Vollhöfner Weiden,18,9.894684,53.506271,1400.000,1400.000,2021-10-12,,2019-01-11,Lithium-Batterie,Batterie,Speicher,SSE974774942739,3360.000
SEE932630157796,Kaltenkirchen Stromspeicher Qinous,ABR970114289427,In Planung,Deutschland,Schleswig-Holstein,Segeberg,Kaltenkirchen,24568,Kaltenkirchen,Auf dem Berge,1,9.936533,53.845817,500.000,500.000,2019-05-13,2021-06-30,,Lithium-Batterie,Batterie,Speicher,SSE951790104112,554.000
SEE986006730779,Speicher Labor Cottbus,ABR980156746222,In Betrieb,Deutschland,Brandenburg,Cottbus,Cottbus,03050,Cottbus,Uhlandstraße,53,14.339089,51.724216,250.000,50.000,2019-05-13,,2018-02-22,Blei-Batterie,Batterie,Speicher,SSE964077043417,360.000
SEE913581443565,USV-Gebäude 1,ABR949066226620,In Betrieb,Deutschland,Bayern,Bayreuth,Bayreuth,95448,Bayreuth,Weiherstraße,26,11.601989,49.965489,120.000,120.000,2019-05-21,,2008-12-31,Blei-Batterie,Batterie,Speicher,SSE953382611640,32.000
SEE964919083724,ADS-Tec-Stromspeicher mit ABB Laderelger_Inselbetrieb,ABR921687266322,In Betrieb,Deutschland,Baden-Württemberg,Calw,Ostelsheim,75395,Ostelsheim,Sohlengrund,16,8.843297,48.720025,100.000,100.000,2019-11-11,,2019-07-23,Lithium-Batterie,Batterie,Speicher,SSE931750815623,149.400
SEE904094863995,Stromspeicher,ABR901156685762,In Betrieb,Deutschland,Nordrhein-Westfalen,Lippe,Bad Salzuflen,32105,Bad Salzuflen,Siemensstraße,39,8.731143,52.086688,180.000,180.000,2019-06-06,,2019-05-28,Lithium-Batterie,Batterie,Speicher,SSE992122352993,202.000
SEE907703023742,IKW Batteriespeicher,ABR908281121257,In Betrieb,Deutschland,Brandenburg,Oder-Spree,Eisenhüttenstadt,15890,Eisenhüttenstadt,Jugendstraße,1,14.632419,52.163396,1080.000,1080.000,2021-01-07,,2014-09-01,Lithium-Batterie,Batterie,Speicher,SSE929738267830,1080.000
SEE985288982944,ESS_EUREF-CAMPUS,ABR917550078642,In Betrieb,Deutschland,Berlin,Berlin,Berlin,10829,Berlin,EUREF-Campus,9,13.356239,52.481808,1250.000,1250.000,2021-01-26,,2019-07-10,Lithium-Batterie,Batterie,Speicher,SSE928402992276,1600.000
SEE983698449651,Batteriespeicher_100kW_100kWh,ABR905589167949,In Betrieb,Deutschland,Baden-Württemberg,Emmendingen,Denzlingen,79211,Denzlingen,Markgrafenstraße,139 145,7.867192,48.069340,100.000,100.000,2019-06-21,,2014-04-01,Lithium-Batterie,Batterie,Speicher,SSE915144797016,90.000
SEE995541369856,Batteriespeicher Gödenroth,ABR903690099142,In Betrieb,Deutschland,Rheinland-Pfalz,Rhein-Hunsrück-Kreis,Gödenroth,56290,Gödenroth,An der Trift,,7.498412,50.086232,1250.000,1250.000,2019-06-24,,2018-05-28,Lithium-Batterie,Batterie,Speicher,SSE945281061022,2000.000
SEE937293802656,Stromspeicher eMobility Ladepark Duisburg,ABR985359615849,In Betrieb,Deutschland,Nordrhein-Westfalen,Duisburg,Duisburg,47166,Duisburg,Beecker Str.,,6.764689,51.482576,350.000,350.000,2019-07-09,,2019-01-07,Lithium-Batterie,Batterie,Speicher,SSE988959887333,210.000
SEE936261646742,"PVS Borgholz, Speicher Vela",ABR903634172061,In Betrieb,Deutschland,Nordrhein-Westfalen,Höxter,Borgentreich,34434,Borgentreich,Am Bahnhof,3,9.256606,51.609868,150.000,150.000,2019-07-11,,2019-07-04,Lithium-Batterie,Batterie,Speicher,SSE907239262790,144.000
SEE905032397701,BAT WÖL,ABR977072703385,In Betrieb,Deutschland,Sachsen,Meißen,Diera-Zehren,01665,Diera-Zehren,,,13.343956,51.214239,4800.000,4800.000,2019-07-19,,2018-08-22,Lithium-Batterie,Batterie,Speicher,SSE910189436746,4800.000
SEE998807480418,Malzfabrik Heidenau,ABR982320839334,In Betrieb,Deutschland,Sachsen,Sächsische Schweiz-Osterzgebirge,Heidenau,01809,Heidenau,Hafenstraße,1,13.880181,50.974509,200.000,200.000,2019-08-06,,2019-08-05,Lithium-Batterie,Batterie,Speicher,SSE985154679008,240.000
SEE991578976104,Tuttlingen Pflegeheim Batteriespeicher Untere Vorstadt 17,ABR949347087872,In Betrieb,Deutschland,Baden-Württemberg,Tuttlingen,Tuttlingen,78532,Tuttlingen,Untere Vorstadt,,8.821721,47.988078,110.400,110.400,2019-07-29,,2018-09-14,Lithium-Batterie,Batterie,Speicher,SSE921158505561,110.400
SEE973585970962,Batteriespeicher W2G,ABR977223013417,In Betrieb,Deutschland,Schleswig-Holstein,Dithmarschen,Brunsbüttel,25541,Brunsbüttel,,,9.194090,53.910335,2000.000,2000.000,2019-09-02,,2017-11-14,Lithium-Batterie,Batterie,Speicher,SSE974564871775,2700.000
SEE911836897996,Batteriespeicher Herdecke,ABR982105583193,In Betrieb,Deutschland,Nordrhein-Westfalen,Ennepe-Ruhr-Kreis,Herdecke,58313,Herdecke,Im Schiffwinkel,43,7.454220,51.411290,6250.000,6250.000,2019-08-02,,2017-07-06,Lithium-Batterie,Batterie,Speicher,SSE982404664302,5000.000
SEE930369934725,Pilotanlage Master+ USV-Batterie,,Endgültig stillgelegt,Deutschland,Nordrhein-Westfalen,Essen,Essen,45128,Essen,Kruppstr.,5,7.008539,51.449294,500.000,500.000,2019-08-02,,2018-09-15,Blei-Batterie,Batterie,Speicher,SSE978695007942,500.000
SEE992407371626,SMA_G33_Bat_EQ17733,ABR904908624019,In Betrieb,Deutschland,Hessen,Kassel,Niestetal,34266,Niestetal,Sonnenallee,1,9.541152,51.316517,305.000,96.000,2019-08-05,,2010-08-16,Lithium-Batterie,Batterie,Speicher,SSE972933098686,134.000
SEE961724289518,Speicherkraftwerk Kolitzheim,,Endgültig stillgelegt,Deutschland,Bayern,Schweinfurt,Kolitzheim,97509,Kolitzheim,,,10.240278,49.912778,3200.000,3200.000,2019-08-05,,2016-12-01,Blei-Batterie,Batterie,Speicher,SSE978267372188,4500.000
SEE955166555447,Speicherkraftwerk Wildflecken,ABR998956874250,Vorübergehend stillgelegt,Deutschland,Bayern,Bad Kissingen,Wildflecken,97772,Wildflecken,,,9.936667,50.376111,2250.000,2250.000,2019-08-05,,2017-03-20,Blei-Batterie,Batterie,Speicher,SSE956163134529,2200.000
SEE903035681933,Batterie Vlotho,ABR953832172172,In Betrieb,Deutschland,Nordrhein-Westfalen,Herford,Vlotho,32602,Vlotho,Im Meisenfeld,14,8.794252,52.128826,100.000,100.000,2019-08-08,,2019-04-11,Lithium-Batterie,Batterie,Speicher,SSE915447454210,389.000
SEE985523200604,Batterie Nebengebäude Herrenhaus Pinnow,ABR943565669605,In Betrieb,Deutschland,Mecklenburg-Vorpommern,Mecklenburgische Seenplatte,Breesen,17091,Breesen,Pinnow,36,13.139884,53.609085,120.000,100.000,2019-09-26,,2019-09-11,Lithium-Batterie,Batterie,Speicher,SSE996085170717,50.000
SEE945521667175,Cellcube 20-100,ABR920594932092,In Betrieb,Deutschland,Baden-Württemberg,Alb-Donau-Kreis,Blaubeuren,89143,Blaubeuren,,,,,100.000,20.000,2019-08-27,,2014-03-28,Redox-Flow-Batterie,Batterie,Speicher,SSE900518446140,70.000
SEE998334122355,HGGS BAT1,ABR984418598406,In Betrieb,Deutschland,Rheinland-Pfalz,Germersheim,Hatzenbühl,76770,Hatzenbühl,Im Gereut,14,8.232729,49.111372,100.000,100.000,2019-09-04,,2017-09-13,Lithium-Batterie,Batterie,Speicher,SSE982736998496,222.800
SEE965319076804,"Batteriespeicher, 63263, Neu-Isenburg, Rathenaustrasse 11-13",ABR946307478329,Vorübergehend stillgelegt,Deutschland,Hessen,Offenbach,Neu-Isenburg,63263,Neu-Isenburg,Rathenaustraße,11-13,8.691740,50.041870,120.000,100.000,2019-10-02,,2017-02-14,Lithium-Batterie,Batterie,Speicher,SSE996037043694,100.000
SEE993281806389,"Batteriespeicher, 64331, Weiterstadt, Rudolf-Diesel-Straße 26",ABR904010345024,In Betrieb,Deutschland,Hessen,Darmstadt-Dieburg,Weiterstadt,64331,Weiterstadt,Rudolf-Diesel-Straße,26,8.607737,49.901385,120.000,100.000,2019-10-02,,2017-01-25,Lithium-Batterie,Batterie,Speicher,SSE997082681800,100.000
SEE923946129591,"Batteriespeicher, 63322, Rödermark, Ober-Rodener Straße 24",ABR904010345024,In Betrieb,Deutschland,Hessen,Offenbach,Rödermark,63322,Rödermark,Ober-Rodener Straße,24,8.801750,49.975510,120.000,100.000,2019-10-02,,2017-02-14,Lithium-Batterie,Batterie,Speicher,SSE961769518529,100.000
SEE934147582450,Malzfabrik Rostock,ABR982320839334,In Betrieb,Deutschland,Mecklenburg-Vorpommern,Rostock,Rostock,18147,Rostock,Mälzereistr.,1 ,12.128511,54.153350,200.000,200.000,2019-09-16,,2019-09-05,Lithium-Batterie,Batterie,Speicher,SSE961893017349,240.000
SEE949901499233,Testfeld KT,ABR973237298260,In Planung,Deutschland,Bayern,Kitzingen,Kitzingen,97318,Kitzingen,Steigweg,24,10.140216,49.730948,1000.000,1000.000,2019-09-25,2019-10-01,,Blei-Batterie,Batterie,Speicher,SSE953768945758,1000.000
SEE900291433160,Hybridspeicher AU,ABR917063786638,In Betrieb,Deutschland,Bayern,Oberallgäu,Sulzberg,87477,Sulzberg,Au,7,10.322080,47.685476,16000.000,16000.000,2019-12-16,,2018-07-31,Lithium-Batterie,Batterie,Speicher,SSE991759625937,8536.000
SEE901574855747,TesVolt Trafo4,ABR940339470313,In Betrieb,Deutschland,Brandenburg,Prignitz,Meyenburg,16945,Meyenburg,Freyensteiner Straße,24,12.261740,53.313879,305.200,300.000,2019-09-27,,2019-08-29,Lithium-Batterie,Batterie,Speicher,SSE952213740573,268.800
SEE949148866799,Batteriespeicher PET,ABR973650361152,In Betrieb,Deutschland,Bayern,Ansbach,Petersaurach,91580,Petersaurach,Jakob-Müller-Ring,2,10.743382,49.302932,1000.000,1000.000,2019-10-15,,2019-06-26,Lithium-Batterie,Batterie,Speicher,SSE949735224827,1370.000
SEE914778775773,Batteriespeicher ECH,ABR973650361152,In Betrieb,Deutschland,Niedersachsen,Northeim,Kalefeld,37589,Kalefeld,Am Windmühlenstein,15,10.063203,51.799046,1000.000,1000.000,2019-10-15,,2019-06-12,Lithium-Batterie,Batterie,Speicher,SSE996169135762,1370.000
SEE967921796583,MeroAkku,ABR982727620030,In Betrieb,Deutschland,Bayern,Würzburg,Waldbüttelbrunn,97297,Waldbüttelbrunn,Merowingerstraße,4,9.846966,49.795649,168.000,60.000,2020-04-29,,2019-09-11,Lithium-Batterie,Batterie,Speicher,SSE938616835276,35.100
SEE905242636829,Batteriespeicher Garching Römerhofweg,ABR921311094093,In Betrieb,Deutschland,Bayern,München,Garching b. München,85748,Garching,,,11.660700,48.259630,1442.000,1400.000,2019-11-11,,2017-05-17,Lithium-Batterie,Batterie,Speicher,SSE948423752192,1230.000
SEE930365532475,W059-TS_Mercedes-Benz Werk Sindelfingen Stromspeicher Bau 50,,Endgültig stillgelegt,Deutschland,Baden-Württemberg,Böblingen,Sindelfingen,71063,Sindelfingen,Benzstr.,,8.986862,48.702446,280.000,280.000,2019-11-19,,2017-02-07,Lithium-Batterie,Batterie,Speicher,SSE921263264247,160.000
SEE965682782838,Batteriespeicher,ABR987241976212,In Betrieb,Deutschland,Niedersachsen,Osterholz,Ritterhude,27721,Ritterhude,Deltastraße,1,8.758456,53.189777,120.000,80.000,2019-11-18,,2019-01-15,Lithium-Batterie,Batterie,Speicher,SSE950303820938,176.000
SEE982794203945,36_LIDL_Eschbach_Batterie,ABR917604275966,In Betrieb,Deutschland,Baden-Württemberg,Breisgau-Hochschwarzwald,Hartheim am Rhein,79427,Eschbach,Max-Immelmann-Allee,23,7.633951,47.902711,184.000,184.000,2024-05-17,,2019-11-26,Lithium-Batterie,Batterie,Speicher,SSE962091039911,164.000
SEE915286783892,Batteriespeicher Braderup,ABR921665486551,In Betrieb,Deutschland,Schleswig-Holstein,Nordfriesland,Braderup,25923,Braderup,Lundsacker Weg,12a,8.897112,54.832373,2000.000,2000.000,2019-11-18,,2015-09-24,Sonstige Batterie,Batterie,Speicher,SSE900841707772,2000.000
SEE982036537517,Batteriespeicher 1,ABR922894500629,In Betrieb,Deutschland,Hamburg,Hamburg,Hamburg,20097,Hamburg,Grüner Deich,110,10.029855,53.542620,480.000,480.000,2019-11-29,,2019-11-19,Lithium-Batterie,Batterie,Speicher,SSE970124976874,920.000
SEE948088495915,Batteriespeicher Fuggerstraße Dietmannsried,ABR917063786638,In Betrieb,Deutschland,Bayern,Oberallgäu,Dietmannsried,87463,Dietmannsried,Fuggerstraße,2,10.297674,47.807071,500.000,500.000,2019-12-17,,2017-12-20,Lithium-Batterie,Batterie,Speicher,SSE911484219188,336.000
SEE999110397349,Batteriespeicher Aybühlweg Kempten,ABR917063786638,In Betrieb,Deutschland,Bayern,Kempten (Allgäu),Kempten (Allgäu),87435,Kempten,Aybühlweg,75,10.291477,47.721204,500.000,500.000,2019-12-17,,2017-11-14,Lithium-Batterie,Batterie,Speicher,SSE946619863820,336.000
SEE934064206071,Notstromspeicher Dieselstraße Kempten,ABR917063786638,In Betrieb,Deutschland,Bayern,Kempten (Allgäu),Kempten (Allgäu),87437,Kempten,Dieselstraße,12,10.316932,47.755531,500.000,500.000,2019-12-18,,2017-12-07,Lithium-Batterie,Batterie,Speicher,SSE965093160614,336.000
SEE989415663904,BES LRB,ABR937505471571,In Betrieb,Deutschland,Sachsen,Nordsachsen,Mockrehna,04862,Mockrehna,Wildschützer Straße,999 x,12.897686,51.491738,7300.000,7300.000,2019-12-04,,2018-06-25,Blei-Batterie,Batterie,Speicher,SSE911959084181,11333.000
SEE908200741672,BES LRB 2,ABR937505471571,In Betrieb,Deutschland,Sachsen,Nordsachsen,Mockrehna,04862,Mockrehna,Wildschützer Straße,999 y,12.897767,51.491928,9125.000,9125.000,2019-12-04,,2018-06-25,Blei-Batterie,Batterie,Speicher,SSE990873932983,14166.000
SEE963081865633,BES BEN,ABR921213385473,In Betrieb,Deutschland,Sachsen,Leipzig,Bennewitz,04828,Bennewitz,Parkstraße,2,12.707130,51.356015,16425.000,16425.000,2019-12-04,,2018-11-14,Blei-Batterie,Batterie,Speicher,SSE940380794697,25500.000
SEE976362409624,BES GRO,ABR976700826632,In Betrieb,Deutschland,Sachsen,Leipzig,Groitzsch,04539,Groitzsch,Luckaer Straße,29 z,12.293085,51.140876,17250.000,16425.000,2019-12-04,,2019-07-18,Blei-Batterie,Batterie,Speicher,SSE988779675417,25500.000
SEE953605889740,Batteriespeicher Herrenhausen,ABR901203303755,In Betrieb,Deutschland,Niedersachsen,Region Hannover,Hannover,30419,Hannover,Leinhäuser Weg,5,9.681854,52.398519,14000.000,14000.000,2019-12-06,,2017-06-28,Lithium-Batterie,Batterie,Speicher,SSE902773077886,17500.000
SEE998138959331,Notstromspeicher Reichenbach Oberstdorf,ABR917063786638,In Betrieb,Deutschland,Bayern,Oberallgäu,Oberstdorf,87561,Oberstdorf,Reichenbach,37,10.289844,47.437902,500.000,500.000,2019-12-18,,2017-12-19,Lithium-Batterie,Batterie,Speicher,SSE958607654389,336.000
SEE926678249643,Batteriespeicher Reichenbacher Straße Nesselwang,ABR917063786638,In Betrieb,Deutschland,Bayern,Ostallgäu,Nesselwang,87484,Nesselwang,Reichenbacher Straße,16,10.489822,47.620858,500.000,500.000,2019-12-17,,2017-10-27,Lithium-Batterie,Batterie,Speicher,SSE976929402334,336.000
SEE901763599254,"Stromspeicher 2,5 MW Bautzen",ABR907212965823,In Betrieb,Deutschland,Sachsen,Bautzen,Bautzen,02625,Bautzen,Schliebenstraße,18,14.415262,51.180810,2000.000,2000.000,2019-12-11,,2018-01-17,Lithium-Batterie,Batterie,Speicher,SSE992193135617,2000.000
SEE993997172082,Stromspeicher BeSSY Aub - 2.500 kW,ABR986251713824,In Betrieb,Deutschland,Bayern,Würzburg,Aub,97239,Aub,Industriestraße,2,10.051955,49.551760,2500.000,2500.000,2019-12-11,,2017-05-17,Lithium-Batterie,Batterie,Speicher,SSE943023174498,2500.000
SEE989255475729,Batteriespeicher (Notstromanlage),ABR974633310372,In Betrieb,Deutschland,Nordrhein-Westfalen,Oberbergischer Kreis,Reichshof,51580,Reichshof,Zur Steinagger,3,7.691084,50.980890,600.000,600.000,2020-01-29,,2020-01-03,Blei-Batterie,Batterie,Speicher,SSE959849359407,70.000
SEE945438552564,Stromspeicher,ABR916334277677,In Betrieb,Deutschland,Niedersachsen,Oldenburg (Oldb),Oldenburg (Oldb),26135,Oldenburg,Schützenhofstraße,103c,8.221429,53.122765,200.000,200.000,2019-12-16,,2015-04-28,Lithium-Batterie,Batterie,Speicher,SSE947060785495,270.000
SEE930305475985,SL-Notstromaggregat für Sicherheitstechnik,ABR919180425087,In Betrieb,Deutschland,Baden-Württemberg,Stuttgart,Stuttgart,70376,Stuttgart,Löwentorstraße,65,9.191366,48.809578,550.000,550.000,2019-12-16,,2019-09-02,Sonstige Batterie,Batterie,Speicher,SSE928236884969,550.000
SEE927117481617,SL - Notstromaggregat für Rechenzentrum,ABR919180425087,In Betrieb,Deutschland,Baden-Württemberg,Stuttgart,Stuttgart,70376,Stuttgart,Löwentorstraße,65,9.191366,48.809578,725.000,725.000,2019-12-16,,2008-03-03,Sonstige Batterie,Batterie,Speicher,SSE954448726124,725.000
SEE962764296498,Wittstock,ABR916120431191,In Betrieb,Deutschland,Brandenburg,Ostprignitz-Ruppin,Heiligengrabe,16909,Wittstock,,,12.524777,53.199592,1600.000,1600.000,2019-12-16,,2014-10-07,Blei-Batterie,Batterie,Speicher,SSE941674827701,1600.000
SEE902511338712,Neuhardenberg,ABR951531367424,In Betrieb,Deutschland,Brandenburg,Märkisch-Oderland,Neuhardenberg,15320,Neuhardenberg,Oderbruchstr. 20a,,14.244593,52.617101,5000.000,5000.000,2019-12-16,,2015-08-01,Lithium-Batterie,Batterie,Speicher,SSE905233371777,5000.000
SEE966091400436,Q_ESS_Elverlingsen,ABR922907721966,In Betrieb,Deutschland,Nordrhein-Westfalen,Märkischer Kreis,Werdohl,58791,Werdohl,Auf der Mark,1,7.704284,51.274860,17080.000,17080.000,2019-12-17,,2017-07-01,Lithium-Batterie,Batterie,Speicher,SSE987360535918,18149.000
SEE905490507995,Q_ESS_Luenen,ABR922907721966,In Betrieb,Deutschland,Nordrhein-Westfalen,Unna,Lünen,44536,Lünen,Brunnenstraße,138,7.466350,51.616620,11920.000,11920.000,2019-12-17,,2016-12-01,Lithium-Batterie,Batterie,Speicher,SSE912044016452,9626.000
SEE971489980742,Speichersystem Bochum,ABR997594847657,In Betrieb,Deutschland,Nordrhein-Westfalen,Bochum,Bochum,44805,Bochum,Josef-Baumann-Str.,1,7.268545,51.510152,100.000,100.000,2020-01-08,,2019-09-17,Lithium-Batterie,Batterie,Speicher,SSE925836197659,112.000
SEE976927444749,RRKW Feldheim,ABR996025035908,In Betrieb,Deutschland,Brandenburg,Potsdam-Mittelmark,Treuenbrietzen,14929,Treuenbrietzen,Hinter den Gärten,15 b,12.822563,52.009849,10000.000,10000.000,2020-01-08,,2016-07-26,Lithium-Batterie,Batterie,Speicher,SSE948227511988,10787.000
SEE983017672685,Energiespeichersystem,ABR930043911219,In Betrieb,Deutschland,Nordrhein-Westfalen,Märkischer Kreis,Plettenberg,58840,Plettenberg,Am Eisenwerk,18,7.837912,51.234310,200.000,200.000,2020-01-09,,2019-12-17,Lithium-Batterie,Batterie,Speicher,SSE961216172083,274.000
SEE905930139120,Big Battery Lausitz,ABR967895852209,In Betrieb,Deutschland,Brandenburg,Spree-Neiße,Spremberg,03130,Spremberg,An der alten Ziegelei,1,14.348723,51.531359,66000.000,66000.000,2020-12-03,,2020-11-19,Lithium-Batterie,Batterie,Speicher,SSE911582588209,52630.000
SEE944308320142,Batteriespeicher 1 - Rosmart,ABR945170628459,In Betrieb,Deutschland,Nordrhein-Westfalen,Märkischer Kreis,Altena,58762,Altena,,,7.693542,51.249741,563.000,563.000,2020-01-30,,2019-12-07,Lithium-Batterie,Batterie,Speicher,SSE973403190756,530.000
SEE912574976929,ABR979161926248,ABR979161926248,In Betrieb,Deutschland,Bayern,Neuburg-Schrobenhausen,Burgheim,86666,Burgheim,Bertoldsheimer Straße,82,11.010969,48.708391,137.800,137.800,2020-02-06,,2015-08-24,Lithium-Batterie,Batterie,Speicher,SSE920602480515,137.800
SEE963007921467,AllgäuSpeicher Bruck,ABR946734029859,In Betrieb,Deutschland,Bayern,Oberallgäu,Bad Hindelang,87541,Bad Hindelang,,,10.384893,47.485158,1500.000,1500.000,2020-03-05,,2017-12-21,Lithium-Batterie,Batterie,Speicher,SSE986092906652,1250.000
SEE900573133900,Batteriespeicher Nr.2 Bonsels ＆ Weitz,ABR955532695500,In Betrieb,Deutschland,Nordrhein-Westfalen,Heinsberg,Erkelenz,41812,Erkelenz,Aachener Straße,105,6.305497,51.073471,150.000,60.000,2020-03-04,,2020-01-30,Lithium-Batterie,Batterie,Speicher,SSE920493348864,71.800
SEE935637308284,Stromspeicher Flein,,Endgültig stillgelegt,Deutschland,Baden-Württemberg,Heilbronn,Flein,74223,Flein,Wilhelm-Busch-Weg,3,9.203849,49.102916,118.000,118.000,2020-03-10,,2014-10-06,Lithium-Batterie,Batterie,Speicher,SSE933598296589,35.000
SEE966488113178,Dach Betrieb,ABR949886715762,In Betrieb,Deutschland,Baden-Württemberg,Zollernalbkreis,Ratshausen,72365,Ratshausen,Bei der Mühle,4,8.791095,48.197087,119.140,97.000,2020-03-13,,2010-06-28,Lithium-Batterie,Batterie,Speicher,SSE986814723390,119.140
SEE999559646725,Speicher1,ABR952761733164,In Betrieb,Deutschland,Bayern,Neustadt a.d. Aisch-Bad Windsheim,Uehlfeld,91486,Uehlfeld,Veit-vom-Berg-Straße,24,10.721302,49.674143,150.000,150.000,2020-03-16,,2020-03-02,Lithium-Batterie,Batterie,Speicher,SSE935126826909,170.000
SEE901930759436,Speicher,ABR907080870953,In Betrieb,Deutschland,Baden-Württemberg,Rottweil,Deißlingen,78652,Deißlingen,Am Staatsbahnhof,4,8.588469,48.089157,100.000,48.000,2020-03-19,,2015-11-30,Lithium-Batterie,Batterie,Speicher,SSE989641576078,100.000
SEE905846839060,IT Campus Paderborn,ABR938063714391,In Betrieb,Deutschland,Nordrhein-Westfalen,Paderborn,Paderborn,33104,Paderborn,Lise-Meitner-Straße,,8.717828,51.727708,134.000,60.000,2020-03-20,,2020-03-11,Lithium-Batterie,Batterie,Speicher,SSE918061474510,134.000
SEE935506652999,Energiewende-Speicher,ABR999566358659,In Betrieb,Deutschland,Niedersachsen,Friesland,Varel,26316,Varel,Oldenburger Straße,69 B,8.125477,53.375414,11900.000,11900.000,2020-04-08,,2018-05-31,Hochtemperaturbatterie,Batterie,Speicher,SSE992131898185,26900.000
SEE993144412160,Hotel-Batterie,ABR997382982140,In Betrieb,Deutschland,Rheinland-Pfalz,Kaiserslautern,Trippstadt,67705,Trippstadt,Hauptstrasse,14,7.766123,49.352434,123.000,100.000,2020-05-04,,2020-03-19,Lithium-Batterie,Batterie,Speicher,SSE926970257803,13.500
SEE915122001654,Quartierspeicher,ABR960504436517,In Betrieb,Deutschland,Hessen,Darmstadt-Dieburg,Groß-Umstadt,64823,Groß-Umstadt,,,8.915242,49.879285,240.000,240.000,2021-03-22,,2020-08-17,Lithium-Batterie,Batterie,Speicher,SSE990537909030,274.000
SEE917849668271,Stromspeicher Das Bad Trier,ABR959182165192,In Betrieb,Deutschland,Rheinland-Pfalz,Trier,Trier,54290,Trier,Südallee,10,6.639879,49.748842,112.000,100.000,2020-05-12,,2020-04-24,Lithium-Batterie,Batterie,Speicher,SSE979415212004,111.400
SEE931375347240,SMAREG 1,ABR930916959300,In Betrieb,Deutschland,Thüringen,Gotha,Gotha,99867,Gotha,,,10.709715,50.928557,10000.000,10000.000,2020-05-19,,2020-02-06,Lithium-Batterie,Batterie,Speicher,SSE937314325966,10958.400
SEE986518671324,Stromspeicher Audi Zentrum Hanau,ABR932800291923,In Betrieb,Deutschland,Hessen,Main-Kinzig-Kreis,Hanau,63452,Hanau,Luise-Kiesselbach-Straße,17,8.927930,50.148912,100.000,100.000,2020-06-15,,2020-03-31,Lithium-Batterie,Batterie,Speicher,SSE966764685351,150.000
SEE925125723934,Speicher2020,ABR949341513971,In Betrieb,Deutschland,Thüringen,Unstrut-Hainich-Kreis,Bad Langensalza,99947,Bad Langensalza,Am Fliegerhorst,5,10.634844,51.123669,100.000,100.000,2020-05-28,,2020-03-29,Lithium-Batterie,Batterie,Speicher,SSE923092331671,459.000
SEE998405240834,Batteriespeicher 225 kw,ABR941388462373,In Betrieb,Deutschland,Nordrhein-Westfalen,Paderborn,Bad Wünnenberg,33181,Bad Wünnenberg,Graf-Zeppelin-Straße,47,8.715977,51.566101,120.000,120.000,2020-06-17,,2020-05-26,Lithium-Batterie,Batterie,Speicher,SSE900630193441,450.000
SEE950755718401,"Batteriespeicher Weinsberg, Wohnen der Zukunft",ABR965097103006,In Betrieb,Deutschland,Baden-Württemberg,Heilbronn,Weinsberg,74189,Weinsberg,Steinbruchweg,42,9.273819,49.148262,120.000,120.000,2020-06-29,,2014-02-27,Lithium-Batterie,Batterie,Speicher,SSE987434768242,150.000
SEE923755078042,Batteriespeicher,ABR996271176509,In Betrieb,Deutschland,Sachsen,Zwickau,Niederfrohna,09243,Niederfrohna,Limbacher Straße,23,12.747552,50.877361,160.000,160.000,2023-02-13,,2023-02-01,Lithium-Batterie,Batterie,Speicher,SSE964967188891,240.000
SEE940953059918,Batterie 500kWh,ABR958360262593,In Betrieb,Deutschland,Thüringen,Saale-Holzland-Kreis,Laasdorf,07646,Laasdorf,Oberanger,4,11.665109,50.875466,250.000,250.000,2020-07-02,,2020-06-30,Lithium-Batterie,Batterie,Speicher,SSE977354026133,497.000
SEE986418252418,Partition_1,ABR929322061196,In Betrieb,Deutschland,Sachsen,Leipzig,Leipzig,04349,Leipzig,BMW-Allee,1 ,12.448219,51.411189,3400.000,3400.000,2020-07-16,,2017-09-01,Lithium-Batterie,Batterie,Speicher,SSE946766033817,3850.000
SEE954351462355,Partition_2,ABR929322061196,In Betrieb,Deutschland,Sachsen,Leipzig,Leipzig,04349,Leipzig,BMW-Allee,1 ,12.448219,51.411189,3400.000,3400.000,2020-07-16,,2017-09-01,Lithium-Batterie,Batterie,Speicher,SSE980499833344,3850.000
SEE905647753862,Partition_3,ABR929322061196,In Betrieb,Deutschland,Sachsen,Leipzig,Leipzig,04349,Leipzig,BMW-Allee,1 ,12.448219,51.411189,3400.000,3400.000,2020-07-16,,2017-09-01,Lithium-Batterie,Batterie,Speicher,SSE953467938402,3850.000
SEE943565217936,Partition_4,ABR929322061196,In Betrieb,Deutschland,Sachsen,Leipzig,Leipzig,04349,Leipzig,BMW-Allee,1 ,12.448219,51.411189,3400.000,3400.000,2020-07-16,,2017-09-01,Lithium-Batterie,Batterie,Speicher,SSE960330025930,3850.000
SEE935438895587,H55 Batteriespeicher,,Endgültig stillgelegt,Deutschland,Baden-Württemberg,Ludwigsburg,Affalterbach,71563,Affalterbach,Daimlerstraße,10,9.328816,48.919227,132.200,132.200,2020-07-20,,2020-06-24,Lithium-Batterie,Batterie,Speicher,SSE948678721264,99.000
SEE994562077290,Batteriespeicher unter Entsorgungsebene,ABR972735422535,In Betrieb,Deutschland,Nordrhein-Westfalen,Paderborn,Paderborn,33102,Paderborn,An der Talle,21,8.750867,51.747740,145.000,100.000,2020-07-28,,2020-06-02,Lithium-Batterie,Batterie,Speicher,SSE987329744801,145.000
SEE937501180224,MEE-Projektgesellschaft 1 GmbH ＆ Co. KG Stromspeicher,ABR987308043314,Vorübergehend stillgelegt,Deutschland,Sachsen,Meißen,Priestewitz,01561,Priestewitz,,,13.469493,51.271325,3600.000,3600.000,2022-04-08,,2022-04-08,Lithium-Batterie,Batterie,Speicher,SSE998558633507,3680.000
SEE914355585900,B1 Batterien CR01,ABR989697632193,In Betrieb,Deutschland,Brandenburg,Uckermark,Schenkenberg,17291,Schenkenberg,,,13.971033,53.364466,3680.000,3680.000,2023-03-27,,2023-03-24,Lithium-Batterie,Batterie,Speicher,SSE931036097811,3680.000
SEE937763063969,Stromspeicher Herborner Pumpen,ABR954890664906,In Betrieb,Deutschland,Hessen,Lahn-Dill-Kreis,Herborn,35745,Herborn,Littau,3,8.309928,50.684267,120.000,120.000,2020-07-31,,2020-07-23,Lithium-Batterie,Batterie,Speicher,SSE961862541790,134.000
SEE996565236179,Netzdienlicher Photovoltaik-Batteriespeicher,ABR994157949681,In Betrieb,Deutschland,Baden-Württemberg,Esslingen,Notzingen,73274,Notzingen,Gutenbergstraße,8,9.450570,48.669220,300.000,300.000,2020-08-05,,2020-06-18,Lithium-Batterie,Batterie,Speicher,SSE988202976203,150.000
SEE924253067729,Hafenbatterie,ABR937194923115,Vorübergehend stillgelegt,Deutschland,Hamburg,Hamburg,Hamburg,20457,Hamburg,Buchheisterstraße,16,9.964187,53.527900,2000.000,2000.000,2020-08-05,,2016-09-22,Lithium-Batterie,Batterie,Speicher,SSE992622620769,2500.000
SEE980248054310,ABO Batterie Gumpen,ABR945638489011,In Betrieb,Deutschland,Hessen,Odenwaldkreis,Reichelsheim (Odenwald),64385,Reichelsheim,Hardtweg,9,8.807806,49.698735,1500.000,1500.000,2023-04-03,,2023-03-23,Lithium-Batterie,Batterie,Speicher,SSE977596048511,2233.000
SEE959442677670,ABO Batterie Lahr,ABR979726652810,In Betrieb,Deutschland,Rheinland-Pfalz,Rhein-Hunsrück-Kreis,Lahr,56288,Lahr,,,7.365295,50.117891,1500.000,1500.000,2023-02-13,,2023-02-07,Lithium-Batterie,Batterie,Speicher,SSE910045946181,2233.000
SEE904007985936,Batterie Wahlheim,ABR988631672752,In Betrieb,Deutschland,Rheinland-Pfalz,Alzey-Worms,Wahlheim,55234,Wahlheim,,,8.079451,49.722164,500.000,500.000,2022-06-10,,2022-06-09,Lithium-Batterie,Batterie,Speicher,SSE907596083106,712.000
SEE981067351215,Heizkraftwerk Leipzig Süd Schwarzstartbatterie 9C,ABR996401106758,In Betrieb,Deutschland,Sachsen,Leipzig,Leipzig,04279,Leipzig,Bornaische Straße,120,12.385090,51.297278,4000.000,3500.000,2023-01-03,,2022-12-21,Lithium-Batterie,Batterie,Speicher,SSE990032248139,6000.000
SEE928011761294,"Josef-Kühnl-Weg 1-5, Speicher",ABR930064253824,In Betrieb,Deutschland,Bayern,Neustadt a.d. Aisch-Bad Windsheim,Neustadt a.d. Aisch,91413,Neustadt,Josef-Kühnl-Weg,1,10.578519,49.578122,120.000,120.000,2020-08-11,,2020-05-07,Lithium-Batterie,Batterie,Speicher,SSE977233124172,192.000
SEE909817520346,Speicher Brandscheid,ABR938933890415,In Betrieb,Deutschland,Rheinland-Pfalz,Eifelkreis Bitburg-Prüm,Brandscheid,54608,Brandscheid,,,6.304024,50.209261,2700.000,2700.000,2023-03-09,,2023-02-28,Lithium-Batterie,Batterie,Speicher,SSE979214609920,2700.000
SEE967218019289,Batterie I,ABR918101244769,In Planung,Deutschland,Bayern,Ostallgäu,Buchloe,86807,Buchloe,Rudolf-Hörmann-Straße,1,10.711835,48.031101,150.000,88.000,2020-08-14,2020-08-31,,Lithium-Batterie,Batterie,Speicher,SSE901267872037,150.000
SEE991032933292,Batterie II,ABR918101244769,In Planung,Deutschland,Bayern,Ostallgäu,Buchloe,86807,Buchloe,Rudolf-Hörmann-Straße,1,10.711835,48.031101,150.000,88.000,2020-08-14,2020-08-31,,Lithium-Batterie,Batterie,Speicher,SSE990220512998,150.000
SEE942975463278,Batterie III,ABR918101244769,In Planung,Deutschland,Bayern,Ostallgäu,Buchloe,86807,Buchloe,Rudolf-Hörmann-Straße,1,10.711835,48.031101,150.000,88.000,2020-08-14,2020-08-31,,Lithium-Batterie,Batterie,Speicher,SSE964142197137,150.000
SEE910896505094,Batteriespeicher PV- Anlage Hasselwerder,ABR930026983264,In Planung,Deutschland,Hamburg,Hamburg,Hamburg,21129,Hamburg,Neuenfelder Fährdeich,88,9.787269,53.531392,1200.000,1200.000,2020-08-18,2023-01-31,,Lithium-Batterie,Batterie,Speicher,SSE900099086513,720.000
SEE922338990610,Batteriespeicher,ABR921226694227,In Betrieb,Deutschland,Baden-Württemberg,Schwarzwald-Baar-Kreis,Villingen-Schwenningen,78050,Villingen-Schwenningen,,,8.393804,48.014767,3000.000,3000.000,2022-06-02,,2022-05-25,Lithium-Batterie,Batterie,Speicher,SSE984730924358,3678.000
SEE954681050826,Batteriespeicher PV-Anlage Bitterfeld,ABR925031259695,In Planung,Deutschland,Sachsen-Anhalt,Anhalt-Bitterfeld,Bitterfeld-Wolfen,06749,Bitterfeld-Wolfen,Hinter dem Bahnhof,8,12.312905,51.622529,400.000,400.000,2020-08-17,2023-01-31,,Lithium-Batterie,Batterie,Speicher,SSE932622615501,240.000
SEE950941730194,Batteriespeicher PV - Anlage Reckertshausen Hassberge,ABR971927290969,In Betrieb,Deutschland,Bayern,Haßberge,Hofheim i. UFr.,97461,Hofheim,,,10.516986,50.156280,1450.000,1450.000,2022-02-01,,2022-01-31,Lithium-Batterie,Batterie,Speicher,SSE997469813442,1263.000
SEE954562561007,Batteriespeicher PV - Anlage Reckertshausen Hühnerellern,ABR971927290969,In Betrieb,Deutschland,Bayern,Haßberge,Hofheim i. UFr.,97461,Hofheim,,,10.508947,50.157465,2256.000,2256.000,2022-02-01,,2022-01-31,Lithium-Batterie,Batterie,Speicher,SSE952703006905,5760.000
SEE953918393026,Batteriespeicher PV - Anlage Aasen-Donaueschingen,ABR988218235882,In Betrieb,Deutschland,Baden-Württemberg,Schwarzwald-Baar-Kreis,Donaueschingen,78166,Donaueschingen,,,8.553939,47.999128,2460.000,2460.000,2023-07-11,,2023-03-29,Lithium-Batterie,Batterie,Speicher,SSE903857525484,6739.200
SEE988358912759,VSP 30 GmbH ＆ Co. KG - Inno-Speicher Calbe,ABR981540880188,In Betrieb,Deutschland,Sachsen-Anhalt,Salzlandkreis,Calbe (Saale),39240,Calbe,,,11.712408,51.915851,1500.000,1500.000,2023-10-24,,2023-10-13,Lithium-Batterie,Batterie,Speicher,SSE959794402241,2233.000
SEE990143001883,Speicher GS I 12740,ABR997700317975,In Betrieb,Deutschland,Sachsen,Mittelsachsen,Großschirma,09603,Großschirma,Am Steinberg,3 s,13.278084,50.978386,2475.000,1700.000,2022-07-12,,2022-06-23,Sonstige Batterie,Batterie,Speicher,SSE962090500283,3840.000
SEE920918238367,Speicher MBW IV 12810,ABR972190993700,In Betrieb,Deutschland,Brandenburg,Ostprignitz-Ruppin,Heiligengrabe,16909,Heiligengrabe,Liebenthaler Straße,,12.379472,53.165477,634.000,634.000,2023-01-16,,2023-01-16,Lithium-Batterie,Batterie,Speicher,SSE976312460422,1664.000
SEE944347555529,PV Walshausen,ABR989393706204,In Betrieb,Deutschland,Rheinland-Pfalz,Südwestpfalz,Walshausen,66484,Walshausen,,,7.454460,49.218971,2475.000,2475.000,2023-03-31,,2023-03-30,Lithium-Batterie,Batterie,Speicher,SSE958826408350,2160.000
SEE916582324970,Solarpark Seckach BESS,ABR982511102919,In Betrieb,Deutschland,Baden-Württemberg,Neckar-Odenwald-Kreis,Seckach,74743,Seckach,,,9.346731,49.419715,3700.000,3700.000,2023-04-03,,2023-03-22,Lithium-Batterie,Batterie,Speicher,SSE948389453164,3721.000
SEE907046716837,Speicher Burkau SD,ABR979027216230,In Betrieb,Deutschland,Sachsen,Bautzen,Burkau,01906,Burkau,Säuritzer Straße Ost,1,14.169971,51.181406,128.000,128.000,2020-08-24,,2020-05-19,Lithium-Batterie,Batterie,Speicher,SSE937065436874,171.000
SEE984446277410,Büttel Speicher,ABR920405658623,In Betrieb,Deutschland,Schleswig-Holstein,Steinburg,Büttel,25572,Büttel,,,9.217374,53.909541,12000.000,12000.000,2023-02-09,,2023-01-19,Lithium-Batterie,Batterie,Speicher,SSE920345289949,6500.000
SEE998969352356,WBS-Pinnow,ABR975233471975,In Betrieb,Deutschland,Mecklenburg-Vorpommern,Ludwigslust-Parchim,Pinnow,19065,Pinnow,,,11.536881,53.580704,6000.000,6000.000,2023-04-11,,2023-04-06,Lithium-Batterie,Batterie,Speicher,SSE925812168055,6000.000
SEE937857006797,WBS-Tarzow,ABR958219853187,In Betrieb,Deutschland,Mecklenburg-Vorpommern,Nordwestmecklenburg,Lübow,23972,Lübow,,,11.591472,53.817350,10000.000,10000.000,2023-04-11,,2023-04-06,Lithium-Batterie,Batterie,Speicher,SSE909091437262,10000.000
SEE900944307091,Balder B02 - Speicher,ABR952166828663,In Betrieb,Deutschland,Mecklenburg-Vorpommern,Mecklenburgische Seenplatte,Malchow,17213,Malchow,,,12.383626,53.496037,4000.000,4000.000,2023-04-03,,2023-03-31,Lithium-Batterie,Batterie,Speicher,SSE970175274639,4000.000
SEE957312641844,Schmölln II BESS,ABR988498759030,In Betrieb,Deutschland,Brandenburg,Uckermark,Randowtal,17291,Randowtal,,,14.076107,53.312810,2940.000,2940.000,2022-05-05,,2022-04-21,Lithium-Batterie,Batterie,Speicher,SSE990051469140,3005.000
SEE940622968053,Speichersystem Innovation US2,ABR992931025316,In Planung,Deutschland,Bayern,Coburg,Untersiemau,96253,Untersiemau,,,10.991451,50.191316,2900.000,2900.000,2020-08-28,2021-09-30,,Lithium-Batterie,Batterie,Speicher,SSE947605438961,1233.000
SEE923253387301,Speicher Photovoltaikanlage Henschleben I - 3.000 kWp,ABR913618009054,In Betrieb,Deutschland,Thüringen,Sömmerda,Straußfurt,99634,Henschleben,,,10.966254,51.133942,1000.000,1000.000,2022-07-04,,2022-03-10,Lithium-Batterie,Batterie,Speicher,SSE974599444920,1068.000
SEE986706970703,Hörabachspeicher,ABR925624091541,In Planung,Deutschland,Bayern,Straubing-Bogen,Bogen,94327,Bogen,,,12.768070,48.896810,260.000,250.000,2020-08-28,2022-10-28,,Lithium-Batterie,Batterie,Speicher,SSE959462078396,300.000
SEE994340102589,Speicher BAB60,ABR958691500777,In Planung,Deutschland,Rheinland-Pfalz,Eifelkreis Bitburg-Prüm,Wilsecker,54655,Wilsecker,,,6.605058,50.018145,3500.000,3500.000,2020-08-28,2023-03-31,,Lithium-Batterie,Batterie,Speicher,SSE912176149202,3500.000
SEE952317222654,Speicher Raderstetten,ABR977127224056,In Betrieb,Deutschland,Bayern,Aichach-Friedberg,Sielenbach,86577,Sielenbach,,,11.195795,48.389389,3444.000,3444.000,2022-04-21,,2022-04-14,Lithium-Batterie,Batterie,Speicher,SSE984294675598,3444.000
SEE915943244858,Speicher Taiting BA 1,ABR993403842417,In Betrieb,Deutschland,Bayern,Aichach-Friedberg,Dasing,86453,Dasing,,,11.048032,48.397787,3400.000,3400.000,2023-04-06,,2023-04-06,Lithium-Batterie,Batterie,Speicher,SSE948279739934,3459.600
SEE958252031641,Speicher Völkersleier,ABR987950086479,In Betrieb,Deutschland,Bayern,Bad Kissingen,Wartmannsroth,97797,Wartmannsroth,,,9.788662,50.186875,2800.000,2800.000,2022-08-08,,2022-08-04,Lithium-Batterie,Batterie,Speicher,SSE905200349242,3444.480
SEE980509026452,Speicher Granheim II BA 1,ABR925191815540,In Betrieb,Deutschland,Baden-Württemberg,Alb-Donau-Kreis,Ehingen (Donau),89584,Ehingen,,,9.582449,48.319174,3400.000,3400.000,2023-04-06,,2023-04-06,Lithium-Batterie,Batterie,Speicher,SSE964294989406,3896.200
SEE920612166553,Speicher Hiersdorf BA 1,ABR900044651520,In Betrieb,Deutschland,Bayern,Kelheim,Essing,93343,Essing,,,11.791647,48.949906,3459.600,3459.600,2023-04-06,,2023-04-06,Lithium-Batterie,Batterie,Speicher,SSE913496720850,3459.600
SEE930716288624,Speicher Aichkirchen BA 1,ABR966606989395,In Betrieb,Deutschland,Bayern,Regensburg,Hemau,93155,Hemau,,,11.745480,49.002060,3459.600,3459.600,2023-04-06,,2023-04-06,Lithium-Batterie,Batterie,Speicher,SSE994456791691,3459.600
SEE928876901736,Speicher Pfannenstiel,ABR952953591480,In Betrieb,Deutschland,Bayern,Aichach-Friedberg,Aichach,86551,Aichach,,,11.102456,48.474757,2800.000,2800.000,2022-08-24,,2022-08-12,Lithium-Batterie,Batterie,Speicher,SSE999081658364,3896.000
SEE966760545529,Speicher Finsterwalde III,ABR973463132475,In Betrieb,Deutschland,Brandenburg,Elbe-Elster,Finsterwalde,03238,Finsterwalde,,,13.713402,51.533527,3400.000,3400.000,2022-07-28,,2022-07-20,Lithium-Batterie,Batterie,Speicher,SSE948195893451,1700.000
SEE921528677294,Speicher Waidhaus,ABR943531574261,In Planung,Deutschland,Bayern,Neustadt a.d. Waldnaab,Waidhaus,92726,Waidhaus,,,12.469399,49.643667,3400.000,3400.000,2020-08-31,2023-04-11,,Lithium-Batterie,Batterie,Speicher,SSE973632642903,1400.000
SEE905115289190,Speicher Eichkreith BA 1,ABR945006970776,In Betrieb,Deutschland,Bayern,Regensburg,Kallmünz,93183,Kallmünz,,,11.929390,49.145930,3400.000,3400.000,2023-04-06,,2023-04-06,Lithium-Batterie,Batterie,Speicher,SSE940443298421,3459.600
SEE975454370545,Speicher Weikerstetten BA 1,ABR903717957325,In Betrieb,Deutschland,Baden-Württemberg,Main-Tauber-Kreis,Königheim,97953,Königheim,,,9.548150,49.606830,3400.000,3400.000,2023-04-06,,2023-04-06,Lithium-Batterie,Batterie,Speicher,SSE990615088756,3459.600
SEE965617763024,23117 SP Bogen Speicher,ABR950034796878,In Betrieb,Deutschland,Bayern,Straubing-Bogen,Bogen,94327,Bogen,,,12.701300,48.934590,1200.000,1200.000,2024-01-29,,2024-01-29,Lithium-Batterie,Batterie,Speicher,SSE977475370771,4064.000
SEE986716550445,20343 SP Wimmelburg_Speicher,ABR985028010029,In Planung,Deutschland,Sachsen-Anhalt,Mansfeld-Südharz,Hergisdorf,06313,Hergisdorf,,,11.500250,51.526904,1350.000,1350.000,2020-08-31,2021-09-30,,Lithium-Batterie,Batterie,Speicher,SSE999305810257,1350.000
SEE983085850367,20128 SP Hans-Seidel-Schacht Speicher,ABR912540905649,In Planung,Deutschland,Sachsen-Anhalt,Mansfeld-Südharz,Eisleben,06295,Lutherstadt Eisleben,,,11.523455,51.553344,3330.000,3330.000,2020-08-31,2021-11-30,,Lithium-Batterie,Batterie,Speicher,SSE961147991807,3330.000
SEE959073307205,Waidholzspeicher,ABR995123241624,In Planung,Deutschland,Bayern,Straubing-Bogen,Bogen,94327,Bogen,,,12.790320,48.903420,260.000,250.000,2020-08-31,2021-03-31,,Lithium-Batterie,Batterie,Speicher,SSE903050419276,300.000
SEE941708872783,GBS KW Weiher,ABR998735752212,In Betrieb,Deutschland,Saarland,Regionalverband Saarbrücken,Quierschied,66287,Quierschied,Holzer Straße,,7.031127,49.334731,15000.000,15000.000,2020-09-16,,2016-08-28,Lithium-Batterie,Batterie,Speicher,SSE920756375613,15000.000
SEE952911828450,Speicher 2020,ABR992805477951,In Betrieb,Deutschland,Nordrhein-Westfalen,Steinfurt,Tecklenburg,49545,Tecklenburg,Borchelts Weg,2,7.746744,52.226996,100.000,100.000,2020-09-14,,2020-08-21,Lithium-Batterie,Batterie,Speicher,SSE981236238903,150.000
SEE959926651769,Hh-Batteriespeicher_Werk_Ost_4200,ABR995767815588,In Betrieb,Deutschland,Hessen,Gießen,Heuchelheim a.d. Lahn,35452,Heuchelheim,Rodheimer Straße,59,8.633737,50.590034,4200.000,4200.000,2021-04-07,,2021-01-01,Lithium-Batterie,Batterie,Speicher,SSE958758381370,4200.000
SEE919443669678,GBS KW Fenne,ABR998735752212,In Betrieb,Deutschland,Saarland,Regionalverband Saarbrücken,Völklingen,66333,Völklingen,Saarbrücker Straße,135,6.878758,49.247195,15000.000,15000.000,2020-09-16,,2016-10-09,Lithium-Batterie,Batterie,Speicher,SSE944760568557,15000.000
SEE990521990150,GBS KW Bexbach,ABR998735752212,In Betrieb,Deutschland,Saarland,Saarpfalz-Kreis,Bexbach,66450,Bexbach,Grubenstraße,,7.239233,49.363960,15000.000,15000.000,2020-09-16,,2016-09-25,Lithium-Batterie,Batterie,Speicher,SSE932353107191,15000.000
SEE971138728251,GBS KW Herne,ABR998735752212,In Betrieb,Deutschland,Nordrhein-Westfalen,Herne,Herne,44653,Herne,Hertener Straße,16,7.189822,51.552413,15000.000,15000.000,2020-09-16,,2016-08-28,Lithium-Batterie,Batterie,Speicher,SSE956487017720,15000.000
SEE964940893804,GBS KW Walsum,ABR998735752212,In Betrieb,Deutschland,Nordrhein-Westfalen,Duisburg,Duisburg,47179,Duisburg,Dr.-Wilhelm-Roelen-Str.,129,6.711709,51.527123,15000.000,15000.000,2020-09-16,,2016-09-30,Lithium-Batterie,Batterie,Speicher,SSE958726175123,15000.000
SEE908096553144,GBS 2 KW Bexbach,ABR998735752212,In Betrieb,Deutschland,Saarland,Saarpfalz-Kreis,Bexbach,66450,Bexbach,Grubenstraße,,7.239967,49.363746,15000.000,15000.000,2020-09-16,,2016-08-08,Lithium-Batterie,Batterie,Speicher,SSE915355479251,15000.000
SEE963748193246,Batteriespeicher RBS,ABR948836388698,In Betrieb,Deutschland,Baden-Württemberg,Schwäbisch Hall,Schwäbisch Hall,74523,Schwäbisch Hall,Robert-Bosch-Straße,37,9.711028,49.100342,1000.000,1000.000,2020-09-25,,2018-04-24,Lithium-Batterie,Batterie,Speicher,SSE907476262812,1300.000
SEE961461396715,TKV Speicher,ABR971268198351,In Betrieb,Deutschland,Thüringen,Saale-Orla-Kreis,Pößneck,07381,Pößneck,Thiemsdorfer Straße,3,11.629799,50.699414,100.000,100.000,2020-09-29,,2020-09-22,Lithium-Batterie,Batterie,Speicher,SSE941934669485,100.000
SEE982401370787,Speicher 2020 Hof Berges GbR,ABR998521707525,In Betrieb,Deutschland,Nordrhein-Westfalen,Coesfeld,Lüdinghausen,59348,Lüdinghausen,Berenbrock,48,7.398124,51.799413,134.400,60.000,2020-10-13,,2020-08-27,Lithium-Batterie,Batterie,Speicher,SSE906933653446,67.200
SEE922427095127,Speicher 2020 Farwick GbR,ABR982198486609,In Betrieb,Deutschland,Nordrhein-Westfalen,Coesfeld,Lüdinghausen,59348,Lüdinghausen,Berenbrock,49,7.393729,51.802050,134.400,60.000,2020-10-13,,2020-08-27,Lithium-Batterie,Batterie,Speicher,SSE977148046491,67.200
SEE963224111412,Batteriespeicher Cremzow,ABR982988239613,In Betrieb,Deutschland,Brandenburg,Uckermark,Randowtal,17291,Randowtal,,,14.030829,53.348402,22000.000,2800.000,2020-10-15,,2018-05-14,Lithium-Batterie,Batterie,Speicher,SSE922403427690,34600.000
SEE965620861977,EES-Bahnhofstr. Eggolsheim-Neuses,ABR934027380091,In Betrieb,Deutschland,Bayern,Forchheim,Eggolsheim,91330,Eggolsheim,Bahnhofstraße,58,11.040092,49.773560,120.000,120.000,2020-10-22,,2019-12-04,Lithium-Batterie,Batterie,Speicher,SSE995945861697,162.000
SEE924380724335,BS Großenhain,ABR967954689265,In Betrieb,Deutschland,Sachsen,Meißen,Großenhain,01558,Großenhain,Hohe Straße,12,13.544000,51.299196,1500.000,1500.000,2020-10-29,,2020-01-29,Lithium-Batterie,Batterie,Speicher,SSE964673733422,1600.000
SEE936646634531,Illumini Batteriespeicher 112kWh,ABR913995817099,In Betrieb,Deutschland,Bayern,Augsburg,Augsburg,86153,Augsburg,Sebastianstraße,31c,10.893894,48.381392,224.000,224.000,2020-10-29,,2020-06-29,Lithium-Batterie,Batterie,Speicher,SSE961032298363,112.000
SEE940316838242,Batteriespeicher,ABR973937302977,In Betrieb,Deutschland,Bayern,Neustadt a.d. Waldnaab,Tännesberg,92723,Tännesberg,Tanzmühle,4,12.281245,49.552212,12500.000,12500.000,2020-11-25,,2019-03-20,Lithium-Batterie,Batterie,Speicher,SSE978006940074,10690.000
SEE948862230381,ISEA - M5BAT,ABR997085549428,In Betrieb,Deutschland,Nordrhein-Westfalen,Städteregion Aachen,Aachen,52068,Aachen,Hüttenstraße,9,6.129985,50.777096,5410.000,5410.000,2020-11-11,,2016-08-17,Lithium-Batterie,Batterie,Speicher,SSE953659885552,5298.000
SEE963879618991,Container,ABR993793296241,In Betrieb,Deutschland,Baden-Württemberg,Sigmaringen,Sigmaringendorf,72517,Sigmaringendorf,Staudenweg,13,9.269976,48.068649,250.000,250.000,2020-11-13,,2020-10-28,Lithium-Batterie,Batterie,Speicher,SSE942877396131,336.300
SEE934210223464,SIESTORAGE 1,ABR970606722807,In Betrieb,Deutschland,Hessen,Wiesbaden,Wiesbaden,55246,Mainz-Kostheim,Kommerzienrat-Disch-Brücke,1,8.317776,50.005625,900.000,900.000,2020-11-20,,2020-11-04,Lithium-Batterie,Batterie,Speicher,SSE984511160937,900.000
SEE935232708113,Stromspeicher,ABR919015008379,In Betrieb,Deutschland,Baden-Württemberg,Mannheim,Mannheim,68309,Mannheim,Thomas-Jefferson-Straße,51,8.528843,49.520495,300.000,300.000,2020-11-25,,2020-10-15,Lithium-Batterie,Batterie,Speicher,SSE942928692854,470.000
SEE901237359933,"K-Aachener300, Batterie USV 1 - RZ",ABR976601483941,In Betrieb,Deutschland,Nordrhein-Westfalen,Köln,Köln,50933,Köln,Aachener Str.,300,6.907383,50.937409,176.000,176.000,2020-12-01,,2015-06-01,Blei-Batterie,Batterie,Speicher,SSE997401041179,200.000
SEE922976585612,BATTERIE-105kWh,ABR900390415838,In Betrieb,Deutschland,Bayern,Schwabach,Schwabach,91126,Schwabach,Am Kiefernschlag,7,11.054959,49.318566,100.000,100.000,2021-03-30,,2021-03-26,Lithium-Batterie,Batterie,Speicher,SSE912509742933,105.600
SEE934638364947,Batteriespeicher Sengenthal,ABR945126522190,In Betrieb,Deutschland,Bayern,Neumarkt i.d. OPf.,Sengenthal,92369,Sengenthal,,,11.448824,49.222876,2520.000,2520.000,2021-01-18,,2021-01-18,Lithium-Batterie,Batterie,Speicher,SSE937121073524,2200.000
SEE920330977530,"K-Aachener300, Batterie USV 2 - RZ",ABR976601483941,In Betrieb,Deutschland,Nordrhein-Westfalen,Köln,Köln,50933,Köln,Aachener Str.,300,6.907383,50.937409,176.000,176.000,2020-12-01,,2015-06-01,Blei-Batterie,Batterie,Speicher,SSE932881798106,200.000
SEE947512727493,B-EZK,ABR909575889730,In Betrieb,Deutschland,Hessen,Kassel,Hofgeismar,34369,Hofgeismar,Kirschenplantage,1,9.356276,51.506927,150.000,150.000,2020-12-02,,2020-11-24,Lithium-Batterie,Batterie,Speicher,SSE901508251928,445.000
SEE960687200189,E-Speicher 1,ABR977696905356,In Betrieb,Deutschland,Nordrhein-Westfalen,Mettmann,Hilden,40724,Hilden,Nordpark,2-4,6.936556,51.191917,1000.000,1000.000,2020-12-07,,2020-12-03,Lithium-Batterie,Batterie,Speicher,SSE988141104002,1064.000
SEE994522715248,Lithium Ionen Batteriesatz St. Nikolaus Einruhr,ABR931714441011,In Betrieb,Deutschland,Nordrhein-Westfalen,Städteregion Aachen,Simmerath,52152,Simmerath,Am Obersee,,6.377704,50.582890,107.000,107.000,2020-12-11,,2020-02-01,Lithium-Batterie,Batterie,Speicher,SSE956425655946,561.000
SEE923433960119,Batteriespeicher Dresden - Reick,ABR916198639970,In Betrieb,Deutschland,Sachsen,Dresden,Dresden,01277,Dresden,Liebstädter Straße,1,13.785576,51.025495,2000.000,1950.000,2020-12-10,,2015-02-23,Lithium-Batterie,Batterie,Speicher,SSE933981614037,2700.000
SEE946228045150,Groß-Batteriespeicher Schwerin-Lankow,ABR935436496069,In Betrieb,Deutschland,Mecklenburg-Vorpommern,Schwerin,Schwerin,19057,Schwerin,Neumühler Weg,8,11.369569,53.646095,8000.000,7500.000,2020-12-11,,2014-09-16,Lithium-Batterie,Batterie,Speicher,SSE943122834842,6850.000
SEE952194023979,Speicher Schaper Steuerungstechnik,ABR939709630174,In Betrieb,Deutschland,Nordrhein-Westfalen,Herford,Herford,32052,Herford,Lilienthalstraße,16,8.680877,52.092094,150.000,150.000,2020-12-15,,2020-11-30,Lithium-Batterie,Batterie,Speicher,SSE939150751749,182.400
SEE904644672800,Batteriespeicher 2020,ABR975937560913,In Betrieb,Deutschland,Nordrhein-Westfalen,Paderborn,Bad Wünnenberg,33181,Bad Wünnenberg,Nordstraße,27,8.718274,51.573598,240.000,80.000,2020-12-16,,2020-12-01,Lithium-Batterie,Batterie,Speicher,SSE962197372691,450.000
SEE979816726537,AktivPlusHaus_Speicher,ABR911319919696,In Betrieb,Deutschland,Baden-Württemberg,Stuttgart,Stuttgart,70567,Stuttgart,Filderbahnstraße,59,9.145364,48.730044,180.000,180.000,2020-12-17,,2020-12-04,Lithium-Batterie,Batterie,Speicher,SSE908361201596,252.000
SEE972823480607,Hochwald Batterie Werk Hungen,,Endgültig stillgelegt,Deutschland,Hessen,Gießen,Hungen,35410,Hungen,Mohastraße,1,8.909324,50.472286,140.000,140.000,2020-12-17,,2020-01-01,Lithium-Batterie,Batterie,Speicher,SSE995866649527,144.000
SEE909145211435,E-Speicher 2,ABR977696905356,In Betrieb,Deutschland,Nordrhein-Westfalen,Mettmann,Hilden,40724,Hilden,Nordpark,2-4,6.936556,51.191917,1064.000,1064.000,2020-12-19,,2020-12-18,Lithium-Batterie,Batterie,Speicher,SSE980732102664,1064.000
SEE922369274529,Batteriespeicher Satteldorf,ABR938343704982,In Betrieb,Deutschland,Baden-Württemberg,Schwäbisch Hall,Satteldorf,74589,Satteldorf,Am Bahnhof,16,10.078923,49.179464,900.000,900.000,2020-12-22,,2018-07-15,Lithium-Batterie,Batterie,Speicher,SSE950449047695,1152.000
SEE944962592855,NB1301 Batterie USV 1,ABR976601483941,In Betrieb,Deutschland,Nordrhein-Westfalen,Düsseldorf,Düsseldorf,40477,Düsseldorf,Fischerstraße,20,6.774900,51.238642,150.000,150.000,2021-01-04,,2010-03-26,Blei-Batterie,Batterie,Speicher,SSE972274821677,150.000
SEE988118438437,"SP 99,64 kW",ABR964453655814,In Betrieb,Deutschland,Baden-Württemberg,Schwäbisch Hall,Schrozberg,74575,Schrozberg,Theodor-Heuss-Straße,5,9.960791,49.346957,200.000,200.000,2020-12-23,,2017-12-15,Lithium-Batterie,Batterie,Speicher,SSE991826848689,91.000
SEE999790559914,BESS Jardelund,ABR985310436612,In Betrieb,Deutschland,Schleswig-Holstein,Schleswig-Flensburg,Jardelund,24994,Jardelund,Grenzstraße,3 A,9.194541,54.850889,48000.000,48000.000,2021-01-18,,2018-04-01,Lithium-Batterie,Batterie,Speicher,SSE963357090257,48000.000
SEE965276283956,NU141EA00 Battieriespeicher,ABR926842967274,In Betrieb,Deutschland,Bayern,Nürnberg,Nürnberg,90441,Nürnberg,Zweibrückener Straße,13,11.051300,49.425800,300.000,300.000,2020-12-30,,2017-03-23,Lithium-Batterie,Batterie,Speicher,SSE964037356847,837.000
SEE981525807025,500 kW Speicher,ABR940422686447,In Planung,Deutschland,Hessen,Fulda,Künzell,36093,Künzell,In den Gründen,20,9.738776,50.523239,250.000,250.000,2021-01-03,2021-12-01,,Lithium-Batterie,Batterie,Speicher,SSE975317449319,500.000
SEE937752444373,NB1302 Batterie USV 2,ABR976601483941,In Betrieb,Deutschland,Nordrhein-Westfalen,Düsseldorf,Düsseldorf,40477,Düsseldorf,Fischerstraße,20,6.774900,51.238642,150.000,150.000,2021-01-04,,2012-08-17,Blei-Batterie,Batterie,Speicher,SSE933149326512,150.000
SEE982733805193,Batteriespeichercontainer,ABR935249148452,In Betrieb,Deutschland,Brandenburg,Prignitz,Pritzwalk,16928,Pritzwalk,Rolf-Hövelmann-Straße,10,12.220137,53.209020,500.000,500.000,2021-01-05,,2020-12-08,Lithium-Batterie,Batterie,Speicher,SSE908129536083,1327.000
SEE974689428038,GBD Batterien,ABR966817884847,In Betrieb,Deutschland,Thüringen,Gera,Gera,07548,Gera,Leibnizstraße,86,12.069422,50.894888,1400.000,1400.000,2021-01-08,,2016-06-02,Blei-Batterie,Batterie,Speicher,SSE997632347507,1000.000
SEE997470241692,Batterie Dörverden,ABR912255793326,In Betrieb,Deutschland,Niedersachsen,Verden,Dörverden,27313,Dörverden,Sympherallee,56,9.212374,52.852579,5000.000,5000.000,2021-01-13,,2016-01-01,Lithium-Batterie,Batterie,Speicher,SSE997745552423,3180.000
SEE912483963546,Batterie_AdsTec_StoraXe_SRS0112_2x,ABR921683299881,In Betrieb,Deutschland,Bayern,Freising,Neufahrn b. Freising,85376,Massenhausen,Günzenhauser Straße,9,11.606687,48.337400,280.000,280.000,2021-01-14,,2019-09-05,Lithium-Batterie,Batterie,Speicher,SSE934989203896,200.000
SEE910324388312,Batteriespeicher Chemnitz GmbH ＆ Co. KG,ABR992411297332,In Betrieb,Deutschland,Sachsen,Chemnitz,Chemnitz,09114,Chemnitz,Dammweg,15,12.917631,50.856837,15800.000,15800.000,2021-01-20,,2017-04-24,Lithium-Batterie,Batterie,Speicher,SSE985950438502,15900.000
SEE966248296196,SB_C72-BAT-DC1,ABR904908624019,In Betrieb,Deutschland,Hessen,Kassel,Niestetal,34266,Niestetal,Zum Solarwerk,3,9.571604,51.318754,105.000,105.000,2021-01-21,,2019-11-21,Lithium-Batterie,Batterie,Speicher,SSE983185435099,203.000
SEE939879484126,Speicher,ABR924953461964,In Betrieb,Deutschland,Sachsen-Anhalt,Wittenberg,Wittenberg,06888,Lutherstadt Wittenberg,Thedinghauser Straße,1,12.632874,51.836879,300.000,300.000,2021-01-18,,2020-10-30,Lithium-Batterie,Batterie,Speicher,SSE985116789370,307.200
SEE912132957018,PRL Trostberg,ABR921311094093,In Betrieb,Deutschland,Bayern,Traunstein,Trostberg,83308,Trostberg,Lüftenweg,6,12.556318,48.025875,1000.000,1000.000,2021-01-21,,2021-01-20,Lithium-Batterie,Batterie,Speicher,SSE927831564689,1340.000
SEE998402334093,Batterie HKW Bi Hybrid,ABR989927274988,In Betrieb,Deutschland,Nordrhein-Westfalen,Bielefeld,Bielefeld,33611,Bielefeld,Schildescher Straße,16,8.538534,52.033528,7500.000,7500.000,2021-04-15,,2020-07-07,Lithium-Batterie,Batterie,Speicher,SSE932650398230,7500.000
SEE963191771060,Stromspeicher Culemeyerstraße 1,ABR977127529939,In Betrieb,Deutschland,Berlin,Berlin,Berlin,12277,Berlin,Culemeyerstraße,1,13.390333,52.416902,120.000,120.000,2021-01-29,,2015-05-12,Blei-Batterie,Batterie,Speicher,SSE993800169063,105.000
SEE906903701511,Hybridspeicher Werk Süd,ABR999240312182,In Betrieb,Deutschland,Nordrhein-Westfalen,Hochsauerlandkreis,Brilon,59929,Brilon,Hegestraße,,8.646649,51.378454,1500.000,1500.000,2021-01-22,,2017-06-21,Sonstige Batterie,Batterie,Speicher,SSE975516918234,1500.000
SEE987933691362,PRL Batteriespeicher Wendelstein,,Endgültig stillgelegt,Deutschland,Bayern,Roth,Wendelstein,90530,Wendelstein,Johann-Höllfritsch-Straße,39,11.167100,49.354090,660.000,660.000,2021-01-25,,2018-04-04,Lithium-Batterie,Batterie,Speicher,SSE968037202050,1050.000
SEE947652720293,ESS_Tokai2_Elv,ABR982919682051,In Betrieb,Deutschland,Nordrhein-Westfalen,Märkischer Kreis,Werdohl,58791,Werdohl,Auf der Mark,1,7.704284,51.274860,2500.000,2500.000,2021-01-26,,2021-01-01,Lithium-Batterie,Batterie,Speicher,SSE971442184484,2400.000
SEE957999997296,Speicherbatterie,ABR943564721854,In Betrieb,Deutschland,Niedersachsen,Region Hannover,Hannover,30419,Hannover,Am Leineufer,51,9.633387,52.416815,1600.000,1600.000,2021-01-26,,2017-06-19,Lithium-Batterie,Batterie,Speicher,SSE922306439240,1530.000
SEE999310130203,SIESTORAGE 2,ABR970606722807,In Betrieb,Deutschland,Hessen,Wiesbaden,Wiesbaden,55246,Mainz-Kostheim,Kommerzienrat-Disch-Brücke,1,8.317776,50.005625,900.000,900.000,2021-01-27,,2020-11-04,Lithium-Batterie,Batterie,Speicher,SSE947568151570,900.000
SEE936879876104,Energiespeicher 2019,ABR902725883589,In Betrieb,Deutschland,Baden-Württemberg,Hohenlohekreis,Schöntal,74214,Schöntal,Gottlieb-Daimler-Straße,2,9.479205,49.373784,112.000,112.000,2021-01-28,,2019-02-22,Lithium-Batterie,Batterie,Speicher,SSE982484705551,50.000
SEE913265695471,Batteriespeicher,ABR951406593484,In Betrieb,Deutschland,Nordrhein-Westfalen,Borken,Gronau (Westf.),48599,Gronau,Jöbkesweg,11,7.055829,52.205643,1890.000,1890.000,2021-01-28,,2020-12-17,Lithium-Batterie,Batterie,Speicher,SSE942555288680,2740.000
SEE933095868289,Batteriespeicherkraftwerk,ABR911461408246,In Betrieb,Deutschland,Schleswig-Holstein,Rendsburg-Eckernförde,Bordesholm,24582,Bordesholm,Bahnhofstraße,13,10.048530,54.174171,15000.000,15000.000,2021-01-29,,2019-05-13,Lithium-Batterie,Batterie,Speicher,SSE926907749890,15000.000
SEE920487330516,Speicher6,ABR944270821517,In Betrieb,Deutschland,Sachsen,Meißen,Meißen,01662,Meißen,Albert-Mücke-Ring,14 Z PVA,13.512509,51.169039,150.000,150.000,2021-02-01,,2021-01-19,Lithium-Batterie,Batterie,Speicher,SSE987016947775,152.000
SEE954562989726,"Hochschule RheinMain, Rüsselsheim, Stromspeicher Clever",ABR939760642468,In Betrieb,Deutschland,Hessen,Groß-Gerau,Rüsselsheim am Main,65428,Rüsselsheim,Am Brückweg,26,8.423241,49.985719,704.000,704.000,2025-01-20,,2023-09-15,Lithium-Batterie,Batterie,Speicher,SSE962182662837,656.000
SEE904683648675,PV Speicher 2015 PBK Rinderzucht GmbH,ABR992763837668,In Betrieb,Deutschland,Brandenburg,Prignitz,Pritzwalk,16928,Pritzwalk,Wirtschaftsweg Schönhagen,1,12.133943,53.171449,360.000,237.500,2021-02-02,,2016-04-14,Blei-Batterie,Batterie,Speicher,SSE909186529544,360.000
SEE919167986334,Speicher Boumannstraße 1,ABR941038448429,In Betrieb,Deutschland,Nordrhein-Westfalen,Borken,Borken,46325,Borken,Boumannstraße,1,6.846563,51.850256,120.000,120.000,2021-02-11,,2021-01-27,Lithium-Batterie,Batterie,Speicher,SSE966382341974,384.000
SEE937127491407,BAT N Kassel500,ABR978697896049,In Betrieb,Deutschland,Hessen,Kassel,Baunatal,34225,Baunatal,Dr. Rudolf-Leiding-Platz,,9.440756,51.240076,660.000,660.000,2021-02-12,,2021-02-01,Lithium-Batterie,Batterie,Speicher,SSE998284407700,480.000
SEE965680332936,Stromspeicher Intilion,ABR917943021712,In Betrieb,Deutschland,Bayern,Coburg,Weidhausen b. Coburg,96279,Weidhausen,Mödlitzer Straße,56/58,11.155250,50.203717,120.000,120.000,2021-02-16,,2021-01-07,Lithium-Batterie,Batterie,Speicher,SSE943335333118,137.000
SEE957063025665,Leinau Batteriespeicher,ABR916185866136,In Betrieb,Deutschland,Bayern,Ostallgäu,Pforzen,87666,Pforzen,Am Kraftwerk,1,10.611841,47.912668,7300.000,7300.000,2021-02-16,,2021-02-09,Lithium-Batterie,Batterie,Speicher,SSE998856944077,3594.000
SEE973664810981,Stromspeicher Intilion,ABR969141925040,In Betrieb,Deutschland,Bayern,Weißenburg-Gunzenhausen,Gunzenhausen,91710,Gunzenhausen,Industriestraße,18,10.774099,49.123886,120.000,120.000,2021-02-16,,2020-12-17,Lithium-Batterie,Batterie,Speicher,SSE945318167918,137.000
SEE930732971197,Speicher Test,ABR966412572330,In Planung,Deutschland,Bayern,Nürnberg,Nürnberg,90429,Nürnberg,Fürther Straße,252,11.027713,49.460469,2500.000,2500.000,2021-03-04,2022-07-01,,Lithium-Batterie,Batterie,Speicher,SSE969665939882,5000.000
SEE989631159991,PB1 Petersruh Batterie 1,ABR997328873921,In Planung,Deutschland,Brandenburg,Uckermark,Brüssow,17326,Brüssow,,,14.130407,53.407267,500.000,500.000,2021-03-11,2022-03-31,,Lithium-Batterie,Batterie,Speicher,SSE955750123274,1000.000
SEE927405316089,WBS500_Geothermie,ABR915969729179,In Betrieb,Deutschland,Mecklenburg-Vorpommern,Ludwigslust-Parchim,Neustadt-Glewe,19306,Neustadt-Glewe,Laascher Str.,30,11.592737,53.372377,500.000,500.000,2021-03-16,,2018-09-18,Lithium-Batterie,Batterie,Speicher,SSE917093939912,926.000
SEE948856159582,Solarpark Lärz-Rechlin (Speicher),ABR936072176544,In Betrieb,Deutschland,Mecklenburg-Vorpommern,Mecklenburgische Seenplatte,Rechlin,17248,Rechlin,,,12.770728,53.308306,6860.000,6860.000,2023-10-30,,2023-10-25,Lithium-Batterie,Batterie,Speicher,SSE954237231822,7454.000
SEE929646974516,"Theilheim, Speicher 1",ABR992178161082,In Betrieb,Deutschland,Bayern,Würzburg,Theilheim,97288,Theilheim,,,10.057536,49.763056,1475.000,1475.000,2023-09-25,,2023-09-20,Lithium-Batterie,Batterie,Speicher,SSE965929128412,5504.000
SEE959638838588,Batteriespeicher,ABR913995817099,In Betrieb,Deutschland,Bayern,Augsburg,Augsburg,86153,Augsburg,Sebastianstraße,31,10.893675,48.381381,5800.000,5800.000,2021-03-22,,2021-02-24,Lithium-Batterie,Batterie,Speicher,SSE929237426363,2650.000
SEE948862206942,Batteriespeicher Ammerland,ABR996129212458,In Betrieb,Deutschland,Niedersachsen,Ammerland,Wiefelstede,26215,Wiefelstede,,,8.155154,53.180563,3200.000,3200.000,2023-09-28,,2023-09-20,Lithium-Batterie,Batterie,Speicher,SSE995162725024,7400.000
SEE928983550520,20363 SP Kreuzbergfeld Speicher 1,ABR917811080766,In Planung,Deutschland,Bayern,Fürstenfeldbruck,Grafrath,82288,Kottgeisering,,,11.114180,48.118046,595.000,595.000,2021-03-31,2021-12-31,,Lithium-Batterie,Batterie,Speicher,SSE966168148438,1190.000
SEE971850267908,Speicher Letschin 04/21,ABR958663820780,In Betrieb,Deutschland,Brandenburg,Märkisch-Oderland,Gusow-Platkow,15324,Letschin,,,14.325782,52.644269,4550.000,4550.000,2023-11-03,,2023-11-03,Lithium-Batterie,Batterie,Speicher,SSE941069749786,9100.000
SEE943803920109,Speicher Göhlsdorf 04/21,ABR987233398169,In Betrieb,Deutschland,Brandenburg,Potsdam-Mittelmark,Kloster Lehnin,14797,Kloster Lehnin,,,12.813759,52.351617,4900.000,4900.000,2023-11-03,,2023-11-03,Sonstige Batterie,Batterie,Speicher,SSE997649194842,9800.000
SEE910282718817,Speicher Gammertingen 04/21,ABR924305059061,In Betrieb,Deutschland,Baden-Württemberg,Reutlingen,Trochtelfingen,72501,Gammertingen,,,9.334422,48.249159,5250.000,5250.000,2024-02-22,,2024-02-20,Sonstige Batterie,Batterie,Speicher,SSE983822324496,10500.000
SEE927296337002,Speicher Freifeldanlage Meeder 500,ABR938787701479,In Betrieb,Deutschland,Bayern,Coburg,Meeder,96484,Meeder,,,10.961175,50.310159,600.000,600.000,2024-02-22,,2024-02-22,Lithium-Batterie,Batterie,Speicher,SSE989167374882,1296.000
SEE948786499895,Speicher Schnaittenbach II,ABR966724179302,In Betrieb,Deutschland,Bayern,Amberg-Sulzbach,Schnaittenbach,92253,Schnaittenbach,Rohrweiherweg,bei 13,12.023166,49.544000,2400.000,2400.000,2023-01-23,,2023-01-17,Lithium-Batterie,Batterie,Speicher,SSE970372973038,2808.000
SEE924133163466,Speicher H,ABR949763732981,In Planung,Deutschland,Sachsen-Anhalt,Salzlandkreis,Seeland,06467,Hoym,Ascherslebener Straße (Hoym),,11.324124,51.784512,500.000,500.000,2021-03-24,2021-12-31,,Sonstige Batterie,Batterie,Speicher,SSE993689981251,1000.000
SEE991022436932,PV Speicher,ABR993102390042,In Planung,Deutschland,Bayern,Deggendorf,Otzing,94563,Otzing,,,12.781456,48.752604,2507.900,2507.900,2021-03-24,2027-03-01,,Lithium-Batterie,Batterie,Speicher,SSE984660965889,10031.800
SEE981005143933,Magic Box,ABR992902519691,In Planung,Deutschland,Niedersachsen,Verden,Verden (Aller),27283,Verden,Heinrich-Schröder-Weg,5-7,9.273887,52.934150,250.000,250.000,2021-03-24,2023-03-30,,Lithium-Batterie,Batterie,Speicher,SSE931595564267,500.000
SEE992201162581,Speicher Emba Protec,ABR940751102243,In Betrieb,Deutschland,Nordrhein-Westfalen,Minden-Lübbecke,Bad Oeynhausen,32549,Bad Oeynhausen,Alter Postweg,68,8.813510,52.229704,150.000,150.000,2021-03-24,,2021-02-02,Lithium-Batterie,Batterie,Speicher,SSE954022781327,152.000
SEE932909146049,Batteriespeicheranlage Bendenweg,,Endgültig stillgelegt,Deutschland,Nordrhein-Westfalen,Euskirchen,Bad Münstereifel,53902,Bad Münstereifel,Peter-Greven-Straße,20,6.768360,50.577300,280.000,280.000,2021-03-25,,2020-12-22,Lithium-Batterie,Batterie,Speicher,SSE934670664494,382.500
SEE938734688372,Speicher Krücklham,ABR920292190237,In Planung,Deutschland,Bayern,Mühldorf a. Inn,Gars a. Inn,83559,Mittergars,,,12.339430,48.155590,2000.000,2000.000,2021-03-29,2022-01-31,,Lithium-Batterie,Batterie,Speicher,SSE939289139234,4000.000
SEE906551585525,Speicher PVA_G9,ABR957841327066,In Betrieb,Deutschland,Mecklenburg-Vorpommern,Vorpommern-Rügen,Stralsund,18439,Stralsund,Voigdehäger Weg,,13.089700,54.277900,3800.000,3800.000,2023-02-17,,2023-01-26,Lithium-Batterie,Batterie,Speicher,SSE911985020436,9000.000
SEE914258510597,Parabel 102 Speicher,ABR944552268825,In Planung,Deutschland,Brandenburg,Ostprignitz-Ruppin,Herzberg (Mark),16835,Herzberg,Im Gewerbepark,1,12.974310,52.905852,300.000,300.000,2021-03-29,2021-10-01,,Lithium-Batterie,Batterie,Speicher,SSE961321959029,600.000
SEE944822244566,Batteriespeicher,ABR948346900267,In Betrieb,Deutschland,Bayern,Regensburg,Beratzhausen,93176,Beratzhausen,,,11.785623,49.135103,5300.000,5300.000,2023-10-30,,2023-10-30,Lithium-Batterie,Batterie,Speicher,SSE925529894964,15667.000
SEE971990158586,Speicher PV1,ABR908690835417,In Betrieb,Deutschland,Baden-Württemberg,Bodenseekreis,Frickingen,88633,Heiligenberg,,,9.322083,47.862322,4100.000,4100.000,2023-09-22,,2023-06-29,Lithium-Batterie,Batterie,Speicher,SSE954119788314,8200.000
SEE970162171323,ABO Wind Batterie Leutershausen,ABR903690099142,In Betrieb,Deutschland,Bayern,Rhön-Grabfeld,Hohenroth,97618,Hohenroth,,,10.158706,50.333655,2901.000,2901.000,2023-06-01,,2023-05-17,Lithium-Batterie,Batterie,Speicher,SSE971213414062,5803.000
SEE954279688950,Speicher Eschenlohe III,ABR945344033720,In Betrieb,Deutschland,Bayern,Garmisch-Partenkirchen,Eschenlohe,82438,Eschenlohe,,,11.174016,47.602310,300.000,300.000,2023-05-04,,2023-04-20,Lithium-Batterie,Batterie,Speicher,SSE969947706751,534.000
SEE977231455070,Batteriespeicher Inden,ABR935588799933,In Betrieb,Deutschland,Nordrhein-Westfalen,Düren,Inden,52459,Inden,,,6.366094,50.877468,4800.000,4800.000,2023-01-10,,2022-12-19,Lithium-Batterie,Batterie,Speicher,SSE945133606258,9600.000
SEE948363778672,23159 SP Ganacker 2.BA Speicher,ABR946314242265,In Betrieb,Deutschland,Bayern,Dingolfing-Landau,Pilsting,94431,Pilsting,,,12.694550,48.705440,600.000,600.000,2023-11-07,,2023-11-06,Lithium-Batterie,Batterie,Speicher,SSE959425485926,2032.000
SEE972112933029,20363 SP Kreuzbergfeld Speicher 2,ABR917811080766,In Planung,Deutschland,Bayern,Fürstenfeldbruck,Grafrath,82288,Kottgeisering,,,11.115171,48.119127,595.000,595.000,2021-03-31,2021-12-31,,Lithium-Batterie,Batterie,Speicher,SSE939611321238,1190.000
SEE988222104112,Speicher Forsthof,ABR990561781930,In Betrieb,Deutschland,Bayern,Neustadt a.d. Waldnaab,Luhe-Wildenau,92706,Luhe-Wildenau,,,12.107263,49.592577,7000.000,7000.000,2023-11-06,,2023-11-01,Lithium-Batterie,Batterie,Speicher,SSE904765305502,16588.800
SEE931076843966,Speicher Ottmarsfeld Nord,ABR980107077351,In Betrieb,Deutschland,Bayern,Weißenburg-Gunzenhausen,Höttingen,91798,Höttingen,,,10.987926,49.087623,5600.000,5600.000,2023-11-06,,2023-11-01,Lithium-Batterie,Batterie,Speicher,SSE901133020630,12441.600
SEE983724235456,Speicher Buch,ABR916152227588,In Betrieb,Deutschland,Bayern,Haßberge,Untermerzbach,96190,Untermerzbach,,,10.800660,50.123298,7000.000,7000.000,2023-09-04,,2023-09-01,Lithium-Batterie,Batterie,Speicher,SSE983216502417,13777.152
SEE934542973051,Speicher Übermatzhofen II BA 1,ABR954696541371,In Betrieb,Deutschland,Bayern,Weißenburg-Gunzenhausen,Pappenheim,91788,Pappenheim,,,10.960090,48.907150,3400.000,3400.000,2023-11-06,,2023-11-01,Lithium-Batterie,Batterie,Speicher,SSE915100761723,8294.400
SEE965678715901,Sp TeRa Sandel1,ABR934312074421,In Betrieb,Deutschland,Baden-Württemberg,Biberach,Eberhardzell,88436,Eberhardzell,Sandelholzstraße,1,9.771541,47.988291,100.000,50.000,2021-04-12,,2021-02-01,Lithium-Batterie,Batterie,Speicher,SSE938104561632,225.000
SEE974949152857,Batteriespeicher,ABR923450846267,In Betrieb,Deutschland,Rheinland-Pfalz,Ludwigshafen am Rhein,Ludwigshafen am Rhein,67063,Ludwigshafen,Industriestraße,3,8.425319,49.485519,9000.000,9000.000,2021-04-13,,2018-09-19,Lithium-Batterie,Batterie,Speicher,SSE919294581464,6500.000
SEE925073677433,Trade.EV -ZSP WE 415233,ABR940789495836,In Planung,Deutschland,Rheinland-Pfalz,Westerwaldkreis,Hachenburg,57627,Hachenburg,Auf den Trieschern,2,7.794980,50.655036,100.000,100.000,2021-04-23,2021-06-01,,Lithium-Batterie,Batterie,Speicher,SSE997140352727,120.000
SEE982909884199,Trade.EV -ZSP WE 413238,ABR940789495836,In Planung,Deutschland,Nordrhein-Westfalen,Städteregion Aachen,Aachen,52068,Aachen,Talbotstraße,7,6.113868,50.786003,100.000,100.000,2021-04-23,2021-06-01,,Lithium-Batterie,Batterie,Speicher,SSE993768458100,120.000
SEE912234726536,Batterie Markt Schwaben,,Endgültig stillgelegt,Deutschland,Bayern,Ebersberg,Markt Schwaben,85570,Markt Schwaben,Poinger Straße,14 ,11.849970,48.186864,900.000,900.000,2021-04-27,,2019-12-06,Lithium-Batterie,Batterie,Speicher,SSE930152367600,959.000
SEE996948811863,SUMA Speicher,ABR960524288325,In Betrieb,Deutschland,Bayern,Oberallgäu,Sulzberg,87477,Sulzberg,Martinszeller Straße,21,10.342859,47.657321,120.000,120.000,2021-04-27,,2021-04-26,Lithium-Batterie,Batterie,Speicher,SSE974164217898,268.000
SEE961083745526,SWM HKW Freimann BSP1,ABR948070381080,In Betrieb,Deutschland,Bayern,München,München,80807,München,Frankfurter Ring,181,11.596000,48.189000,2250.000,2250.000,2021-04-29,,2020-12-23,Lithium-Batterie,Batterie,Speicher,SSE925930084442,2345.000
SEE924821338909,SWM HKW Freimann BSP2,ABR948070381080,In Betrieb,Deutschland,Bayern,München,München,80807,München,Frankfurter Ring,181,11.596000,48.189000,2250.000,2250.000,2021-04-29,,2020-12-23,Lithium-Batterie,Batterie,Speicher,SSE996712873981,2345.000
SEE903095708120,SWM HKW Freimann BSP3,ABR948070381080,In Betrieb,Deutschland,Bayern,München,München,80807,München,Frankfurter Ring,181,11.596000,48.189000,2250.000,2250.000,2021-04-29,,2020-12-23,Lithium-Batterie,Batterie,Speicher,SSE974598503741,2345.000
SEE981161419538,SWM HKW Freimann BSP4,ABR948070381080,In Betrieb,Deutschland,Bayern,München,München,80807,München,Frankfurter Ring,181,11.596000,48.189000,2250.000,2250.000,2021-04-29,,2020-12-23,Lithium-Batterie,Batterie,Speicher,SSE969717173707,2345.000
SEE965330517218,Trade.EV ZSP Düren WE 221379,ABR940789495836,In Planung,Deutschland,Nordrhein-Westfalen,Düren,Düren,52349,Düren,Malteserstraße,49,6.470743,50.810844,100.000,100.000,2021-05-20,2021-06-01,,Lithium-Batterie,Batterie,Speicher,SSE971580408374,100.000
SEE901216778038,Speicher Villa Liva,ABR969877123543,In Betrieb,Deutschland,Baden-Württemberg,Karlsruhe,Ettlingen,76275,Ettlingen,Am Dorfbach,4,8.423095,48.894517,180.000,180.000,2021-05-12,,2021-05-12,Lithium-Batterie,Batterie,Speicher,SSE975853064236,219.000
SEE911681298122,Trade.EV -ZSP Leonberg WE 415016,ABR940789495836,In Planung,Deutschland,Baden-Württemberg,Böblingen,Leonberg,71229,Leonberg,Am Längenbühl,12,8.979592,48.790609,100.000,100.000,2021-05-20,2021-06-01,,Lithium-Batterie,Batterie,Speicher,SSE927506278675,100.000
SEE996379063190,IN_S21_BSP1,ABR948343575833,In Betrieb,Deutschland,Bayern,Ingolstadt,Ingolstadt,85057,Ingolstadt,Auto-Union-Straße,1,11.423112,48.781043,200.000,200.000,2021-05-28,,2019-11-18,Lithium-Batterie,Batterie,Speicher,SSE926854845782,360.000
SEE904769505083,Groß-Batteriespeicher Schwerin-Lankow Erweiterung,ABR935436496069,In Betrieb,Deutschland,Mecklenburg-Vorpommern,Schwerin,Schwerin,19053,Schwerin,Neumühler Weg,8,11.369562,53.646234,8000.000,7500.000,2021-06-09,,2017-07-14,Lithium-Batterie,Batterie,Speicher,SSE922195305060,13150.000
SEE971441337362,Galicium_#nh10_BAT,ABR934234781841,In Betrieb,Deutschland,Baden-Württemberg,Ludwigsburg,Pleidelsheim,74385,Pleidelsheim,Stuifenstraße,59,9.201212,48.950785,100.000,100.000,2021-06-15,,2021-06-10,Lithium-Batterie,Batterie,Speicher,SSE956905772903,246.600
SEE944852142603,MÜNCHEN_ATC4_BSP1,ABR948343575833,In Betrieb,Deutschland,Bayern,Freising,Hallbergmoos,85356,München-Flughafen,Wartungsallee,,11.757406,48.349573,288.000,288.000,2021-06-17,,2019-10-23,Lithium-Batterie,Batterie,Speicher,SSE990465642009,360.000
SEE941498187883,München_ATC4_BSP2,ABR948343575833,In Betrieb,Deutschland,Bayern,Freising,Hallbergmoos,85356,München-Flughafen,Wartungsallee,,11.757490,48.349520,288.000,288.000,2021-06-17,,2019-10-23,Lithium-Batterie,Batterie,Speicher,SSE909214732762,360.000
SEE947476028865,Seven Stones Energy,ABR997096269421,In Betrieb,Deutschland,Nordrhein-Westfalen,Bochum,Bochum,44799,Bochum,Universitätsstr.,110 a-e,7.233515,51.461061,120.000,120.000,2021-06-17,,2020-11-06,Lithium-Batterie,Batterie,Speicher,SSE919643864972,300.000
SEE972363821977,Beneckeallee 30,ABR916941120861,In Betrieb,Deutschland,Niedersachsen,Region Hannover,Hannover,30419,Hannover,Beneckeallee,30,9.710000,52.420000,176.000,176.000,2021-06-18,,2021-09-16,Lithium-Batterie,Batterie,Speicher,SSE924430758532,133.600
SEE914280158347,Batteriespeicher T,ABR972631532925,In Betrieb,Deutschland,Niedersachsen,Emden,Emden,26723,Emden,Constantiaplatz,4,7.181415,53.368157,290.000,100.000,2021-06-24,,2021-03-15,Lithium-Batterie,Batterie,Speicher,SSE941984201444,108.200
SEE995573493987,Speichereinheit Batterie,ABR921083865112,In Betrieb,Deutschland,Nordrhein-Westfalen,Borken,Borken,46325,Borken,Zur Heide,9,6.891389,51.854833,120.000,120.000,2021-09-06,,2019-01-14,Lithium-Batterie,Batterie,Speicher,SSE951126236852,134.400
SEE962695248160,Speicher 2021,ABR976294779543,In Betrieb,Deutschland,Sachsen-Anhalt,Wittenberg,Kemberg,06901,Kemberg,An der B 2,4,12.663722,51.781227,120.000,120.000,2021-07-09,,2021-01-28,Lithium-Batterie,Batterie,Speicher,SSE949024779588,134.400
SEE930312080578,Speicher Lübars,ABR905556180636,In Betrieb,Deutschland,Sachsen-Anhalt,Jerichower Land,Möckern,39291,Lübars,,,12.152501,52.186180,4200.000,4200.000,2024-02-15,,2024-02-12,Sonstige Batterie,Batterie,Speicher,SSE956115906051,8400.000
SEE945342909836,Rote Jahne - Speicher 2 MW,ABR926577335447,In Betrieb,Deutschland,Sachsen,Nordsachsen,Doberschütz,04838,Doberschütz,,,12.673249,51.505488,2000.000,2000.000,2024-02-13,,2024-02-02,Lithium-Batterie,Batterie,Speicher,SSE957268026795,4554.000
SEE978524946848,PV Speicher Lehe,ABR900433633809,In Betrieb,Deutschland,Schleswig-Holstein,Dithmarschen,Lehe,25774,Lehe,,,9.033623,54.341008,1165.000,1165.000,2023-07-10,,2023-06-27,Lithium-Batterie,Batterie,Speicher,SSE900409568111,3110.400
SEE994054736162,Eigennutzung/Speicher,ABR939534480593,In Betrieb,Deutschland,Nordrhein-Westfalen,Borken,Vreden,48691,Vreden,Lise-Meitner-Straße,36,6.777686,52.022478,120.000,120.000,2021-07-22,,2020-07-31,Lithium-Batterie,Batterie,Speicher,SSE959157359373,152.000
SEE954745323422,Solarpark Bruchsal-Untergrombach Speicher,ABR938933890415,In Betrieb,Deutschland,Baden-Württemberg,Karlsruhe,Bretten,76646,Bruchsal,,,8.538888,49.098389,1500.000,1500.000,2024-02-28,,2024-03-04,Lithium-Batterie,Batterie,Speicher,SSE939564866411,3512.000
SEE918838291586,Speicher Anham,ABR961728368516,In Betrieb,Deutschland,Bayern,Passau,Beutelsbach,94501,Beutelsbach,,,13.114717,48.575918,552.000,552.000,2022-04-13,,2022-05-05,Lithium-Batterie,Batterie,Speicher,SSE978434726769,984.000
SEE979298824578,ABO Wind Batterie Euskirchen,ABR926438919984,In Betrieb,Deutschland,Nordrhein-Westfalen,Euskirchen,Euskirchen,53881,Euskirchen,,,6.815017,50.697213,3509.000,3509.000,2024-08-15,,2024-08-09,Lithium-Batterie,Batterie,Speicher,SSE911914299285,7018.000
SEE954677148513,ABO Wind Batterie Weichenried,ABR904031907010,In Betrieb,Deutschland,Bayern,Pfaffenhofen a.d. Ilm,Hohenwart,86558,Hohenwart,,,11.441305,48.600449,1928.000,1928.000,2024-01-05,,2023-12-13,Lithium-Batterie,Batterie,Speicher,SSE911236983657,3856.000
SEE995933662862,Speicher Handenberg-West,ABR966124521596,In Betrieb,Deutschland,Saarland,St. Wendel,Nonnweiler,66620,Nonnweiler,,,6.961000,49.537744,1280.000,1280.000,2022-12-09,,2022-12-09,Lithium-Batterie,Batterie,Speicher,SSE903312292722,2857.000
SEE944315855194,Speicher 7,ABR944270821517,In Betrieb,Deutschland,Sachsen,Meißen,Meißen,01662,Meißen,Albert-Mücke-Ring,16 Z PVA,13.511660,51.168847,150.000,150.000,2021-07-28,,2021-07-02,Lithium-Batterie,Batterie,Speicher,SSE982218697770,152.000
SEE912014586152,20363 SP Kreuzbergfeld Speicher,ABR917811080766,In Betrieb,Deutschland,Bayern,Fürstenfeldbruck,Kottgeisering,82288,Kottgeisering,,,11.114180,48.118046,1200.000,1200.000,2023-02-14,,2023-02-09,Lithium-Batterie,Batterie,Speicher,SSE942941026773,4128.000
SEE981601805600,Balder A09 - BSK,ABR920404228902,In Planung,Deutschland,Mecklenburg-Vorpommern,Mecklenburgische Seenplatte,Tützpatz,17091,Tützpatz,,,13.116539,53.691868,3400.000,3400.000,2021-07-30,2023-01-02,,Lithium-Batterie,Batterie,Speicher,SSE934810291207,6800.000
SEE911454349471,Batteriespeicher Garzweiler,ABR935588799933,In Betrieb,Deutschland,Nordrhein-Westfalen,Rhein-Kreis Neuss,Grevenbroich,50181,Bedburg,,,6.528732,51.051928,6500.000,6500.000,2023-07-28,,2023-06-13,Lithium-Batterie,Batterie,Speicher,SSE984281257615,13000.000
SEE934842271741,Batteriespeicher Jackerath,ABR935588799933,In Betrieb,Deutschland,Nordrhein-Westfalen,Rhein-Kreis Neuss,Grevenbroich,50181,Bedburg,,,6.486714,51.038155,4050.000,4050.000,2023-10-16,,2023-09-01,Lithium-Batterie,Batterie,Speicher,SSE928726456218,8100.000
SEE949461406443,Ginnheimer Landstraße 2 x 67kWh,ABR907765099242,In Betrieb,Deutschland,Hessen,Frankfurt am Main,Frankfurt am Main,60487,Frankfurt,Ginnheimer Landstraße,39 b,8.644268,50.131640,150.000,150.000,2021-08-05,,2020-12-16,Lithium-Batterie,Batterie,Speicher,SSE958318934282,134.000
SEE983439969721,Batterie FROJ,ABR995702059145,In Betrieb,Deutschland,Bayern,Oberallgäu,Bad Hindelang,87541,Bad Hindelang,Am Prinzenwald,3,10.400412,47.515647,120.000,120.000,2021-08-05,,2021-08-03,Lithium-Batterie,Batterie,Speicher,SSE910491023733,304.000
SEE906573511908,Speicher zu PV Anlage Limburg,ABR932859632715,In Betrieb,Deutschland,Hessen,Limburg-Weilburg,Limburg a.d. Lahn,65555,Limburg,Limburger Straße (Offheim),47,8.062329,50.407901,300.000,240.000,2021-08-12,,2021-08-12,Lithium-Batterie,Batterie,Speicher,SSE904636604451,288.000
SEE978638789621,BER_EUREF_BSP1,ABR948343575833,In Betrieb,Deutschland,Berlin,Berlin,Berlin,10829,Berlin,EUREF-Campus,9,13.354087,52.480417,1000.000,1000.000,2021-08-20,,2019-05-21,Lithium-Batterie,Batterie,Speicher,SSE990644549112,1500.000
SEE981124006935,Halle 1-3 Quander Versmold Speicher,ABR950986993448,In Betrieb,Deutschland,Nordrhein-Westfalen,Gütersloh,Versmold,33775,Versmold,Bockhorster Landweg,26,8.193735,52.070467,360.000,360.000,2021-09-07,,2021-05-21,Lithium-Batterie,Batterie,Speicher,SSE940004821310,341.000
SEE949544693333,Halle 4-6 Quander Versmold Speicher,ABR950986993448,In Betrieb,Deutschland,Nordrhein-Westfalen,Gütersloh,Versmold,33775,Versmold,Bockhorster Landweg,26,8.193735,52.070467,360.000,360.000,2021-09-07,,2021-05-21,Lithium-Batterie,Batterie,Speicher,SSE970132009793,341.000
SEE990332017909,"200,25 Speicher",ABR960785180765,In Betrieb,Deutschland,Nordrhein-Westfalen,Gütersloh,Gütersloh,33335,Gütersloh,Friedrichsdorfer Straße,220,8.466975,51.935354,120.000,120.000,2021-09-22,,2021-05-31,Lithium-Batterie,Batterie,Speicher,SSE999114973129,140.000
SEE994251295608,KinderWelt RE Stromspeicher,ABR927564631177,In Betrieb,Deutschland,Nordrhein-Westfalen,Recklinghausen,Recklinghausen,45661,Recklinghausen,Hochstraße,124,7.201226,51.570995,152.000,75.000,2021-09-23,,2021-08-11,Lithium-Batterie,Batterie,Speicher,SSE958964313707,230.400
SEE905843309764,Batteriespeicher Emsland,ABR982105583193,In Betrieb,Deutschland,Niedersachsen,Emsland,Lingen (Ems),49808,Lingen,Schüttorfer Straße,100,7.305250,52.480270,45000.000,45000.000,2023-01-06,,2022-12-14,Lithium-Batterie,Batterie,Speicher,SSE975030047267,45000.000
SEE971932533266,Batteriespeicher Werne,ABR982105583193,In Betrieb,Deutschland,Nordrhein-Westfalen,Unna,Werne,59368,Werne,Hammer Straße,2,7.710467,51.673240,72000.000,72000.000,2023-01-06,,2022-12-15,Lithium-Batterie,Batterie,Speicher,SSE949518558477,72000.000
SEE911797803456,Batteriespeicher,ABR946889249126,In Betrieb,Deutschland,Nordrhein-Westfalen,Borken,Rhede,46414,Rhede,Dännendiek,18,6.727778,51.827445,240.000,240.000,2021-09-29,,2021-09-27,Lithium-Batterie,Batterie,Speicher,SSE933351323828,576.000
SEE967252346716,ND_F01_PC1,ABR948343575833,In Betrieb,Deutschland,Bayern,Neuburg-Schrobenhausen,Neuburg a.d. Donau,86633,Neuburg,Heinrichsheimstraße,200,11.250156,48.728113,300.000,300.000,2021-09-30,,2021-03-22,Lithium-Batterie,Batterie,Speicher,SSE978973671087,472.000
SEE997685708812,ND_F01_PC2,ABR948343575833,In Betrieb,Deutschland,Bayern,Neuburg-Schrobenhausen,Neuburg a.d. Donau,86633,Neuburg,Heinrichsheimstraße,200,11.250156,48.728113,300.000,300.000,2021-09-30,,2021-03-22,Lithium-Batterie,Batterie,Speicher,SSE956541132673,472.000
SEE996924401095,Lager_Lidl_Erlensee_Batt,ABR937765266801,In Betrieb,Deutschland,Hessen,Main-Kinzig-Kreis,Erlensee,63526,Erlensee,Otto-Hahn-Straße,1,9.012300,50.169430,460.000,460.000,2021-11-10,,2021-10-07,Lithium-Batterie,Batterie,Speicher,SSE963730127396,1457.000
SEE935147494255,Batteriespeicher Herdecke 2,ABR982105583193,In Betrieb,Deutschland,Nordrhein-Westfalen,Ennepe-Ruhr-Kreis,Herdecke,58313,Herdecke,Im Schiffwinkel,43,7.454357,51.411382,6080.000,6080.000,2022-12-19,,2021-12-15,Lithium-Batterie,Batterie,Speicher,SSE967078786536,4560.000
SEE925624055789,Köln - Gummersbacher Str. 31b,ABR985319209743,In Betrieb,Deutschland,Nordrhein-Westfalen,Köln,Köln,50679,Köln,Gummersbacher Str.,31b,6.988213,50.938613,200.000,200.000,2021-10-21,,2021-10-20,Lithium-Batterie,Batterie,Speicher,SSE938978231204,216.000
SEE915869127877,Batteriespeicher Saal,ABR900179915641,In Betrieb,Deutschland,Niedersachsen,Vechta,Damme,49401,Damme,Kirchstraße,21,8.276900,52.542065,137.000,60.000,2021-10-20,,2021-10-01,Lithium-Batterie,Batterie,Speicher,SSE978921571124,123.300
SEE973393304362,Batterie 131KWh,ABR943560156537,In Betrieb,Deutschland,Baden-Württemberg,Hohenlohekreis,Kupferzell,74635,Kupferzell,Bühlholz,3,9.677258,49.177625,118.000,88.000,2021-10-25,,2021-09-28,Lithium-Batterie,Batterie,Speicher,SSE972746902231,118.000
SEE991010009728,2MWh Speicher Gewerbegebiet Haßfurt,ABR921600705358,In Betrieb,Deutschland,Bayern,Haßberge,Haßfurt,97437,Haßfurt,Heinrich-Hertz-Straße,1,10.544700,50.032880,2000.000,2000.000,2021-10-26,,2020-10-28,Lithium-Batterie,Batterie,Speicher,SSE939544387431,2148.000
SEE966855925380,Basis 1.1,ABR923044005582,In Betrieb,Deutschland,Thüringen,Jena,Jena,07745,Jena,Am Zementwerk,7,11.591334,50.886264,100.000,100.000,2021-10-29,,2021-10-04,Redox-Flow-Batterie,Batterie,Speicher,SSE967332278951,400.000
SEE977720016904,Batterie Breitenworbis,ABR932212103470,In Betrieb,Deutschland,Thüringen,Eichsfeld,Breitenworbis,37339,Breitenworbis,,,10.460464,51.416043,10000.000,10000.000,2022-01-13,,2021-12-16,Lithium-Batterie,Batterie,Speicher,SSE937542481601,10000.000
SEE911152059177,Stromspeicher,ABR994775668360,In Betrieb,Deutschland,Nordrhein-Westfalen,Kleve,Rees,46459,Rees,Groiner Allee,18,6.418212,51.779359,134.400,120.000,2021-11-08,,2021-06-11,Lithium-Batterie,Batterie,Speicher,SSE977537400842,130.000
SEE925961641881,Stromspeicher in MFA,ABR967088716011,In Betrieb,Deutschland,Bayern,Neustadt a.d. Aisch-Bad Windsheim,Gutenstetten,91468,Gutenstetten,Am Bahnhof,2,10.632781,49.610025,120.000,120.000,2021-11-10,,2021-07-05,Lithium-Batterie,Batterie,Speicher,SSE904309973532,134.000
SEE930624296063,Batteriespeicher WW Guntersblum,ABR964420456963,In Betrieb,Deutschland,Rheinland-Pfalz,Mainz-Bingen,Guntersblum,67583,Guntersblum,Gimbsheimer Straße,52,8.357918,49.794097,2500.000,2500.000,2022-01-17,,2022-01-01,Lithium-Batterie,Batterie,Speicher,SSE923935449457,3000.000
SEE945989059611,PV Anlage BFBSolar1,ABR982609415860,In Betrieb,Deutschland,Nordrhein-Westfalen,Paderborn,Hövelhof,33161,Hövelhof,Am Holtebach,,8.647111,51.827734,133.000,67.800,2021-11-19,,2021-10-01,Lithium-Batterie,Batterie,Speicher,SSE981478133493,67.800
SEE930257152521,Stromspeicher,ABR995053904811,In Betrieb,Deutschland,Baden-Württemberg,Hohenlohekreis,Neuenstein,74632,Neuenstein,Hermann-Hagenmeyer-Straße,16,9.583000,49.208000,600.000,600.000,2022-01-20,,2021-12-23,Lithium-Batterie,Batterie,Speicher,SSE903455295796,650.000
SEE948347896118,FZJ_BATA_04.55,ABR962205572945,In Betrieb,Deutschland,Nordrhein-Westfalen,Düren,Jülich,52428,Jülich,,,6.411806,50.904936,595.000,595.000,2023-06-21,,2023-02-28,Lithium-Batterie,Batterie,Speicher,SSE965406826527,2616.000
SEE949646756097,FZJ_BATA_10.55,ABR962205572945,In Betrieb,Deutschland,Nordrhein-Westfalen,Düren,Jülich,52428,Jülich,,,6.414423,50.901963,1050.000,1050.000,2022-05-03,,2022-04-28,Lithium-Batterie,Batterie,Speicher,SSE946228408757,500.000
SEE908743126042,Outokumpu Krefeld Bat,,Endgültig stillgelegt,Deutschland,Nordrhein-Westfalen,Krefeld,Krefeld,47807,Krefeld,Oberschlesienstraße,16,6.555855,51.301683,4500.000,4500.000,2022-01-11,,2022-01-01,Lithium-Batterie,Batterie,Speicher,SSE961670310939,3800.000
SEE985558822406,Batterieprüfstand 1,ABR975943869642,In Betrieb,Deutschland,Baden-Württemberg,Stuttgart,Stuttgart,70376,Stuttgart,Haldenstraße,94,9.214056,48.812594,550.000,550.000,2021-12-14,,2021-12-13,Lithium-Batterie,Batterie,Speicher,SSE907893409470,100.000
SEE975219810743,MVZ Gemeinschaftslabor Cottbus PowerCube,ABR959136112739,In Betrieb,Deutschland,Brandenburg,Cottbus,Cottbus,03050,Cottbus,Uhlandstraße,53,14.339089,51.724216,100.000,100.000,2021-12-16,,2021-10-30,Lithium-Batterie,Batterie,Speicher,SSE945382469420,300.000
SEE947836855896,NÜ_MESSE_PC1,ABR948343575833,In Betrieb,Deutschland,Bayern,Nürnberg,Nürnberg,90478,Nürnberg,Münchener Straße,,11.103500,49.430660,300.000,300.000,2021-12-20,,2021-12-17,Lithium-Batterie,Batterie,Speicher,SSE929583529572,472.000
SEE961051864044,Mando 74 Speicher Burg Blumenthal,ABR927392161662,In Betrieb,Deutschland,Sachsen-Anhalt,Jerichower Land,Burg,39288,Burg,,,11.840131,52.324559,120.000,120.000,2022-01-14,,2023-03-10,Lithium-Batterie,Batterie,Speicher,SSE936891532620,268.800
SEE954354200053,NÜ_MESSE_PC2,ABR948343575833,In Betrieb,Deutschland,Bayern,Nürnberg,Nürnberg,90478,Nürnberg,Münchener Straße,,11.103500,49.430660,300.000,300.000,2021-12-20,,2021-12-17,Lithium-Batterie,Batterie,Speicher,SSE963674722794,472.000
SEE969461706565,NÜ_MESSE_PC3,ABR948343575833,In Betrieb,Deutschland,Bayern,Nürnberg,Nürnberg,90478,Nürnberg,Münchener Straße,,11.103500,49.430660,300.000,300.000,2021-12-20,,2021-12-17,Lithium-Batterie,Batterie,Speicher,SSE958342668542,472.000
SEE930866720333,NÜ_MESSE_SC1,ABR948343575833,In Betrieb,Deutschland,Bayern,Nürnberg,Nürnberg,90478,Nürnberg,Münchener Straße,,11.103500,49.430660,300.000,300.000,2021-12-20,,2021-12-17,Lithium-Batterie,Batterie,Speicher,SSE990328397572,787.000
SEE906246719242,BESS Uffing,ABR928139365190,In Betrieb,Deutschland,Bayern,Garmisch-Partenkirchen,Uffing a. Staffelsee,82449,Uffing,Schachmoos,3,11.092194,47.711946,1100.000,1000.000,2021-12-23,,2021-10-29,Lithium-Batterie,Batterie,Speicher,SSE999925520956,1553.000
SEE920981722466,BESS Weßling 1,ABR928139365190,In Betrieb,Deutschland,Bayern,Starnberg,Weßling,82234,Weßling,Gautinger Straße,114 a,11.290004,48.067614,1100.000,1100.000,2021-12-23,,2021-11-16,Lithium-Batterie,Batterie,Speicher,SSE973807446190,1553.000
SEE941919962679,BESS Icking 1 ＆ 2,ABR915243810968,In Betrieb,Deutschland,Bayern,Bad Tölz-Wolfratshausen,Icking,82057,Icking,Am Talfeld,45 ,11.413801,47.949969,2000.000,2000.000,2021-12-23,,2021-12-16,Lithium-Batterie,Batterie,Speicher,SSE939573201319,3060.000
SEE938716296939,BAT_TKI19,ABR976999331862,In Betrieb,Deutschland,Sachsen,Chemnitz,Chemnitz,09117,Chemnitz,Curiestraße,19,12.845988,50.814694,150.000,150.000,2021-12-27,,2021-11-24,Lithium-Batterie,Batterie,Speicher,SSE989258630217,304.000
SEE902466401677,Rückliefer-Anlage,ABR938078401095,In Betrieb,Deutschland,Baden-Württemberg,Alb-Donau-Kreis,Blaubeuren,89143,Blaubeuren,Karstweg,1,9.749713,48.427794,130.000,130.000,2022-01-04,,2020-04-15,Lithium-Batterie,Batterie,Speicher,SSE946533498092,130.000
SEE902211772656,Batteriespeicher MTU EnergyPack-QM 500 kVA / 582kWh,ABR920406075603,In Betrieb,Deutschland,Sachsen,Vogtlandkreis,Neuensalz,08541,Neuensalz,Zum Plom,35,12.210156,50.507677,500.000,500.000,2022-01-17,,2021-12-17,Lithium-Batterie,Batterie,Speicher,SSE995654817480,500.000
SEE908178339680,Batteriespeicher,ABR991378820973,In Betrieb,Deutschland,Niedersachsen,Nienburg (Weser),Marklohe,31608,Marklohe,Am Kalksandsteinwerk,2,9.121701,52.654222,435.000,435.000,2022-01-24,,2022-01-13,Lithium-Batterie,Batterie,Speicher,SSE902324884185,230.400
SEE982486719259,GUW+ Batteriespeicher 1 Döhren,ABR920783088524,In Betrieb,Deutschland,Niedersachsen,Region Hannover,Hannover,30519,Hannover,Thurnithistraße,1,9.772848,52.338883,540.000,540.000,2025-08-08,,2024-01-23,Lithium-Batterie,Batterie,Speicher,SSE901248703817,650.000
SEE922141430242,SE_2021_1288_Erwitte_Speicher,ABR916962543199,In Betrieb,Deutschland,Nordrhein-Westfalen,Soest,Erwitte,59597,Erwitte,Völlinghauser Weg,2,8.333381,51.605874,350.000,350.000,2022-01-25,,2021-12-29,Lithium-Batterie,Batterie,Speicher,SSE999849029115,246.000
SEE984421270108,Essen Bat. 1,ABR907042335667,In Planung,Deutschland,Nordrhein-Westfalen,Essen,Essen,45141,Essen,Victoria-Mathias-Str.,6,7.011175,51.468326,240.000,240.000,2022-01-26,2027-01-01,,Redox-Flow-Batterie,Batterie,Speicher,SSE921806978181,390.000
SEE993129333831,Werk 1 Clean Voltage Anlage,ABR985337797918,In Betrieb,Deutschland,Bayern,München,München,81671,München,Atelierstraße,29,11.608482,48.123852,2000.000,1000.000,2022-02-01,,2021-12-09,Lithium-Batterie,Batterie,Speicher,SSE969536395403,1200.000
SEE978913901021,"Speicher Flechum | 205,50kWh",ABR921075340849,In Betrieb,Deutschland,Niedersachsen,Emsland,Haselünne,49740,Haselünne,Am Gleis,5,7.565723,52.696849,150.000,150.000,2022-02-18,,2022-02-04,Lithium-Batterie,Batterie,Speicher,SSE980860832778,219.000
SEE970250894363,Batteriespeicher W2,ABR943377192612,In Betrieb,Deutschland,Niedersachsen,Vechta,Lohne (Oldenburg),49393,Lohne,Gewerbering,21,8.199224,52.657623,950.000,950.000,2022-02-11,,2022-01-11,Lithium-Batterie,Batterie,Speicher,SSE996893730936,1080.000
SEE996774526962,Wetzisreute Batterie,ABR981503132682,In Betrieb,Deutschland,Baden-Württemberg,Ravensburg,Schlier,88281,Schlier,,,9.706018,47.782800,500.000,500.000,2024-04-26,,2024-04-26,Lithium-Batterie,Batterie,Speicher,SSE918647721465,1288.000
SEE987709857114,Stromspeicher DTH,ABR956682207483,In Betrieb,Deutschland,Baden-Württemberg,Tübingen,Dettenhausen,72135,Dettenhausen,Kuchenäcker,1,9.090795,48.606897,120.000,120.000,2022-03-09,,2022-02-24,Lithium-Batterie,Batterie,Speicher,SSE971438845061,300.000
SEE996467148266,Stromspeicher,ABR996007348477,In Betrieb,Deutschland,Niedersachsen,Cloppenburg,Lastrup,49688,Lastrup,Drenkelvehn,1,7.828943,52.794294,176.000,176.000,2022-02-14,,2022-04-01,Lithium-Batterie,Batterie,Speicher,SSE935804658006,199.000
SEE962603196187,Richlisreute Batterie,ABR992176532648,In Betrieb,Deutschland,Baden-Württemberg,Ravensburg,Schlier,88281,Schlier,,,9.674750,47.755681,500.000,500.000,2024-04-26,,2024-04-26,Lithium-Batterie,Batterie,Speicher,SSE996959967689,1288.000
SEE909272686465,Eratsrain Batterie,ABR979419423772,In Betrieb,Deutschland,Baden-Württemberg,Ravensburg,Schlier,88281,Schlier,,,9.689141,47.789424,500.000,500.000,2024-04-26,,2024-04-26,Lithium-Batterie,Batterie,Speicher,SSE954315781447,1288.000
SEE922595227719,Batterie-Sennebogen-Steinach,ABR980074741286,In Betrieb,Deutschland,Bayern,Straubing-Bogen,Steinach,94377,Steinach,Sennebogenstr.,1 ,12.613540,48.944850,120.000,120.000,2022-02-22,,2021-12-15,Lithium-Batterie,Batterie,Speicher,SSE962676814414,225.000
SEE929152127277,Eckl _LTEC-AGRI-Speicher,ABR998703648097,In Betrieb,Deutschland,Bayern,Deggendorf,Wallerfing,94574,Wallerfing,,,12.878541,48.697011,500.000,500.000,2024-12-09,,2024-08-05,Lithium-Batterie,Batterie,Speicher,SSE941272453630,1288.000
SEE973893398717,Aluwerk Hamburg,ABR982320839334,In Betrieb,Deutschland,Hamburg,Hamburg,Hamburg,21129,Hamburg,Aluminiumstraße,1,9.892619,53.510022,1890.000,1890.000,2022-02-23,,2022-01-01,Lithium-Batterie,Batterie,Speicher,SSE922225015822,1600.000
SEE979355944249,Batteriespeicher,ABR947476534601,In Planung,Deutschland,Nordrhein-Westfalen,Ennepe-Ruhr-Kreis,Wetter (Ruhr),58300,Wetter,Osterfeldstraße,51,7.349802,51.398183,1900.000,1900.000,2022-02-24,2022-04-04,,Lithium-Batterie,Batterie,Speicher,SSE941578019608,2160.000
SEE934970400594,GustavKlein,ABR910323829601,In Betrieb,Deutschland,Baden-Württemberg,Esslingen,Köngen,73257,Köngen,Nürtinger Straße,25,9.363289,48.673763,320.000,320.000,2022-03-10,,2021-08-01,Lithium-Batterie,Batterie,Speicher,SSE937628274899,280.000
SEE922838987950,Batteriespeicher Fruchtreiferei Ost (Borna),ABR909835683665,In Betrieb,Deutschland,Sachsen,Leipzig,Borna,04552,Borna,Altenburger Straße,70A,12.490170,51.115267,1196.000,1196.000,2022-03-10,,2022-01-20,Lithium-Batterie,Batterie,Speicher,SSE953903858578,868.000
SEE917689107459,BESS Merseburg,ABR993892713618,In Betrieb,Deutschland,Sachsen-Anhalt,Saalekreis,Merseburg,06217,Merseburg,,,11.968735,51.303371,6670.000,6670.000,2023-09-19,,2023-09-15,Lithium-Batterie,Batterie,Speicher,SSE972926906332,20521.000
SEE949422291910,DRK Haselünne Speicher,ABR908463730307,In Betrieb,Deutschland,Niedersachsen,Emsland,Haselünne,49740,Haselünne,Am Schullenriedengraben,13,7.464818,52.682995,150.000,120.000,2022-03-16,,2021-10-18,Lithium-Batterie,Batterie,Speicher,SSE966141978045,152.000
SEE971065048545,Erweiterung Speicher,ABR944376200902,In Betrieb,Deutschland,Rheinland-Pfalz,Eifelkreis Bitburg-Prüm,Prüm,54595,Prüm,,,6.376141,50.197200,833.000,833.000,2024-06-18,,2024-06-18,Lithium-Batterie,Batterie,Speicher,SSE927547787617,2496.000
SEE966690552666,AgriPV - Speicher,ABR980766541040,In Betrieb,Deutschland,Bayern,Landshut,Buch a. Erlbach,84172,Buch,,,12.062726,48.449729,276.000,276.000,2024-05-08,,2024-04-11,Lithium-Batterie,Batterie,Speicher,SSE912829611940,492.000
SEE958414316241,Batteriespeicher,ABR902437203125,In Betrieb,Deutschland,Bayern,Günzburg,Deisenhausen,86489,Deisenhausen,,,10.339337,48.264961,6200.000,6200.000,2024-03-18,,2024-02-26,Lithium-Batterie,Batterie,Speicher,SSE932029965490,20435.000
SEE924517601980,"Agri-PV, Solarpark Breites Feld - Speicher",ABR966920441043,In Betrieb,Deutschland,Bayern,Bamberg,Baunach,96148,Baunach,,,10.781310,50.004450,558.560,558.560,2024-12-02,,2024-11-18,Lithium-Batterie,Batterie,Speicher,SSE924492716471,1334.655
SEE905093362557,Speicher,ABR914100319637,In Betrieb,Deutschland,Niedersachsen,Wolfenbüttel,Cremlingen,38162,Cremlingen,,,10.707450,52.274311,4000.000,4000.000,2024-11-15,,2024-11-15,Lithium-Batterie,Batterie,Speicher,SSE942260379987,9984.000
SEE931971412816,BSG -PV MO Sp,ABR935695247754,In Betrieb,Deutschland,Saarland,Merzig-Wadern,Wadern,66687,Wadern,,,6.844207,49.560195,500.000,500.000,2024-04-18,,2024-04-16,Lithium-Batterie,Batterie,Speicher,SSE920088766820,1288.800
SEE967403086416,Speicher Braunsbedra,ABR993892713618,In Betrieb,Deutschland,Sachsen-Anhalt,Saalekreis,Merseburg,06217,Merseburg,,,11.968420,51.303403,5000.000,5000.000,2024-08-20,,2024-08-01,Lithium-Batterie,Batterie,Speicher,SSE924715718428,16416.800
SEE975929008355,SP Wellingen Bat1,ABR907886625139,In Betrieb,Deutschland,Saarland,Merzig-Wadern,Merzig,66663,Merzig,,,6.536972,49.452684,400.000,400.000,2024-10-30,,2024-10-18,Lithium-Batterie,Batterie,Speicher,SSE908266419423,1159.000
SEE961244310587,Ehndorf 1.1 Speicher,ABR958515820081,In Betrieb,Deutschland,Schleswig-Holstein,Rendsburg-Eckernförde,Ehndorf,24647,Ehndorf,,,9.919585,54.059398,6900.000,6900.000,2024-08-15,,2024-07-31,Lithium-Batterie,Batterie,Speicher,SSE985959755198,17891.328
SEE932834592065,Agri-Photovoltaik Krauscha BatI,ABR936578947129,In Betrieb,Deutschland,Sachsen,Görlitz,Neißeaue,02829,Neißeaue,,,14.963667,51.262194,500.000,500.000,2024-11-06,,2024-11-05,Lithium-Batterie,Batterie,Speicher,SSE983220037158,1288.800
SEE912449451339,Agri-Solarpark Löffingen BatI,ABR961086350307,In Betrieb,Deutschland,Baden-Württemberg,Breisgau-Hochschwarzwald,Löffingen,79843,Löffingen,,,8.220940,47.531870,500.000,500.000,2024-11-13,,2024-11-12,Lithium-Batterie,Batterie,Speicher,SSE942250610120,1289.000
SEE961655529356,Agri-Photovoltaik Epfendorf BatI,ABR991829295244,In Betrieb,Deutschland,Baden-Württemberg,Rottweil,Epfendorf,78736,Epfendorf,,,8.613863,48.246829,500.000,500.000,2024-06-04,,2024-05-21,Lithium-Batterie,Batterie,Speicher,SSE947950781910,1159.000
SEE979885315311,Lemwerder 1 Speicher,ABR923029856338,In Betrieb,Deutschland,Niedersachsen,Wesermarsch,Lemwerder,27809,Lemwerder,,,8.588147,53.141386,6900.000,6900.000,2024-08-16,,2024-08-06,Lithium-Batterie,Batterie,Speicher,SSE910597949210,17891.328
SEE933665632364,Speicher Hohenzant I BA 2,ABR944586491404,In Betrieb,Deutschland,Bayern,Amberg-Sulzbach,Vilseck,92249,Vilseck,,,11.797590,49.579090,2800.000,2800.000,2024-11-13,,2024-11-12,Lithium-Batterie,Batterie,Speicher,SSE963347633235,7113.330
SEE906489859750,Speicher Volkershausen,ABR943531574261,In Betrieb,Deutschland,Bayern,Bad Kissingen,Maßbach,97711,Maßbach,,,10.313240,50.154340,4250.000,4250.000,2024-11-14,,2024-11-01,Lithium-Batterie,Batterie,Speicher,SSE987393324206,12194.280
SEE969254344110,070 654 Generationen-Park-Oelde-Pflege-Speicher HBS 23,ABR965271890999,In Betrieb,Deutschland,Nordrhein-Westfalen,Warendorf,Oelde,59302,Oelde,Hans-Böckler-Straße,23,8.155362,51.841944,150.000,150.000,2022-03-28,,2022-02-23,Lithium-Batterie,Batterie,Speicher,SSE966432894733,134.000
SEE942075972557,Speicher Zimmerei,,Endgültig stillgelegt,Deutschland,Bayern,Weißenburg-Gunzenhausen,Pappenheim,91788,Pappenheim,Rosengasse,30,11.038990,48.932640,240.000,240.000,2022-03-28,,2020-12-18,Lithium-Batterie,Batterie,Speicher,SSE984734662768,480.000
SEE985685763719,BESS Maisach InnAus,ABR910457324294,In Betrieb,Deutschland,Bayern,Fürstenfeldbruck,Maisach,82216,Maisach,,,11.239558,48.216899,1000.000,1000.000,2023-11-07,,2023-10-26,Lithium-Batterie,Batterie,Speicher,SSE963312130011,2032.000
SEE961857651046,BESS Antdorf,ABR941207377444,In Betrieb,Deutschland,Bayern,Weilheim-Schongau,Antdorf,82387,Antdorf,,,11.343451,47.746002,1600.000,1600.000,2024-05-07,,2024-04-23,Lithium-Batterie,Batterie,Speicher,SSE935655917024,4000.000
SEE993641277965,BESS Egling - InnoAus,ABR987226063142,In Betrieb,Deutschland,Bayern,Bad Tölz-Wolfratshausen,Egling,82544,Egling,An der ST2070,,11.488862,47.924057,1600.000,1600.000,2024-05-06,,2024-04-10,Lithium-Batterie,Batterie,Speicher,SSE933897859638,4064.000
SEE947064487098,BESS Obersöchering,ABR938053271378,In Betrieb,Deutschland,Bayern,Weilheim-Schongau,Obersöchering,82395,Obersöchering,,,11.213384,47.733581,400.000,400.000,2024-11-14,,2024-11-06,Lithium-Batterie,Batterie,Speicher,SSE943830897061,1000.000
SEE923600545132,Hierlacker Batterie,ABR921666897981,In Betrieb,Deutschland,Bayern,Kelheim,Abensberg,93326,Abensberg,,,11.833753,48.842112,2667.000,2667.000,2024-11-16,,2024-11-16,Lithium-Batterie,Batterie,Speicher,SSE915867748937,6096.000
SEE914664041319,GGEW Batterie Wald-Michelbach,ABR929638987395,In Betrieb,Deutschland,Hessen,Bergstraße,Wald-Michelbach,69483,Wald-Michelbach,,,8.817222,49.560278,1600.000,1600.000,2024-08-16,,2024-07-17,Lithium-Batterie,Batterie,Speicher,SSE910823913695,3200.000
SEE975034468921,Agri-Solarpark Kirchweidach BatI,ABR962972322002,In Betrieb,Deutschland,Bayern,Altötting,Kirchweidach,84558,Kirchweidach,,,12.648272,48.093659,267.000,267.000,2024-03-25,,2024-03-25,Lithium-Batterie,Batterie,Speicher,SSE909532277495,11.590
SEE964123569533,Solarcarport JT_Speicher,ABR940594298417,In Planung,Deutschland,Sachsen,Mittelsachsen,Bobritzsch-Hilbersdorf,09627,Bobritzsch-Hilbersdorf,Buchenstr.,1,13.394282,50.922451,200.000,200.000,2022-03-30,2023-12-31,,Lithium-Batterie,Batterie,Speicher,SSE935157591654,400.000
SEE999934764372,Batterieanlage 2,ABR900009069698,In Betrieb,Deutschland,Nordrhein-Westfalen,Euskirchen,Bad Münstereifel,53902,Bad Münstereifel,Peter-Greven-Straße,20,6.768300,50.577330,280.000,280.000,2022-03-30,,2021-12-22,Lithium-Batterie,Batterie,Speicher,SSE937776670680,380.800
SEE946571940522,Gartencenter Ostmann Oldenburg_SpeicherCommeo,ABR958451656348,In Betrieb,Deutschland,Niedersachsen,Oldenburg (Oldb),Oldenburg (Oldb),26135,Oldenburg,Oldeweg,4,8.275231,53.108867,145.000,88.000,2022-03-31,,2021-12-02,Lithium-Batterie,Batterie,Speicher,SSE972397925955,62.400
SEE972107201331,Batterie Hambach I,ABR973259896864,In Betrieb,Deutschland,Nordrhein-Westfalen,Düren,Düren,52382,Niederzier,,,6.516946,50.925061,4060.000,4060.000,2024-07-25,,2024-07-10,Lithium-Batterie,Batterie,Speicher,SSE931931162737,8120.000
SEE912650687299,Speicher Mühlbuck,ABR971095987821,In Betrieb,Deutschland,Bayern,Ansbach,Dinkelsbühl,91550,Dinkelsbühl,,,10.232173,49.116563,1600.000,1600.000,2024-11-15,,2024-11-15,Lithium-Batterie,Batterie,Speicher,SSE999425056764,4064.760
SEE956030501591,Speicher Veitswend,ABR971095987821,In Betrieb,Deutschland,Bayern,Ansbach,Dinkelsbühl,91550,Dinkelsbühl,,,10.217546,49.100105,2108.000,2108.000,2024-11-14,,2024-11-14,Lithium-Batterie,Batterie,Speicher,SSE915942227715,6097.140
SEE977219681118,Speicher Hallenhausen,ABR964569771910,In Betrieb,Deutschland,Bayern,Neumarkt i.d. OPf.,Dietfurt a.d. Altmühl,92345,Dietfurt,,,11.587928,49.010550,3200.000,3200.000,2024-11-15,,2024-11-15,Lithium-Batterie,Batterie,Speicher,SSE923171583540,8129.520
SEE989135536915,Speicher Otterzhofen Süd,ABR920895460133,In Betrieb,Deutschland,Bayern,Kelheim,Riedenburg,93339,Riedenburg,,,11.691545,49.001286,2800.000,2800.000,2024-11-15,,2024-11-15,Lithium-Batterie,Batterie,Speicher,SSE919126218971,7112.000
SEE962757479327,Speicher Otterzhofen West - Teilanlage 1,ABR917448036990,In Betrieb,Deutschland,Bayern,Kelheim,Riedenburg,93339,Riedenburg,,,11.679666,49.011265,3060.000,3060.000,2024-11-14,,2024-11-14,Lithium-Batterie,Batterie,Speicher,SSE938755555349,8129.520
SEE958484770691,Speicher Osterberg,ABR901755356155,In Betrieb,Deutschland,Bayern,Weilheim-Schongau,Bernbeuren,86975,Bernbeuren,,,10.737353,47.746390,3060.000,3060.000,2024-11-15,,2024-11-15,Lithium-Batterie,Batterie,Speicher,SSE996993024935,8129.520
SEE943109815024,Speicher Beilrode I - Teilanlage 1,ABR903837623278,In Betrieb,Deutschland,Sachsen,Nordsachsen,Beilrode,04886,Beilrode,Triftweg,999 Z,13.091730,51.574000,7200.000,7200.000,2024-11-15,,2024-11-15,Lithium-Batterie,Batterie,Speicher,SSE912587920940,18291.420
SEE934212869257,Speicher Schmelchen,ABR954551592142,In Betrieb,Deutschland,Bayern,Dachau,Altomünster,85250,Altomünster,,,11.242692,48.411075,4760.000,4760.000,2024-10-08,,2024-10-01,Lithium-Batterie,Batterie,Speicher,SSE905457120526,12192.000
SEE995255396582,Batteriespeicher PV-Anlage,ABR966812882466,In Betrieb,Deutschland,Niedersachsen,Lüneburg,Kirchgellersen,21394,Kirchgellersen,Zum Suhrfeld,4,10.284534,53.222770,150.000,150.000,2022-04-01,,2022-04-01,Lithium-Batterie,Batterie,Speicher,SSE987581908751,186.000
SEE965374054038,PV-Speicher Logistik,ABR904540208042,In Betrieb,Deutschland,Nordrhein-Westfalen,Minden-Lübbecke,Stemwede,32351,Stemwede,Hinterm Teich,5,8.436887,52.367006,120.000,100.000,2022-04-04,,2023-01-05,Lithium-Batterie,Batterie,Speicher,SSE992044945495,112.800
SEE982806373970,Batterie Eisenach,ABR932212103470,In Betrieb,Deutschland,Thüringen,Wartburgkreis,Hörselberg-Hainich,99817,Eisenach,,,10.292710,50.978959,10350.000,10350.000,2022-04-26,,2022-04-08,Lithium-Batterie,Batterie,Speicher,SSE916426432625,10230.000
SEE997075725108,PV Anlage Gottesgabe Speicher,ABR930958989624,In Betrieb,Deutschland,Brandenburg,Märkisch-Oderland,Neuhardenberg,15320,Neuhardenberg,,,14.178554,52.648504,1624.000,1624.000,2022-04-14,,2023-01-23,Lithium-Batterie,Batterie,Speicher,SSE947047882117,3500.000
SEE988132310290,PV Anlage Alttrebbin Speicher,ABR947260383347,In Betrieb,Deutschland,Brandenburg,Märkisch-Oderland,Neutrebbin,15320,Neutrebbin,,,14.238683,52.693553,1624.000,1624.000,2022-04-14,,2022-08-30,Lithium-Batterie,Batterie,Speicher,SSE989496386020,3500.000
SEE949344113291,Batteriespeicher Energiezukunft Fuchstal,ABR944666339244,In Betrieb,Deutschland,Bayern,Landsberg am Lech,Fuchstal,86925,Fuchstal,,,10.837110,47.941920,5800.000,5800.000,2022-06-17,,2022-05-02,Lithium-Batterie,Batterie,Speicher,SSE909862306056,3200.000
SEE932578944458,HL-0172-BAT,ABR979164293569,In Betrieb,Deutschland,Thüringen,Unstrut-Hainich-Kreis,Herbsleben,99955,Herbsleben,,,10.842407,51.120880,280.000,280.000,2022-05-30,,2022-04-27,Lithium-Batterie,Batterie,Speicher,SSE954447761249,380.000
SEE908159137625,KBT Speicher,ABR994851884530,In Betrieb,Deutschland,Baden-Württemberg,Emmendingen,Endingen am Kaiserstuhl,79346,Endingen,Elsässer Straße,,7.683976,48.147772,108.000,108.000,2023-01-30,,2022-12-19,Lithium-Batterie,Batterie,Speicher,SSE983378525682,513.000
SEE945376702618,Batterie 4-7,ABR918101244769,In Planung,Deutschland,Bayern,Ostallgäu,Buchloe,86807,Buchloe,Rudolf-Hörmann-Straße,1,10.711835,48.031101,680.000,680.000,2022-05-09,2022-08-31,,Lithium-Batterie,Batterie,Speicher,SSE953706631286,680.000
SEE933979234483,Speicher - TWB Lübbenau,ABR942786136439,In Betrieb,Deutschland,Brandenburg,Oberspreewald-Lausitz,Lübbenau/Spreewald,03222,Lübbenau,Calauer Straße,2,13.974139,51.839736,131.000,88.000,2025-07-31,,2023-02-07,Lithium-Batterie,Batterie,Speicher,SSE981783917184,131.000
SEE904906740858,trlyr 1,ABR922571528427,In Betrieb,Deutschland,Brandenburg,Elbe-Elster,Doberlug-Kirchhain,03253,Doberlug-Kirchhain,,,13.556414,51.617121,6900.000,6900.000,2022-11-30,,2022-11-28,Lithium-Batterie,Batterie,Speicher,SSE926082405956,7592.000
SEE971496044994,Tesvolt Speicher I,ABR923905491943,In Betrieb,Deutschland,Nordrhein-Westfalen,Borken,Gescher,48712,Gescher,Schüringsweg,8,7.025382,51.943228,225.000,225.000,2022-05-16,,2021-05-25,Lithium-Batterie,Batterie,Speicher,SSE909629257690,460.800
SEE986473839623,Batteriespeicher (21075 P),ABR938715828889,In Betrieb,Deutschland,Baden-Württemberg,Ostalbkreis,Ellwangen (Jagst),73479,Ellwangen,Max-Eyth-Straße,15,10.181267,48.958136,360.000,360.000,2022-08-11,,2022-08-10,Lithium-Batterie,Batterie,Speicher,SSE936338625328,900.000
SEE949447387377,APEX 1-MWh-Batteriespeicher WBS500,ABR911714982721,In Betrieb,Deutschland,Mecklenburg-Vorpommern,Rostock,Laage,18299,Laage,Hans-Adam-Allee,1,12.283091,53.903318,500.000,500.000,2022-05-25,,2022-05-03,Lithium-Batterie,Batterie,Speicher,SSE996140359873,925.000
SEE912518222396,APEX 4-MWh-Batteriespeicher SMA,ABR911714982721,In Betrieb,Deutschland,Mecklenburg-Vorpommern,Rostock,Laage,18299,Laage,Hans-Adam-Allee,1,12.281649,53.904396,4000.000,4000.000,2025-03-19,,2022-06-25,Lithium-Batterie,Batterie,Speicher,SSE962336145216,4000.000
SEE971822836668,APEX 2-MWh-Batteriespeicher MR,ABR911714982721,In Betrieb,Deutschland,Mecklenburg-Vorpommern,Rostock,Laage,18299,Laage,Hans-Adam-Allee,1,12.285675,53.906365,1120.000,1120.000,2025-03-19,,2022-06-20,Lithium-Batterie,Batterie,Speicher,SSE939009973766,1900.000
SEE906665602583,BESS Haßfurt,ABR955614928649,In Betrieb,Deutschland,Bayern,Haßberge,Haßfurt,97437,Haßfurt,Osttangente,,10.530466,50.040778,9240.000,9240.000,2022-05-31,,2021-08-01,Lithium-Batterie,Batterie,Speicher,SSE981052608881,10000.000
SEE996501175463,CC Vertriebscenter Batterie (WW III),ABR900076120896,In Betrieb,Deutschland,Nordrhein-Westfalen,Borken,Bocholt,46395,Bocholt,Wüppings Weide,13,6.578110,51.811402,300.000,300.000,2022-07-05,,2022-06-29,Lithium-Batterie,Batterie,Speicher,SSE918392071631,384.000
SEE993381287477,Batteriespeicher Wutra 200/267,ABR999784715876,In Betrieb,Deutschland,Sachsen,Leipzig,Wurzen,04808,Wurzen,Industriestraße,4 -6,12.752504,51.377833,200.000,200.000,2022-07-19,,2022-07-06,Lithium-Batterie,Batterie,Speicher,SSE974507160706,267.000
SEE970803014989,Flachdach,ABR907422158787,In Betrieb,Deutschland,Nordrhein-Westfalen,Paderborn,Paderborn,33104,Paderborn,Otto-Hahn-Straße,22,8.706568,51.770138,150.000,150.000,2022-07-07,,2022-07-06,Lithium-Batterie,Batterie,Speicher,SSE980140639097,307.200
SEE995071685730,Speicher GZ Aldersbach,ABR942053147717,In Betrieb,Deutschland,Bayern,Passau,Aldersbach,94501,Aldersbach,Bahnhofstraße,4,13.089514,48.590506,100.000,100.000,2022-07-13,,2022-06-02,Lithium-Batterie,Batterie,Speicher,SSE971634936815,140.000
SEE932142649826,BTC PFL,ABR912702227022,In Betrieb,Deutschland,Niedersachsen,Emsland,Salzbergen,48499,Salzbergen,Neuenkirchener Straße,7,7.352292,52.317449,950.000,950.000,2022-07-14,,2020-10-01,Lithium-Batterie,Batterie,Speicher,SSE934780591208,950.000
SEE963358598899,Batteriespeicher Geb.43,ABR940416941347,In Betrieb,Deutschland,Niedersachsen,Friesland,Varel,26316,Varel,Riesweg,151,8.120453,53.357661,950.000,950.000,2022-07-19,,2021-10-06,Lithium-Batterie,Batterie,Speicher,SSE941098051133,1080.000
SEE973618976350,Batteriespeicher Wolpertshausen Kalter Brunnen,ABR980265026192,In Betrieb,Deutschland,Baden-Württemberg,Schwäbisch Hall,Wolpertshausen,74549,Wolpertshausen,Kalter Brunnen,5,9.854598,49.170979,675.000,675.000,2022-07-20,,2022-07-01,Lithium-Batterie,Batterie,Speicher,SSE962033153606,675.000
SEE953834141435,Batteriespeicher Wolpertshausen Süsswiesen,ABR980265026192,In Betrieb,Deutschland,Baden-Württemberg,Schwäbisch Hall,Wolpertshausen,74549,Wolpertshausen,,,9.879626,49.174919,675.000,675.000,2022-07-20,,2022-07-01,Lithium-Batterie,Batterie,Speicher,SSE947754355430,675.000
SEE960912866487,"Speicher 100KW, 137kWh 2022",ABR951507554032,In Betrieb,Deutschland,Niedersachsen,Emsland,Herzlake,49770,Herzlake,Zur Alten Mühle,12,7.653856,52.693015,100.000,100.000,2022-08-05,,2022-05-05,Lithium-Batterie,Batterie,Speicher,SSE936097554150,123.300
SEE995828749425,Batteriespeicher Am Energiepark,ABR992955540574,In Betrieb,Deutschland,Bayern,Wunsiedel i. Fichtelgebirge,Wunsiedel,95632,Wunsiedel,Am Energiepark,1,12.030448,50.041418,9240.000,9240.000,2022-08-15,,2019-05-03,Lithium-Batterie,Batterie,Speicher,SSE983471016841,9000.000
SEE916721360807,Batteriespeicher Laserhalle,ABR964265955911,In Betrieb,Deutschland,Niedersachsen,Osnabrück,Ostercappeln,49179,Ostercappeln,Dreskenkamp,17,8.195997,52.389369,250.000,250.000,2022-08-16,,2022-08-08,Lithium-Batterie,Batterie,Speicher,SSE997723704325,98.000
SEE920700150341,Batteriespeicher Audi Trudering,ABR991822996544,In Betrieb,Deutschland,Bayern,München,München,81825,München,Wasserburger Landstraße,69,11.680703,48.119400,150.000,150.000,2022-08-17,,2022-06-27,Lithium-Batterie,Batterie,Speicher,SSE973557892476,300.000
SEE908320663816,Batterie,ABR904159610915,In Betrieb,Deutschland,Baden-Württemberg,Ortenaukreis,Achern,77855,Achern,Boehringer-Straße,1 ,8.062900,48.630040,122.800,122.800,2022-10-24,,2022-08-05,Sonstige Batterie,Batterie,Speicher,SSE963410322783,122.880
SEE975296869184,PASM Großspeicher München (Pixii),ABR902428166637,In Planung,Deutschland,Bayern,München,München,80335,München,Marsplatz,4,11.548400,48.146686,1000.000,1000.000,2022-08-23,2026-04-30,,Lithium-Batterie,Batterie,Speicher,SSE910571432202,6000.000
SEE991186876568,Batterie Versorgungsgebäude,ABR925132157524,In Betrieb,Deutschland,Baden-Württemberg,Heidelberg,Heidelberg,69126,Heidelberg,Englerstraße,11,8.680799,49.366673,100.000,100.000,2022-10-13,,2022-10-12,Lithium-Batterie,Batterie,Speicher,SSE929218459670,103.200
SEE995094467757,Narada Speicher,ABR931879456004,In Betrieb,Deutschland,Niedersachsen,Diepholz,Diepholz,49356,Diepholz,Dieselstraße,12,8.346153,52.595026,280.000,280.000,2024-01-09,,2023-08-31,Lithium-Batterie,Batterie,Speicher,SSE964450901280,280.000
SEE999649108768,Stromspeicher Aschau,ABR917678548133,In Planung,Deutschland,Thüringen,Saalfeld-Rudolstadt,Allendorf,07426,Allendorf,Am Sand,4,11.129644,50.656556,240.000,240.000,2022-09-08,2022-10-25,,Lithium-Batterie,Batterie,Speicher,SSE926870013257,338.000
SEE944520963929,Stromspeicher MBB Energy,ABR956485916155,In Betrieb,Deutschland,Nordrhein-Westfalen,Borken,Gescher,48712,Gescher,Schildarpstraße,75,12.802035,50.790249,160.000,160.000,2022-09-16,,2022-06-30,Lithium-Batterie,Batterie,Speicher,SSE921964698976,160.000
SEE992950754426,HLB MobS 1,ABR915068942295,In Betrieb,Deutschland,Baden-Württemberg,Heilbronn,Heilbronn,74076,Heilbronn,Lichtenbergerstraße,23,9.208979,49.173782,300.000,300.000,2022-09-19,,2022-09-07,Lithium-Batterie,Batterie,Speicher,SSE993231106064,367.000
SEE968635350207,HLB MobS 2,ABR915068942295,In Betrieb,Deutschland,Baden-Württemberg,Heilbronn,Heilbronn,74076,Heilbronn,Lichtenbergerstraße,23,9.208979,49.173782,180.000,180.000,2022-09-19,,2022-09-07,Lithium-Batterie,Batterie,Speicher,SSE910427509874,657.000
SEE953517489823,Batteriespeicher TRABA,ABR925832825693,In Betrieb,Deutschland,Niedersachsen,Ammerland,Westerstede,26655,Westerstede,An der Autobahn,1,7.900626,53.278098,120.000,120.000,2022-09-19,,2022-09-14,Lithium-Batterie,Batterie,Speicher,SSE949500262221,134.000
SEE928296916198,Batteriespeicher 225,ABR979606847831,In Betrieb,Deutschland,Baden-Württemberg,Ludwigsburg,Schwieberdingen,71701,Schwieberdingen,Scheerwiesenweg,69,9.094174,48.879649,165.000,150.000,2024-07-05,,2024-06-03,Lithium-Batterie,Batterie,Speicher,SSE994374877378,225.000
SEE951877223828,"ITD, SW Deggendorf - Fenecon Commercial 30",ABR938456601291,In Betrieb,Deutschland,Bayern,Deggendorf,Deggendorf,94469,Deggendorf,,,,,147.000,30.000,2022-10-25,,2022-10-25,Lithium-Batterie,Batterie,Speicher,SSE920595411381,147.000
SEE942393680882,Batteriespeicher Parkhaus SWZ,ABR999401230768,In Betrieb,Deutschland,Bayern,München,München,80992,München,Agnes-Pockels-Bogen,16,11.535586,48.172846,100.000,100.000,2022-10-05,,2020-05-04,Lithium-Batterie,Batterie,Speicher,SSE959098635482,110.000
SEE995725461611,GA USV11,ABR977248391231,In Betrieb,Deutschland,Hamburg,Hamburg,Hamburg,22303,Hamburg,Grasweg,64,10.009931,53.592517,416.000,400.000,2022-10-05,,2021-03-18,Blei-Batterie,Batterie,Speicher,SSE903871288235,132.500
SEE938131135295,Batteriespeicher,ABR951136009064,In Betrieb,Deutschland,Brandenburg,Oberhavel,Mühlenbecker Land,16567,Mühlenbeck,Kastanienallee,25,13.386203,52.658159,537.600,300.000,2022-10-06,,2022-09-22,Lithium-Batterie,Batterie,Speicher,SSE970953792331,537.600
SEE927288508588,GA USV12,ABR977248391231,In Betrieb,Deutschland,Hamburg,Hamburg,Hamburg,22303,Hamburg,Grasweg,64,10.009948,53.592480,416.000,400.000,2022-10-10,,2021-03-18,Blei-Batterie,Batterie,Speicher,SSE968777746968,132.500
SEE908925070040,GA USV13,ABR977248391231,In Betrieb,Deutschland,Hamburg,Hamburg,Hamburg,22303,Hamburg,Grasweg,64,10.009917,53.592515,416.000,400.000,2022-10-11,,2021-03-18,Blei-Batterie,Batterie,Speicher,SSE971906630748,132.500
SEE954453991784,GA USV14,ABR977248391231,In Betrieb,Deutschland,Hamburg,Hamburg,Hamburg,22303,Hamburg,Grasweg,64,10.009953,53.592506,416.000,400.000,2022-10-12,,2021-03-11,Blei-Batterie,Batterie,Speicher,SSE926237312245,124.600
SEE943786356827,GA USV15,ABR977248391231,In Betrieb,Deutschland,Hamburg,Hamburg,Hamburg,22303,Hamburg,Grasweg,64,10.009945,53.592531,416.000,400.000,2022-10-13,,2021-03-11,Blei-Batterie,Batterie,Speicher,SSE941117940981,124.600
SEE979553765868,GA USV16,ABR977248391231,In Betrieb,Deutschland,Hamburg,Hamburg,Hamburg,22303,Hamburg,Grasweg,64,10.009948,53.592488,416.000,400.000,2022-10-13,,2021-03-24,Blei-Batterie,Batterie,Speicher,SSE938766858569,124.600
SEE963207610550,GA USV17,ABR977248391231,In Betrieb,Deutschland,Hamburg,Hamburg,Hamburg,22303,Hamburg,Grasweg,64,10.009948,53.592480,416.000,400.000,2022-10-13,,2021-03-24,Blei-Batterie,Batterie,Speicher,SSE905062278483,124.600
SEE917655654796,GA USV18,ABR977248391231,In Betrieb,Deutschland,Hamburg,Hamburg,Hamburg,22303,Hamburg,Grasweg,64,10.009957,53.592498,416.000,400.000,2022-10-14,,2021-01-20,Blei-Batterie,Batterie,Speicher,SSE961454077874,132.500
SEE991916924828,GA USV19,ABR977248391231,In Betrieb,Deutschland,Hamburg,Hamburg,Hamburg,22303,Hamburg,Grasweg,64,10.009961,53.592463,416.000,400.000,2022-10-14,,2021-01-20,Blei-Batterie,Batterie,Speicher,SSE981265432167,132.500
SEE947549273918,GA USV20,ABR977248391231,In Betrieb,Deutschland,Hamburg,Hamburg,Hamburg,22303,Hamburg,Grasweg,64,10.009957,53.592474,416.000,400.000,2022-10-14,,2021-02-03,Blei-Batterie,Batterie,Speicher,SSE953586074845,132.500
SEE978905555157,BTC_PFL P01,ABR912702227022,Vorübergehend stillgelegt,Deutschland,Niedersachsen,Emsland,Salzbergen,48499,Salzbergen,Neuenkirchener Straße,7,7.352292,52.317449,500.000,500.000,2022-10-14,,2021-04-09,Lithium-Batterie,Batterie,Speicher,SSE918303911742,0.010
SEE944445104377,GA USV21,ABR977248391231,In Betrieb,Deutschland,Hamburg,Hamburg,Hamburg,22303,Hamburg,Grasweg,64,10.009952,53.592464,416.000,400.000,2022-10-14,,2021-02-03,Blei-Batterie,Batterie,Speicher,SSE940711463117,132.500
SEE964549997514,GA USV22,ABR977248391231,In Betrieb,Deutschland,Hamburg,Hamburg,Hamburg,22303,Hamburg,Grasweg,64,10.009952,53.592437,416.000,400.000,2022-10-14,,2021-01-27,Blei-Batterie,Batterie,Speicher,SSE906017440887,124.600
SEE991946773175,GA USV23,ABR977248391231,In Betrieb,Deutschland,Hamburg,Hamburg,Hamburg,22303,Hamburg,Grasweg,64,10.009961,53.592458,416.000,400.000,2022-10-14,,2021-01-27,Blei-Batterie,Batterie,Speicher,SSE996683105623,124.600
SEE999607959524,GA USV24,ABR977248391231,In Betrieb,Deutschland,Hamburg,Hamburg,Hamburg,22303,Hamburg,Grasweg,64,10.009961,53.592447,416.000,400.000,2022-10-14,,2021-01-27,Blei-Batterie,Batterie,Speicher,SSE964769919426,124.600
SEE968554030204,BTC_PFL P02,ABR912702227022,Vorübergehend stillgelegt,Deutschland,Niedersachsen,Emsland,Salzbergen,48499,Salzbergen,Neuenkirchener Straße,7,7.352292,52.317449,500.000,500.000,2022-10-14,,2021-04-09,Lithium-Batterie,Batterie,Speicher,SSE910626008789,0.010
SEE971568876652,BTC_PFL P03,ABR912702227022,Vorübergehend stillgelegt,Deutschland,Niedersachsen,Emsland,Salzbergen,48499,Salzbergen,Neuenkirchener Straße,7,7.352292,52.317449,500.000,500.000,2022-10-14,,2021-04-09,Lithium-Batterie,Batterie,Speicher,SSE956548940103,0.010
SEE950045976481,BTC_PFL P04,ABR912702227022,Vorübergehend stillgelegt,Deutschland,Niedersachsen,Emsland,Salzbergen,48499,Salzbergen,Neuenkirchener Straße,7,7.352292,52.317449,500.000,500.000,2022-10-14,,2021-04-09,Lithium-Batterie,Batterie,Speicher,SSE982472542601,0.010
SEE931933693093,BTC_PFL P05,ABR912702227022,Vorübergehend stillgelegt,Deutschland,Niedersachsen,Emsland,Salzbergen,48499,Salzbergen,Neuenkirchener Straße,7,7.352292,52.317449,1000.000,1000.000,2022-10-14,,2021-04-09,Lithium-Batterie,Batterie,Speicher,SSE978372611363,0.010
SEE928744138110,BTC_PFL P06,ABR912702227022,Vorübergehend stillgelegt,Deutschland,Niedersachsen,Emsland,Salzbergen,48499,Salzbergen,Neuenkirchener Straße,7,7.352292,52.317449,800.000,800.000,2022-10-14,,2021-04-09,Lithium-Batterie,Batterie,Speicher,SSE916096309463,0.010
SEE924453683989,BTC_PFL P08,ABR912702227022,Vorübergehend stillgelegt,Deutschland,Niedersachsen,Emsland,Salzbergen,48499,Salzbergen,Neuenkirchener Straße,7,7.352292,52.317449,1000.000,1000.000,2022-10-14,,2021-04-09,Lithium-Batterie,Batterie,Speicher,SSE987892389522,0.010
SEE905084646239,BTC_PFL P09,ABR912702227022,Vorübergehend stillgelegt,Deutschland,Niedersachsen,Emsland,Salzbergen,48499,Salzbergen,Neuenkirchener Straße,7,7.352292,52.317449,1100.000,1100.000,2022-10-14,,2021-04-09,Lithium-Batterie,Batterie,Speicher,SSE938606060893,0.001
SEE943821530731,BTC_PFL P10,ABR912702227022,Vorübergehend stillgelegt,Deutschland,Niedersachsen,Emsland,Salzbergen,48499,Salzbergen,Neuenkirchener Straße,7,7.352292,52.317449,1000.000,1000.000,2022-10-14,,2021-04-09,Lithium-Batterie,Batterie,Speicher,SSE951982600248,0.010
SEE916777318425,BTC_PFL P11,ABR912702227022,Vorübergehend stillgelegt,Deutschland,Niedersachsen,Emsland,Salzbergen,48499,Salzbergen,Neuenkirchener Straße,7,7.352292,52.317449,2000.000,2000.000,2022-10-14,,2021-04-09,Lithium-Batterie,Batterie,Speicher,SSE997219345735,0.010
SEE905489670006,BTC_PFL P12,ABR912702227022,Vorübergehend stillgelegt,Deutschland,Niedersachsen,Emsland,Salzbergen,48499,Salzbergen,Neuenkirchener Straße,7,7.352292,52.317449,1600.000,1600.000,2022-10-14,,2021-04-09,Lithium-Batterie,Batterie,Speicher,SSE903883927764,0.001
SEE995000682977,Batterie Diespeck,ABR932212103470,In Betrieb,Deutschland,Bayern,Neustadt a.d. Aisch-Bad Windsheim,Diespeck,91456,Diespeck,Gutenstettener Straße,2,10.627815,49.601219,20700.000,20700.000,2022-10-17,,2022-09-08,Lithium-Batterie,Batterie,Speicher,SSE976359478473,20700.000
SEE927591487723,Bild- und Tonfabrik_Speicher,ABR964069068749,In Betrieb,Deutschland,Nordrhein-Westfalen,Köln,Köln,50825,Köln,Oskar-Jäger-Str.,160,6.908056,50.946300,120.000,120.000,2022-10-18,,2022-10-13,Lithium-Batterie,Batterie,Speicher,SSE964823716749,307.200
SEE954649497618,SMAREG4 Wartburgspeicher Eisenach,ABR989644624141,In Betrieb,Deutschland,Thüringen,Wartburgkreis,Eisenach,99817,Eisenach,,,10.231150,51.000210,60000.000,60000.000,2022-12-19,,2022-11-30,Lithium-Batterie,Batterie,Speicher,SSE924723418167,67000.000
SEE984668323155,NOS USV01,ABR977248391231,In Betrieb,Deutschland,Hamburg,Hamburg,Hamburg,22607,Hamburg,Notkestraße,13,9.887260,53.573734,416.000,400.000,2022-10-20,,2021-12-04,Blei-Batterie,Batterie,Speicher,SSE951274736556,201.600
SEE948309869679,NOS USV02,ABR977248391231,In Betrieb,Deutschland,Hamburg,Hamburg,Hamburg,22607,Hamburg,Notkestraße,13,9.887270,53.573753,416.000,400.000,2022-10-20,,2021-12-04,Blei-Batterie,Batterie,Speicher,SSE947946111462,201.600
SEE910572574420,Tesvolt Stromspeicher,ABR922258387293,In Betrieb,Deutschland,Nordrhein-Westfalen,Borken,Borken,46325,Borken,Fürst-zu-Salm-Salm-Straße,25,6.792147,51.909945,180.000,180.000,2022-10-20,,2022-09-29,Lithium-Batterie,Batterie,Speicher,SSE938629268702,216.000
SEE973032416371,Speicher Heicon Lübbenau,ABR934608056698,In Betrieb,Deutschland,Brandenburg,Oberspreewald-Lausitz,Lübbenau/Spreewald,03222,Lübbenau,Sigmund-Bergmann-Straße,8,13.964672,51.844603,150.000,120.000,2022-10-26,,2022-09-15,Lithium-Batterie,Batterie,Speicher,SSE949225820867,152.000
SEE961989517128,Bad Düben Battery Storage,ABR948334917826,In Betrieb,Deutschland,Sachsen,Nordsachsen,Bad Düben,04849,Bad Düben,Steinlache,4,12.603890,51.587220,13883.000,13883.000,2022-11-03,,2022-10-17,Lithium-Batterie,Batterie,Speicher,SSE966531784430,16028.000
SEE932907515472,Elsteraue Battery Storage,ABR948334917826,In Betrieb,Deutschland,Sachsen-Anhalt,Burgenlandkreis,Elsteraue,06729,Elsteraue,Dr.-Bergius-Straße,904 B,12.197500,51.074722,13800.000,13800.000,2022-11-29,,2022-11-18,Lithium-Batterie,Batterie,Speicher,SSE913613213043,13800.000
SEE934353123843,Batterie Iphofen,ABR932212103470,In Betrieb,Deutschland,Bayern,Kitzingen,Iphofen,97346,Iphofen,,,10.254467,49.693979,20700.000,20700.000,2022-10-31,,2022-10-18,Lithium-Batterie,Batterie,Speicher,SSE993502752778,20100.000
SEE956569844367,2880_KDL_Batt_Borna,ABR927935773406,In Betrieb,Deutschland,Sachsen,Leipzig,Borna,04552,Borna,Am Wilhelmschacht,34,12.488285,51.108802,233.000,200.000,2022-10-31,,2021-12-22,Lithium-Batterie,Batterie,Speicher,SSE949474626128,233.000
SEE997175876298,Energiespeicher 2022,ABR970351495902,In Betrieb,Deutschland,Baden-Württemberg,Hohenlohekreis,Öhringen,74613,Öhringen,Großer Buchhof,1,9.489939,49.202683,100.000,100.000,2022-11-04,,2022-09-29,Lithium-Batterie,Batterie,Speicher,SSE992303319104,204.000
SEE944302537300,Tesvolt Speicher,ABR934945498946,In Betrieb,Deutschland,Sachsen,Vogtlandkreis,Reichenbach im Vogtland,08468,Reichenbach,Friedensstraße,40,12.292203,50.629421,160.000,160.000,2022-11-05,,2024-05-01,Lithium-Batterie,Batterie,Speicher,SSE978224773249,320.000
SEE927637248783,Speicher (Trafogebäude),ABR908726170734,In Betrieb,Deutschland,Brandenburg,Havelland,Rathenow,14712,Rathenow,Rhinower Landstraße,198,12.331489,52.628295,120.000,120.000,2022-11-07,,2022-06-30,Lithium-Batterie,Batterie,Speicher,SSE933960508166,134.000
SEE926202261677,Speicher,ABR919212485997,In Betrieb,Deutschland,Nordrhein-Westfalen,Borken,Velen,46342,Velen,Ostendorfer Straße,21 - 23,6.921605,51.883749,180.000,180.000,2022-11-08,,2022-04-11,Lithium-Batterie,Batterie,Speicher,SSE981222634467,201.600
SEE923869269374,BV-Aluchrom_Hilmersdorf_Speicher,ABR997533697169,In Betrieb,Deutschland,Sachsen,Erzgebirgskreis,Wolkenstein,09429,Wolkenstein,Plattenstraße,7,13.117069,50.676575,130.000,130.000,2022-11-14,,2022-10-04,Lithium-Batterie,Batterie,Speicher,SSE914590493329,131.000
SEE951798320149,Speicher,ABR918742898338,In Betrieb,Deutschland,Bayern,Kempten (Allgäu),Kempten (Allgäu),87437,Kempten,Lenzfrieder Straße,102,10.352181,47.734972,120.000,120.000,2022-11-16,,2022-10-19,Lithium-Batterie,Batterie,Speicher,SSE966865167305,288.000
SEE902746865687,SWM Uppenborn 1 BSP1,ABR999401230768,In Betrieb,Deutschland,Bayern,Freising,Wang,85368,Wang,Werkstraße,25,11.997780,48.493300,2610.000,2610.000,2022-12-19,,2022-12-12,Lithium-Batterie,Batterie,Speicher,SSE929545525321,2500.000
SEE945066910361,SWM Uppenborn 1 BSP2,ABR999401230768,In Betrieb,Deutschland,Bayern,Freising,Wang,85368,Wang,Werkstraße,25,11.997780,48.493300,2610.000,2610.000,2022-12-19,,2022-12-12,Lithium-Batterie,Batterie,Speicher,SSE968284606007,2500.000
SEE989968560507,SWM Uppenborn 1 BSP3,ABR999401230768,In Betrieb,Deutschland,Bayern,Freising,Wang,85368,Wang,Werkstraße,25,11.997780,48.493300,2610.000,2610.000,2022-12-19,,2022-12-12,Lithium-Batterie,Batterie,Speicher,SSE914301035268,2500.000
SEE970263793356,SWM Uppenborn 1 BSP4,ABR999401230768,In Betrieb,Deutschland,Bayern,Freising,Wang,85368,Wang,Werkstraße,25,11.997780,48.493300,2610.000,2610.000,2022-12-19,,2022-12-12,Lithium-Batterie,Batterie,Speicher,SSE983162040117,2500.000
SEE901573149502,SWM Uppenborn 1 BSP5,ABR999401230768,In Betrieb,Deutschland,Bayern,Freising,Wang,85368,Wang,Werkstraße,25,11.997780,48.493300,2610.000,2610.000,2022-12-19,,2022-12-12,Lithium-Batterie,Batterie,Speicher,SSE900998668445,2500.000
SEE901131362077,SWM Uppenborn 1 BSP6,ABR999401230768,In Betrieb,Deutschland,Bayern,Freising,Wang,85368,Wang,Werkstraße,25,11.997780,48.493300,2610.000,2610.000,2022-12-19,,2022-12-12,Lithium-Batterie,Batterie,Speicher,SSE978902582934,2500.000
SEE932565997221,SWM Uppenborn 1 BSP7,ABR999401230768,In Betrieb,Deutschland,Bayern,Freising,Wang,85368,Wang,Werkstraße,25,11.997780,48.493300,2610.000,2610.000,2022-12-19,,2022-12-12,Lithium-Batterie,Batterie,Speicher,SSE957158887970,2500.000
SEE958896843136,SWM Uppenborn 1 BSP8,ABR999401230768,In Betrieb,Deutschland,Bayern,Freising,Wang,85368,Wang,Werkstraße,25,11.997780,48.493300,2610.000,2610.000,2022-12-19,,2022-12-12,Lithium-Batterie,Batterie,Speicher,SSE949879046712,2500.000
SEE973530454349,SWM Uppenborn 1 BSP9,ABR999401230768,In Betrieb,Deutschland,Bayern,Freising,Wang,85368,Wang,Werkstraße,25,11.997780,48.493300,2610.000,2610.000,2022-12-19,,2022-12-12,Lithium-Batterie,Batterie,Speicher,SSE964755438610,2500.000
SEE954154513360,SWM Uppenborn 1 BSP10,ABR999401230768,In Betrieb,Deutschland,Bayern,Freising,Wang,85368,Wang,Werkstraße,25,11.997780,48.493300,2610.000,2610.000,2022-12-19,,2022-12-12,Lithium-Batterie,Batterie,Speicher,SSE979662470929,2500.000
SEE923557725182,Batteriespeicher (21426 P),ABR956282403117,In Betrieb,Deutschland,Baden-Württemberg,Ostalbkreis,Aalen,73431,Aalen,Röntgenstraße,12,10.078309,48.825197,120.000,120.000,2023-01-17,,2023-01-17,Lithium-Batterie,Batterie,Speicher,SSE937032409832,300.000
SEE983774009335,Speicher 1. Bauabschnitt PVA,ABR991123260832,In Betrieb,Deutschland,Mecklenburg-Vorpommern,Vorpommern-Rügen,Samtens,18573,Samtens,Bergener Str.,11,13.301549,54.363271,153.700,110.000,2022-11-22,,2024-01-17,Lithium-Batterie,Batterie,Speicher,SSE973240799495,66.800
SEE973995346647,BESS Tautenhain,ABR928139365190,In Betrieb,Deutschland,Thüringen,Saale-Holzland-Kreis,Tautenhain,07639,Tautenhain,Zum langen Tal,1,11.902416,50.932052,1000.000,1000.000,2022-11-23,,2022-11-23,Lithium-Batterie,Batterie,Speicher,SSE906964344054,1555.200
SEE916796997434,CFM Speicher,ABR999571488822,In Betrieb,Deutschland,Nordrhein-Westfalen,Städteregion Aachen,Roetgen,52159,Roetgen,Vennstraße,13,6.183008,50.653392,120.000,120.000,2022-11-28,,2022-11-14,Lithium-Batterie,Batterie,Speicher,SSE900181586624,432.000
SEE936573140181,Solarpark Baiersdorf 3,ABR944748454773,In Betrieb,Deutschland,Bayern,Kelheim,Riedenburg,93339,Riedenburg,,,11.737522,48.962390,1016.000,1000.000,2025-05-30,,2025-05-28,Lithium-Batterie,Batterie,Speicher,SSE965031376657,2032.000
SEE961005822601,Speicher Andreasschule,ABR966655369575,In Betrieb,Deutschland,Nordrhein-Westfalen,Borken,Velen,46342,Velen,Ramsdorfer Straße,21,6.983893,51.894803,112.000,70.000,2022-11-30,,2022-10-24,Lithium-Batterie,Batterie,Speicher,SSE915900161808,146.160
SEE906917494423,ECOspeicher Au,ABR917063786638,In Betrieb,Deutschland,Bayern,Oberallgäu,Sulzberg,87477,Sulzberg,Au,7,10.322080,47.685476,6900.000,6900.000,2022-12-20,,2022-12-13,Lithium-Batterie,Batterie,Speicher,SSE959231522426,8014.000
SEE992720555451,Freudenberg x frequenz 556kWh,ABR936534469825,In Betrieb,Deutschland,Berlin,Berlin,Berlin,12487,Berlin,Groß-Berliner Damm,119,13.527288,52.437892,1228.000,736.000,2022-12-23,,2022-12-16,Lithium-Batterie,Batterie,Speicher,SSE988487084136,535.000
SEE980447582119,Bona x frequenz MID 41,ABR971426195789,In Betrieb,Deutschland,Hessen,Limburg-Weilburg,Limburg a.d. Lahn,65549,Limburg,Jahnstraße,12,8.057221,50.375469,307.000,184.000,2023-01-03,,2022-10-20,Lithium-Batterie,Batterie,Speicher,SSE949126699487,133.600
SEE971995008329,Bona x frequenz MID 40,ABR971426195789,In Betrieb,Deutschland,Hessen,Limburg-Weilburg,Limburg a.d. Lahn,65549,Limburg,Auf dem Aurain,9,8.083582,50.396458,307.000,184.000,2023-01-03,,2022-08-31,Lithium-Batterie,Batterie,Speicher,SSE973506810230,133.600
SEE923801709234,Batterie Schwabmünchen,ABR932212103470,In Betrieb,Deutschland,Bayern,Augsburg,Schwabmünchen,86830,Schwabmünchen,,,10.733512,48.191420,16000.000,16000.000,2023-01-10,,2022-12-22,Lithium-Batterie,Batterie,Speicher,SSE955480078998,16566.000
SEE963374030953,Batterie Rechtenbach,ABR932212103470,In Betrieb,Deutschland,Hessen,Lahn-Dill-Kreis,Hüttenberg,35625,Hüttenberg,,,8.559037,50.530118,16000.000,16000.000,2023-01-09,,2022-12-21,Lithium-Batterie,Batterie,Speicher,SSE912467412916,16566.000
SEE954482465522,Batterie Hessisch Lichtenau,ABR932212103470,In Betrieb,Deutschland,Hessen,Werra-Meißner-Kreis,Hessisch Lichtenau,37235,Hessisch Lichtenau,,,9.721949,51.191750,12000.000,12000.000,2023-01-09,,2022-12-29,Lithium-Batterie,Batterie,Speicher,SSE969572141361,12425.000
SEE933231330434,eSpeicher,ABR920579301691,In Betrieb,Deutschland,Sachsen-Anhalt,Halle (Saale),Halle (Saale),06122,Halle,Am Stadion,5,11.914868,51.482080,145.800,120.000,2023-01-09,,2021-06-16,Lithium-Batterie,Batterie,Speicher,SSE942807323749,144.000
SEE910391338661,AdZ6/2 STROMSPEICHER,ABR964158343603,In Betrieb,Deutschland,Sachsen,Bautzen,Radeberg,01454,Radeberg,An der Ziegelei,6,13.914670,51.128777,240.000,170.000,2023-09-21,,2023-09-19,Lithium-Batterie,Batterie,Speicher,SSE959392653380,240.000
SEE900005552996,Batteriespeicher neuer Stall,ABR921478359905,In Betrieb,Deutschland,Bayern,Ostallgäu,Seeg,87637,Seeg,Zur Osterwies,18,10.617230,47.664824,109.000,50.000,2023-01-16,,2023-01-16,Lithium-Batterie,Batterie,Speicher,SSE945780810787,98.000
SEE950965504528,Stromspeicher WW Irsch,ABR959182165192,In Betrieb,Deutschland,Rheinland-Pfalz,Trier,Trier,54296,Trier,Auf der Neuwies,,6.694800,49.726260,112.000,100.000,2023-01-19,,2022-04-25,Lithium-Batterie,Batterie,Speicher,SSE901385511962,111.400
SEE922480517116,Batteriespeicheranlage Poing,ABR903690099142,In Betrieb,Deutschland,Bayern,Ebersberg,Poing,85586,Poing,Gruber Straße,61 a,11.798913,48.169188,7560.000,7560.000,2023-01-20,,2022-12-20,Lithium-Batterie,Batterie,Speicher,SSE999652720803,7360.000
SEE947059890285,Batteriespeicher Cham,ABR953284256413,In Betrieb,Deutschland,Bayern,Cham,Cham,93413,Cham,Wilfried-Ensinger-Straße,1,12.628403,49.210757,704.000,704.000,2023-01-20,,2022-11-16,Lithium-Batterie,Batterie,Speicher,SSE969025725575,656.000
SEE983340579781,SMAREG3 Eisfeld,ABR901300660683,In Betrieb,Deutschland,Thüringen,Hildburghausen,Eisfeld,98673,Eisfeld,,,10.907250,50.438379,12000.000,12000.000,2023-01-20,,2022-12-19,Lithium-Batterie,Batterie,Speicher,SSE917776650844,13907.520
SEE989457180636,SMAREG5 Hildburghausen,ABR994641387562,In Betrieb,Deutschland,Thüringen,Hildburghausen,Hildburghausen,98646,Hildburghausen,Weitersrodaer Straße,80,10.751057,50.429894,12000.000,12000.000,2023-01-20,,2022-12-27,Lithium-Batterie,Batterie,Speicher,SSE912388117372,13907.520
SEE949834584921,Batteriespeicher UW Meitingen,ABR987834075223,In Betrieb,Deutschland,Bayern,Augsburg,Meitingen,86405,Meitingen,Bernhard-Monath-Straße,44,10.864086,48.548342,7560.000,7560.000,2023-01-23,,2022-11-29,Lithium-Batterie,Batterie,Speicher,SSE901076052019,6624.000
SEE963512519302,Batteriespeicher,ABR921311781993,In Betrieb,Deutschland,Niedersachsen,Cloppenburg,Cappeln (Oldenburg),49692,Cappeln,Im Siehenfelde,13,8.146122,52.807326,920.000,920.000,2023-01-30,,2022-12-19,Lithium-Batterie,Batterie,Speicher,SSE916236967966,800.000
SEE995116152746,Solarspeicher WW Tettau,ABR950827077191,In Betrieb,Deutschland,Brandenburg,Oberspreewald-Lausitz,Tettau,01945,Tettau,Frauendorfer Straße,37,13.738991,51.429098,1020.000,900.000,2023-01-31,,2022-09-20,Lithium-Batterie,Batterie,Speicher,SSE920298817176,921.600
SEE949212016907,Batteriespeicher Pasewalk,ABR914274293191,In Betrieb,Deutschland,Mecklenburg-Vorpommern,Vorpommern-Greifswald,Pasewalk,17309,Pasewalk,Am Industriepark,80,13.969637,53.517832,100.000,100.000,2023-02-08,,2022-08-09,Lithium-Batterie,Batterie,Speicher,SSE948094402792,191.400
SEE954716265249,Speicher 2023,ABR910265889848,In Betrieb,Deutschland,Bayern,Augsburg,Horgau,86497,Horgau,Von-Holzapfel-Straße,10,10.687054,48.398308,180.000,180.000,2023-02-09,,2023-01-09,Lithium-Batterie,Batterie,Speicher,SSE955744904582,216.000
SEE911097544370,Batteriespeicher Neuhalle 108 KW,ABR921855070782,In Betrieb,Deutschland,Thüringen,Weimarer Land,Mechelroda,99441,Mechelroda,Dorfstrasse,10a,11.402702,50.915193,108.600,50.000,2023-02-15,,2022-04-01,Lithium-Batterie,Batterie,Speicher,SSE982934683392,108.600
SEE963218702596,"PV-Anlage 03: Brauerei LOSCHER, Münchsteinach (Batteriespeicher)",ABR994424357676,In Betrieb,Deutschland,Bayern,Neustadt a.d. Aisch-Bad Windsheim,Münchsteinach,91481,Münchsteinach,Steigerwaldstrasse,21-23,10.592863,49.640762,240.000,240.000,2023-02-16,,2022-06-10,Lithium-Batterie,Batterie,Speicher,SSE932705233240,403.200
SEE951762384337,Speicher PV II,ABR966645950844,In Betrieb,Deutschland,Rheinland-Pfalz,Bad Dürkheim,Kleinkarlbach,67271,Kleinkarlbach,Hauptstraße,4,8.146378,49.539270,125.000,125.000,2023-02-16,,2023-02-16,Lithium-Batterie,Batterie,Speicher,SSE980728449650,225.000
SEE937088124994,Speicher,ABR997767900646,In Betrieb,Deutschland,Niedersachsen,Hildesheim,Hildesheim,31137,Hildesheim,Ruscheplatenstrasse,20,9.925005,52.176587,134.000,134.000,2023-02-22,,2023-02-13,Lithium-Batterie,Batterie,Speicher,SSE972817356215,134.000
SEE977108508625,Batteriespeicher Urbanharbor,ABR933190343483,In Betrieb,Deutschland,Baden-Württemberg,Ludwigsburg,Ludwigsburg,71636,Ludwigsburg,Groenerstraße,,9.172106,48.891907,100.000,100.000,2023-03-06,,2023-02-27,Lithium-Batterie,Batterie,Speicher,SSE921259251534,120.000
SEE973408460274,Speicher - Avakom-Garage,ABR900110521580,In Betrieb,Deutschland,Brandenburg,Märkisch-Oderland,Strausberg,15344,Strausberg,Hennickendorfer Chaussee,15,13.838335,52.521728,170.000,50.000,2023-02-23,,2022-01-28,Lithium-Batterie,Batterie,Speicher,SSE952000389145,76.000
SEE901354174860,"Batteriespeicher_2x_(60kW/84,6kWh)",ABR905589167949,In Betrieb,Deutschland,Baden-Württemberg,Emmendingen,Denzlingen,79211,Denzlingen,Markgrafenstraße,139 145,7.867490,48.068838,120.000,120.000,2023-02-27,,2023-01-19,Lithium-Batterie,Batterie,Speicher,SSE997276521868,169.200
SEE972842216973,Batteriespeicher_EnergyPack QS/6 150kVA/389kWh,ABR999006792838,In Betrieb,Deutschland,Baden-Württemberg,Biberach,Achstetten,88480,Achstetten,Erwin-Halder-Straße,9 1,9.901567,48.246709,150.000,150.000,2023-03-02,,2023-02-08,Lithium-Batterie,Batterie,Speicher,SSE958743883520,389.000
SEE948129101201,Batteriespeicher Brunnen 7,ABR999744844073,In Betrieb,Deutschland,Bayern,Landshut,Vilsbiburg,84137,Vilsbiburg,,,12.371414,48.445080,120.000,120.000,2023-03-13,,2023-03-08,Lithium-Batterie,Batterie,Speicher,SSE981554394770,600.000
SEE999258261205,Lithium-Ionen-Speicher,ABR972938427672,In Betrieb,Deutschland,Brandenburg,Potsdam-Mittelmark,Groß Kreutz (Havel),14550,Groß Kreutz,Am Mühlenberg,15,12.728046,52.406310,750.000,750.000,2023-03-06,,2021-12-15,Lithium-Batterie,Batterie,Speicher,SSE972108481664,640.000
SEE962875496978,ACH-Berlin Frischeparadies Akku,ABR948343575833,In Betrieb,Deutschland,Berlin,Berlin,Berlin,10249,Berlin,Hermann-Blankenstein-Straße,48,13.468876,52.521662,640.000,640.000,2023-04-04,,2023-03-22,Lithium-Batterie,Batterie,Speicher,SSE949228937692,1050.000
SEE953525053665,Speicher,ABR903992363224,In Betrieb,Deutschland,Bayern,Deggendorf,Deggendorf,94469,Deggendorf,Brunnwiesenstraße,2,12.937914,48.822422,518.000,518.000,2023-03-11,,2023-02-14,Lithium-Batterie,Batterie,Speicher,SSE926711171382,866.000
SEE972699266749,PV-Anlage EC,ABR989973485345,In Betrieb,Deutschland,Hamburg,Hamburg,Hamburg,21149,Hamburg,Am Neugrabener Bahnhof,33,9.850259,53.473415,102.060,74.000,2023-03-10,,2023-03-10,Lithium-Batterie,Batterie,Speicher,SSE926395799070,16.120
SEE991638493466,Speicher Ladepark  SHL,ABR917431511244,In Betrieb,Deutschland,Thüringen,Suhl,Suhl,98529,Suhl,Auenstraße,3,10.682312,50.608772,308.000,308.000,2023-04-14,,2023-04-11,Lithium-Batterie,Batterie,Speicher,SSE940823101174,342.500
SEE993446639111,Speicher Ladepark  HBN,ABR917431511244,In Betrieb,Deutschland,Thüringen,Hildburghausen,Hildburghausen,98646,Hildburghausen,Kaltenbronner Weg,2,10.750953,50.421489,360.000,192.000,2023-03-10,,2022-06-08,Lithium-Batterie,Batterie,Speicher,SSE917282181238,360.000
SEE992751486687,Batteriespeicher mit Generator,ABR914243377624,In Betrieb,Deutschland,Sachsen,Zwickau,Zwickau,08056,Zwickau,Reichenbacher Straße,89,12.470149,50.709908,220.000,220.000,2023-03-17,,2023-01-23,Lithium-Batterie,Batterie,Speicher,SSE919112015768,350.000
SEE994694231300,Speicher,ABR982578927524,In Betrieb,Deutschland,Nordrhein-Westfalen,Warendorf,Drensteinfurt,48317,Drensteinfurt,Natorp,21,7.740616,51.811904,105.000,60.000,2023-04-03,,2023-03-23,Lithium-Batterie,Batterie,Speicher,SSE920786807320,105.000
SEE979917947879,"Speicher 270 kWh, 26.01.2023",ABR981143686538,In Betrieb,Deutschland,Brandenburg,Uckermark,Angermünde,16278,Angermünde,Puschkinallee,11a,13.991655,53.004514,126.000,126.000,2023-03-22,,2023-01-26,Lithium-Batterie,Batterie,Speicher,SSE996169720753,270.000
SEE913813814811,Batteriespeicher Freudenberg Berlin,ABR974776337038,In Betrieb,Deutschland,Berlin,Berlin,Berlin,12487,Berlin,Groß-Berliner Damm,,13.529000,52.438000,704.000,704.000,2023-03-30,,2022-12-22,Lithium-Batterie,Batterie,Speicher,SSE946007127121,535.000
SEE928823621953,Batteriespeicher_1_170_kW_192_kWh,ABR960620749553,In Betrieb,Deutschland,Nordrhein-Westfalen,Gelsenkirchen,Gelsenkirchen,45888,Gelsenkirchen,Europastraße,12,7.123717,51.511900,170.000,150.000,2023-04-03,,2022-08-18,Lithium-Batterie,Batterie,Speicher,SSE964606102226,192.000
SEE977770661154,batterie m25,ABR977297316445,In Betrieb,Deutschland,Berlin,Berlin,Berlin,13187,Berlin,Mühlenstraße,25,13.407602,52.563977,153.000,66.000,2023-03-31,,2020-07-28,Lithium-Batterie,Batterie,Speicher,SSE995901854619,122.000
SEE949319313053,Batteriespeicher 2022,ABR922384021962,In Betrieb,Deutschland,Baden-Württemberg,Hohenlohekreis,Dörzbach,74677,Dörzbach,Max-Planck-Straße,19,9.692102,49.386637,210.000,210.000,2023-04-03,,2022-11-30,Lithium-Batterie,Batterie,Speicher,SSE921866627753,306.000
SEE944805249175,Anlage - Kopernikusstraße 10-14 - Batterie,ABR918591294886,In Betrieb,Deutschland,Sachsen-Anhalt,Salzlandkreis,Aschersleben,06449,Aschersleben,Kopernikusstraße,12,11.465928,51.763325,140.000,120.000,2023-05-02,,2023-04-14,Lithium-Batterie,Batterie,Speicher,SSE978302961124,144.000
SEE957750798667,Xelectrix 120kWh,ABR932122932023,In Betrieb,Deutschland,Baden-Württemberg,Schwäbisch Hall,Langenburg,74595,Langenburg,Sandweg,10,9.864351,49.253703,120.000,35.000,2023-04-04,,2022-07-01,Lithium-Batterie,Batterie,Speicher,SSE964704705909,100.000
SEE989368715323,Speicher Parkblick,ABR978471690825,In Betrieb,Deutschland,Nordrhein-Westfalen,Höxter,Bad Driburg,33014,Bad Driburg,Brunnenstraße,20 a,9.035856,51.734109,150.000,150.000,2023-04-11,,2023-04-06,Lithium-Batterie,Batterie,Speicher,SSE907315523067,304.000
SEE901920069279,Speicher - Waschhalle (160kWh),ABR926300259934,In Betrieb,Deutschland,Niedersachsen,Vechta,Vechta,49377,Vechta,Falkenrotter Straße,163,8.264129,52.731851,160.000,100.000,2023-04-11,,2022-11-10,Lithium-Batterie,Batterie,Speicher,SSE901263002223,160.000
SEE943609681808,BES DD,ABR924571267894,In Betrieb,Deutschland,Sachsen,Dresden,Dresden,01259,Dresden,Heidenauer Straße,,13.839151,50.990515,12000.000,12000.000,2023-04-12,,2022-12-23,Blei-Batterie,Batterie,Speicher,SSE984331172561,11100.000
SEE919868593923,PV Sonneberg Batteriespeicher,ABR943425101504,In Betrieb,Deutschland,Thüringen,Sonneberg,Sonneberg,96515,Sonneberg,Friedrich-Engels-Straße,155,11.195476,50.349668,2322.000,2322.000,2024-05-31,,2024-05-29,Lithium-Batterie,Batterie,Speicher,SSE918906203404,4644.000
SEE937334873959,VBBM Eschbach Speicher,ABR986987298916,In Betrieb,Deutschland,Baden-Württemberg,Breisgau-Hochschwarzwald,Eschbach,79427,Eschbach,Max-Immelmann-Allee,,7.628807,47.899104,144.000,133.000,2023-04-18,,2023-02-21,Lithium-Batterie,Batterie,Speicher,SSE961561868037,144.000
SEE993386073921,Speicher-Hodenhagen-Inno,ABR965368824784,In Planung,Deutschland,Niedersachsen,Heidekreis,Hodenhagen,29693,Hodenhagen,,,9.606574,52.766543,1250.000,1250.000,2023-04-24,2026-12-01,,Lithium-Batterie,Batterie,Speicher,SSE921780433003,2500.000
SEE946374833915,Sieb ＆ Meyer Batteriespeicher,ABR913213254453,In Betrieb,Deutschland,Niedersachsen,Lüneburg,Lüneburg,21339,Lüneburg,Auf dem Schmaarkamp,21,10.411849,53.260415,137.000,137.000,2023-04-25,,2022-05-17,Lithium-Batterie,Batterie,Speicher,SSE987558108856,131.600
SEE995184714136,Solar Zerbst Batterie,ABR963795573701,In Betrieb,Deutschland,Sachsen-Anhalt,Anhalt-Bitterfeld,Zerbst/Anhalt,39261,Zerbst,,,12.119583,51.975250,17560.000,17560.000,2025-10-30,,2025-10-10,Lithium-Batterie,Batterie,Speicher,SSE909034584664,57500.000
SEE970508590375,Speicher-Naila-Inno,ABR965368824784,In Planung,Deutschland,Bayern,Hof,Naila,95119,Naila,,,11.719808,50.321389,100.000,100.000,2023-04-26,2026-12-01,,Lithium-Batterie,Batterie,Speicher,SSE916373956892,620.000
SEE966315774480,Dolgelin Speicher,ABR986529344316,In Betrieb,Deutschland,Brandenburg,Märkisch-Oderland,Lindendorf,15306,Lindendorf,,,14.413481,52.509934,4200.000,4200.000,2025-12-19,,2025-12-17,Lithium-Batterie,Batterie,Speicher,SSE933323457049,14224.000
SEE952807129814,Crinitz 1 Speicher,ABR984070696229,In Betrieb,Deutschland,Brandenburg,Elbe-Elster,Crinitz,03246,Crinitz,,,13.775715,51.744763,1800.000,1800.000,2025-12-10,,2025-12-08,Lithium-Batterie,Batterie,Speicher,SSE941014774658,6096.000
SEE902671597974,LIB1001,ABR948297156652,In Betrieb,Deutschland,Hessen,Main-Kinzig-Kreis,Birstein,63633,Birstein,Hilpertswiese,7,9.321229,50.340797,110.000,40.000,2023-09-29,,2023-09-22,Lithium-Batterie,Batterie,Speicher,SSE998078984899,110.000
SEE945127767460,Speicher HOS,ABR968080324679,In Betrieb,Deutschland,Mecklenburg-Vorpommern,Ludwigslust-Parchim,Lübz,19386,Lübz,Gewerbering,6,12.024074,53.472969,100.000,100.000,2023-05-03,,2023-05-03,Lithium-Batterie,Batterie,Speicher,SSE995015216808,1152.000
SEE963528878882,Batteriespeicher-Görschen,ABR914405088863,In Betrieb,Deutschland,Sachsen-Anhalt,Burgenlandkreis,Mertendorf,06618,Mertendorf,Südring,9,11.910968,51.108576,120.000,120.000,2023-05-03,,2023-05-03,Lithium-Batterie,Batterie,Speicher,SSE985338732604,225.000
SEE984621315456,Swebenring 10 Stromspeicher,ABR952502008421,In Betrieb,Deutschland,Nordrhein-Westfalen,Recklinghausen,Dorsten,46286,Dorsten,Swebenring,10,7.037595,51.721422,100.000,100.000,2023-11-23,,2023-10-18,Lithium-Batterie,Batterie,Speicher,SSE958407900105,50.000
SEE955109146497,Tesvolt Kastanienhof,ABR959469768764,In Betrieb,Deutschland,Bayern,Weißenburg-Gunzenhausen,Pleinfeld,91785,Pleinfeld,Bahnhofstraße,1,10.981783,49.107642,120.000,120.000,2023-05-09,,2023-03-30,Lithium-Batterie,Batterie,Speicher,SSE946641071392,160.000
SEE925840835059,Speicher,ABR963588686533,In Betrieb,Deutschland,Nordrhein-Westfalen,Borken,Borken,46325,Borken,Hansestraße,40,6.884804,51.851328,280.000,280.000,2023-05-14,,2023-05-08,Lithium-Batterie,Batterie,Speicher,SSE945690697621,608.000
SEE916271713085,WEC 1,ABR986575469575,In Betrieb,Deutschland,Nordrhein-Westfalen,Paderborn,Paderborn,33104,Paderborn,Lise-Meitner-Straße,1 b,8.722012,51.728246,150.000,150.000,2023-05-15,,2023-05-12,Lithium-Batterie,Batterie,Speicher,SSE907366905362,307.200
SEE911771571487,Batteriespeicher Ressourcenschutzsiedlung Bedburg-Kaster,ABR918975416231,In Planung,Deutschland,Nordrhein-Westfalen,Rhein-Erft-Kreis,Bedburg,50181,Bedburg,Stresemannstraße,5a,6.550812,51.009100,100.000,100.000,2023-05-16,2023-12-01,,Sonstige Batterie,Batterie,Speicher,SSE930470853472,149.900
SEE957495560468,Speicher Schützengasse Fürth,ABR960504436517,In Betrieb,Deutschland,Hessen,Bergstraße,Fürth,64658,Fürth,Schützengasse,14,8.786420,49.650444,239.760,239.760,2023-09-27,,2023-11-24,Lithium-Batterie,Batterie,Speicher,SSE911631338861,288.000
SEE925543621515,ECO POWER ONE AB,ABR963986876604,In Betrieb,Deutschland,Schleswig-Holstein,Schleswig-Flensburg,Bollingstedt,24855,Bollingstedt,,,9.473966,54.577266,51750.000,51750.000,2025-03-25,,2025-03-13,Lithium-Batterie,Batterie,Speicher,SSE913290603359,119264.000
SEE900883745848,Stromspeicher Albersloh_2023_XX_XX,ABR976647314957,In Planung,Deutschland,Nordrhein-Westfalen,Warendorf,Sendenhorst,48324,Sendenhorst,Sunger,36,7.715760,51.850366,150.000,45.000,2026-01-13,2026-02-01,,Lithium-Batterie,Batterie,Speicher,SSE905416022984,160.000
SEE934056003794,Batteriespeicher,ABR986769815126,In Betrieb,Deutschland,Bayern,Günzburg,Jettingen-Scheppach,89343,Jettingen-Scheppach,Messerschmittstraße,20,10.437395,48.401986,120.000,120.000,2023-08-28,,2023-06-15,Lithium-Batterie,Batterie,Speicher,SSE981554009070,540.000
SEE901767929231,PV Speicher Kartoffellager,ABR944281385602,In Betrieb,Deutschland,Baden-Württemberg,Waldshut,Lauchringen,79787,Lauchringen,Schwerzweg,2,8.357089,47.620721,294.000,88.000,2023-05-30,,2023-04-30,Sonstige Batterie,Batterie,Speicher,SSE965652915532,327.000
SEE912061912034,Speicheranlage Lebenshilfe Weddersleben alte Trafostation,ABR929915943427,In Planung,Deutschland,Sachsen-Anhalt,Harz,Thale,06502,Thale,Quedlinburger Straße,2,11.089033,51.764726,192.000,192.000,2023-06-12,2023-10-01,,Lithium-Batterie,Batterie,Speicher,SSE950971361030,192.000
SEE931066475139,Lastmanagement OWII,ABR946180766308,In Betrieb,Deutschland,Sachsen-Anhalt,Börde,Sülzetal,39171,Sülzetal,Lange Göhren,13 B,11.598381,52.052881,352.000,352.000,2024-03-19,,2023-01-10,Lithium-Batterie,Batterie,Speicher,SSE983049485765,300.000
SEE913795928759,SMAREG9 Freiberg,ABR995829519652,In Betrieb,Deutschland,Sachsen,Mittelsachsen,Freiberg,09599,Freiberg,Knappenweg,1e,13.363287,50.910436,20000.000,20000.000,2024-02-19,,2024-02-12,Lithium-Batterie,Batterie,Speicher,SSE912485425028,20260.000
SEE927926151084,Alt-Biesdorf 36,ABR965685697924,In Betrieb,Deutschland,Berlin,Berlin,Berlin,12683,Berlin,Alt-Biesdorf,36,13.561917,52.507580,130.000,75.000,2023-06-13,,2023-04-28,Lithium-Batterie,Batterie,Speicher,SSE954993779774,67.000
SEE908582079066,Stromspeicher 1,ABR989137141995,In Betrieb,Deutschland,Bayern,Schwandorf,Schönsee,92539,Schönsee,Am Lauber Berg,2 ,12.538356,49.512876,368.000,368.000,2023-08-21,,2023-08-01,Nickel-Cadmium- / Nickel-Metallhydridbatterie,Batterie,Speicher,SSE923532745501,656.000
SEE901024459440,ECO POWER THREE,ABR976207446951,In Planung,Deutschland,Sachsen-Anhalt,Salzlandkreis,Staßfurt,39443,Staßfurt,,,11.637500,51.910500,300000.000,300000.000,2023-09-07,2027-02-01,,Lithium-Batterie,Batterie,Speicher,SSE966382373159,600000.000
SEE907970891730,Speicher 01,ABR928900284989,In Betrieb,Deutschland,Sachsen,Sächsische Schweiz-Osterzgebirge,Wilsdruff,01723,Wilsdruff,Freiberger Straße,79,13.544492,51.040172,280.000,280.000,2023-06-30,,2023-06-01,Lithium-Batterie,Batterie,Speicher,SSE975375996435,320.000
SEE996118429669,Stromspeicher AES Park 1,ABR981200868938,In Betrieb,Deutschland,Nordrhein-Westfalen,Lippe,Blomberg,32825,Blomberg,Flachsmarktstraße,8,9.104561,51.936407,1000.000,1000.000,2023-09-26,,2023-09-01,Lithium-Batterie,Batterie,Speicher,SSE970084750101,1200.000
SEE921947771573,Speicher Stresow,ABR967753257795,In Betrieb,Deutschland,Sachsen-Anhalt,Jerichower Land,Möckern,39291,Stresow,Krüssauer Straße,11,12.033445,52.263369,2900.000,2900.000,2023-07-04,,2023-04-12,Lithium-Batterie,Batterie,Speicher,SSE942632906551,2900.000
SEE972060967626,Stromspeicher AES Park 2,ABR981200868938,In Betrieb,Deutschland,Nordrhein-Westfalen,Lippe,Blomberg,32825,Blomberg,Flachsmarktstraße,8,9.103464,51.936309,225.000,225.000,2023-09-26,,2023-09-01,Lithium-Batterie,Batterie,Speicher,SSE924789686777,280.000
SEE912655370615,Speicher Volke 2023,ABR982362386339,In Betrieb,Deutschland,Hessen,Schwalm-Eder-Kreis,Fritzlar,34560,Fritzlar,Lindenweg,7,9.266090,51.117126,120.000,120.000,2023-07-10,,2023-02-21,Lithium-Batterie,Batterie,Speicher,SSE952426787204,268.000
SEE928668590346,Tria-Technologies Eschbach Speicher-Anlage 100kVA,ABR958993984640,In Betrieb,Deutschland,Baden-Württemberg,Breisgau-Hochschwarzwald,Eschbach,79427,Eschbach,Münstertäler Straße,1,7.627192,47.894632,100.000,100.000,2023-08-15,,2023-08-01,Lithium-Batterie,Batterie,Speicher,SSE902037554115,277.200
SEE995990551802,Batteriespeicher,ABR986779066907,In Betrieb,Deutschland,Hessen,Wiesbaden,Wiesbaden,55246,Mainz-Kostheim,Hochheimer Straße,63,8.299074,50.009042,255.000,255.000,2023-07-12,,2023-05-11,Lithium-Batterie,Batterie,Speicher,SSE925105562553,2016.000
SEE919706766267,Batteriespeicher Porta Westfalica 01,ABR905213585842,In Betrieb,Deutschland,Nordrhein-Westfalen,Minden-Lübbecke,Porta Westfalica,32457,Porta Westfalica,,,8.882030,52.201734,300.000,300.000,2023-07-13,,2023-07-13,Lithium-Batterie,Batterie,Speicher,SSE953499005691,544.800
SEE940989624562,PV Speicher Anckelmann Str.,ABR910371053898,In Betrieb,Deutschland,Hamburg,Hamburg,Hamburg,20537,Hamburg,Anckelmannstraße,10,10.032415,53.552904,120.000,120.000,2023-07-13,,2023-07-04,Lithium-Batterie,Batterie,Speicher,SSE993494622592,268.000
SEE945160805112,PV-Speicher | Amboßstr. 1,ABR911945406416,In Betrieb,Deutschland,Niedersachsen,Emsland,Werlte,49757,Werlte,Hammerstraße,13,7.660142,52.852895,137.000,100.000,2023-07-14,,2022-12-22,Lithium-Batterie,Batterie,Speicher,SSE927038818042,137.000
SEE951380703534,FWAR-E-L012:EC001+EI00001,ABR960640540840,In Betrieb,Deutschland,Nordrhein-Westfalen,Soest,Warstein,59581,Warstein,Max-Planck-Straße,5,8.323879,51.487856,600.000,600.000,2024-12-19,,2024-01-01,Lithium-Batterie,Batterie,Speicher,SSE902374706529,712.000
SEE908049956893,AKKU 2023,ABR917863647856,In Betrieb,Deutschland,Niedersachsen,Diepholz,Hemsloh,49453,Hemsloh,Mühlenstraße,6,8.506821,52.598083,432.000,180.000,2023-07-27,,2023-07-21,Lithium-Batterie,Batterie,Speicher,SSE979627517560,432.000
SEE904840860605,Energiespeicher ESB-Zentrale,ABR981650305076,In Betrieb,Deutschland,Bayern,München,München,81539,München,,,,,138.000,25.000,2023-09-25,,2023-09-19,Lithium-Batterie,Batterie,Speicher,SSE975163877557,138.000
SEE944213615364,Erdtrans Speicher,ABR909754072427,In Betrieb,Deutschland,Brandenburg,Teltow-Fläming,Zossen,15806,Zossen,Kleine Feldstraße,7,13.435840,52.228155,120.000,120.000,2023-08-03,,2023-07-28,Lithium-Batterie,Batterie,Speicher,SSE987978450771,268.000
SEE951884006780,Libreco Speicher,ABR934688815994,In Betrieb,Deutschland,Nordrhein-Westfalen,Gelsenkirchen,Gelsenkirchen,45888,Gelsenkirchen,Europastraße,12,7.123717,51.511900,150.000,150.000,2023-08-03,,2022-08-16,Lithium-Batterie,Batterie,Speicher,SSE932546834231,192.000
SEE996747777308,Speicher,ABR911353525334,In Betrieb,Deutschland,Baden-Württemberg,Tuttlingen,Rietheim-Weilheim,78604,Rietheim-Weilheim,Seitinger Straße,14,8.771351,48.027352,210.000,210.000,2023-08-04,,2023-08-10,Lithium-Batterie,Batterie,Speicher,SSE980049486389,306.000
SEE933400197608,Pflegeheim Kirchardt Speicher,ABR967555505582,In Betrieb,Deutschland,Baden-Württemberg,Heilbronn,Kirchardt,74912,Kirchardt,Hauptstraße,74-86,8.989056,49.203941,153.500,92.000,2023-08-09,,2023-12-21,Lithium-Batterie,Batterie,Speicher,SSE976802980584,133.600
SEE916249874749,Treuen Halle 14 Speicher,ABR938884948494,In Betrieb,Deutschland,Sachsen,Vogtlandkreis,Treuen,08233,Treuen,Mittlerer Ring,10,12.280924,50.548270,100.000,100.000,2023-12-15,,2023-12-06,Lithium-Batterie,Batterie,Speicher,SSE917078386250,277.000
SEE914298582424,Speicher 2023,ABR931448916267,In Betrieb,Deutschland,Nordrhein-Westfalen,Borken,Ahaus,48683,Ahaus,Siemensstraße,10,7.024148,52.079982,150.000,150.000,2023-08-10,,2023-07-20,Lithium-Batterie,Batterie,Speicher,SSE932449232752,288.000
SEE950498517415,Stromspeicher ROLEC Gehäuse-Systeme GmbH,ABR972384949810,In Betrieb,Deutschland,Niedersachsen,Schaumburg,Rinteln,31737,Rinteln,Kreuzbreite,2,9.081025,52.166899,100.000,100.000,2023-08-25,,2023-08-25,Lithium-Batterie,Batterie,Speicher,SSE934664866125,138.600
SEE957170374052,ABR975253473744,ABR975253473744,In Planung,Deutschland,Baden-Württemberg,Baden-Baden,Baden-Baden,76530,Baden-Baden,,,,,100.000,25.000,2023-08-16,2023-08-21,,Lithium-Batterie,Batterie,Speicher,SSE997791036809,65.700
SEE934748929937,Spielarcaden Illerberg Batterie,ABR973527531855,In Betrieb,Deutschland,Bayern,Neu-Ulm,Vöhringen,89269,Vöhringen,An der Alten Ziegelei,8,10.115759,48.284294,120.000,90.000,2023-08-17,,2023-06-01,Lithium-Batterie,Batterie,Speicher,SSE907963272454,120.000
SEE927306118690,Spielarcaden Augsburg Batterie,ABR973527531855,In Betrieb,Deutschland,Bayern,Augsburg,Augsburg,86165,Augsburg,Kurt-Schumacher-Straße,20,10.929878,48.377887,120.000,90.000,2023-08-17,,2023-08-01,Lithium-Batterie,Batterie,Speicher,SSE904608648841,120.000
SEE996187840204,WEC 2,ABR986575469575,In Betrieb,Deutschland,Nordrhein-Westfalen,Paderborn,Paderborn,33106,Paderborn,Hedwig-Dransfeld Straße 1,1,8.722692,51.727334,150.000,150.000,2023-08-22,,2023-04-01,Blei-Batterie,Batterie,Speicher,SSE968925705922,307.200
SEE935933277536,Speicher PV Anlage Enno Roggemann GmbH ＆ Co.KG,ABR924833110302,In Betrieb,Deutschland,Bremen,Bremen,Bremen,28197,Bremen,Ahrensstraße,4,8.745420,53.083721,120.000,120.000,2023-08-22,,2023-08-17,Lithium-Batterie,Batterie,Speicher,SSE945888350819,576.000
SEE989204666888,Solarpark Dorfen - Speicher,ABR982709906572,In Betrieb,Deutschland,Bayern,Erding,Dorfen,84405,Dorfen,,,12.178791,48.258737,1472.000,1472.000,2025-07-24,,2025-07-15,Lithium-Batterie,Batterie,Speicher,SSE949215751157,2318.000
SEE928595720434,PV Epe Batt,ABR982989341797,In Planung,Deutschland,Nordrhein-Westfalen,Borken,Gronau (Westf.),48599,Gronau,,,7.028543,52.174207,5000.000,5000.000,2023-08-23,2026-09-01,,Lithium-Batterie,Batterie,Speicher,SSE921564276857,10000.000
SEE917303425938,Stromspeicher_Anlage 2023,ABR925134089250,In Betrieb,Deutschland,Nordrhein-Westfalen,Borken,Borken,46325,Borken,Benningsweg,24,6.863341,51.906893,170.000,170.000,2024-01-30,,2023-11-06,Lithium-Batterie,Batterie,Speicher,SSE914431280897,384.000
SEE945798007834,Speicher Eggenreuth,ABR996011346957,In Betrieb,Deutschland,Bayern,Kulmbach,Kulmbach,95326,Kulmbach,,,11.471510,50.131510,6670.000,6670.000,2026-05-06,,2026-04-30,Lithium-Batterie,Batterie,Speicher,SSE944388946416,23212.000
SEE910986337741,HMM-2022-005-1 Langhagen-Speicher,ABR906864070299,In Planung,Deutschland,Mecklenburg-Vorpommern,Rostock,Lalendorf,18279,Lalendorf,Am Kieswerk,,12.433232,53.677372,1500.000,1500.000,2023-08-25,2024-10-31,,Lithium-Batterie,Batterie,Speicher,SSE968877296424,2608.900
SEE968732216758,HMM-2022-036 Zurow-Speicher,ABR906864070299,In Planung,Deutschland,Mecklenburg-Vorpommern,Nordwestmecklenburg,Zurow,23992,Zurow,,,11.622288,53.866795,1100.000,1100.000,2023-08-25,2024-10-31,,Lithium-Batterie,Batterie,Speicher,SSE903518158334,1863.500
SEE906209865634,067-Treuenbrietzen-Speicher,ABR906864070299,In Planung,Deutschland,Brandenburg,Potsdam-Mittelmark,Treuenbrietzen,14929,Treuenbrietzen,,,12.844824,52.082912,2250.000,2250.000,2023-08-25,2024-10-31,,Lithium-Batterie,Batterie,Speicher,SSE911151033376,4472.400
SEE994614006186,MJ 6. Speicher,ABR990968760699,In Betrieb,Deutschland,Bayern,Deggendorf,Moos,94554,Moos,,,12.973369,48.731559,7100.000,7100.000,2025-06-06,,2025-06-05,Lithium-Batterie,Batterie,Speicher,SSE996982937833,22360.000
SEE932115838646,Energiespeicher Hotel,ABR994705076395,In Betrieb,Deutschland,Nordrhein-Westfalen,Steinfurt,Tecklenburg,49545,Tecklenburg,Im Bocketal,2,7.753767,52.229363,150.000,150.000,2023-08-28,,2022-12-21,Lithium-Batterie,Batterie,Speicher,SSE966661473457,372.000
SEE963176274500,MJ 12. Speicher,ABR921509253592,In Betrieb,Deutschland,Bayern,Deggendorf,Moos,94554,Moos,,,12.975337,48.728528,4750.000,4750.000,2025-06-06,,2025-06-05,Lithium-Batterie,Batterie,Speicher,SSE920070113991,13416.000
SEE912414171583,Speicher Krumpa West,ABR978149412605,In Planung,Deutschland,Sachsen-Anhalt,Saalekreis,Braunsbedra,06242,Braunsbedra,,,11.849017,51.289289,6670.000,6670.000,2023-08-28,2027-03-26,,Lithium-Batterie,Batterie,Speicher,SSE904428504648,16932.000
SEE910346930148,Speicher Krumpa Ost,ABR978149412605,In Planung,Deutschland,Sachsen-Anhalt,Saalekreis,Braunsbedra,06242,Braunsbedra,,,11.848977,51.289163,6670.000,6670.000,2023-08-28,2027-08-25,,Lithium-Batterie,Batterie,Speicher,SSE901099879310,16932.000
SEE957605324850,Dürrer Weiher EEG,ABR905133523580,In Betrieb,Deutschland,Bayern,Deggendorf,Moos,94554,Moos,,,12.934662,48.749095,4500.000,4500.000,2025-06-06,,2025-06-01,Lithium-Batterie,Batterie,Speicher,SSE979066690732,13416.000
SEE995613098226,Speicher Gelpertsricht,ABR990561781930,In Betrieb,Deutschland,Bayern,Neustadt a.d. Waldnaab,Luhe-Wildenau,92706,Luhe-Wildenau,,,12.101690,49.587790,4000.000,4000.000,2026-02-09,,2026-02-02,Lithium-Batterie,Batterie,Speicher,SSE934605848395,10160.000
SEE986862951462,Hinterer Grieß - BESS,ABR916152227588,In Betrieb,Deutschland,Bayern,Haßberge,Untermerzbach,96190,Untermerzbach,,,10.849310,50.119680,3048.000,2400.000,2026-03-26,,2026-03-24,Lithium-Batterie,Batterie,Speicher,SSE912718593845,6096.000
SEE993343765999,Köpfelholz - BESS,ABR964894427667,In Betrieb,Deutschland,Bayern,Aichach-Friedberg,Sielenbach,86577,Sielenbach,,,11.183220,48.388510,8944.000,8944.000,2026-03-12,,2026-03-01,Lithium-Batterie,Batterie,Speicher,SSE947512754741,17888.000
SEE985742900385,Reutern - BESS 1,ABR973463132475,In Betrieb,Deutschland,Bayern,Augsburg,Welden,86465,Welden,,,10.635830,48.463650,4472.000,4472.000,2026-04-02,,2026-04-02,Lithium-Batterie,Batterie,Speicher,SSE902465694100,8944.000
SEE916616739619,Schweinberg - BESS,ABR973463132475,In Betrieb,Deutschland,Baden-Württemberg,Neckar-Odenwald-Kreis,Hardheim,74736,Hardheim,,,9.534860,49.610880,4064.000,3520.000,2026-03-20,,2026-03-17,Lithium-Batterie,Batterie,Speicher,SSE906720907998,8128.000
SEE944672731872,Seibersdorf - BESS,ABR980648329308,In Betrieb,Deutschland,Bayern,Regensburg,Bernhardswald,93170,Bernhardswald,,,12.234220,49.125960,4472.000,4472.000,2026-03-24,,2026-03-20,Lithium-Batterie,Batterie,Speicher,SSE986508981235,8944.000
SEE935103691353,PB PV 12 Speicher,ABR974439140241,In Betrieb,Deutschland,Nordrhein-Westfalen,Paderborn,Paderborn,33104,Paderborn,,,8.693179,51.767903,1584.000,1584.000,2025-03-28,,2025-03-26,Lithium-Batterie,Batterie,Speicher,SSE964236299907,4836.000
SEE913483427694,Speicher Beilrode II - Teilanlage 1,ABR903837623278,In Betrieb,Deutschland,Sachsen,Nordsachsen,Beilrode,04886,Beilrode,Am Dorfe,901,13.091230,51.574000,10400.000,10400.000,2025-03-20,,2025-03-17,Lithium-Batterie,Batterie,Speicher,SSE966438772592,26420.940
SEE908124563169,Rötenbach - BESS 1,ABR919873372919,In Betrieb,Deutschland,Baden-Württemberg,Ostalbkreis,Bartholomä,73566,Bartholomä,,,9.963580,48.743310,4472.000,4472.000,2026-04-01,,2026-03-31,Lithium-Batterie,Batterie,Speicher,SSE985614007327,8944.000
SEE908699490754,BAT Querfurt,ABR962668359183,In Betrieb,Deutschland,Sachsen-Anhalt,Saalekreis,Querfurt,06268,Querfurt,,,11.575877,51.376858,3000.000,3000.000,2026-02-05,,2026-01-22,Lithium-Batterie,Batterie,Speicher,SSE916710345990,6096.000
SEE959602211720,Speicher Adelsheim - P21-096 - 1.000 kW Inn23-2/043,ABR903064164919,In Betrieb,Deutschland,Baden-Württemberg,Neckar-Odenwald-Kreis,Adelsheim,74740,Adelsheim,,,9.418565,49.359815,1000.000,1000.000,2026-03-30,,2026-03-30,Lithium-Batterie,Batterie,Speicher,SSE964150342482,2032.000
SEE918002872818,Speicher Oeversee,ABR944527333541,In Betrieb,Deutschland,Schleswig-Holstein,Schleswig-Flensburg,Oeversee,24988,Oeversee,,,9.395000,54.722000,3000.000,3000.000,2024-12-16,,2024-12-12,Lithium-Batterie,Batterie,Speicher,SSE983604726845,8000.000
SEE922419700923,"Speicher Schweitenkirchen - P22-472 - 4.000,00 kW BESS Inn23-2/024",ABR981354740210,In Betrieb,Deutschland,Bayern,Pfaffenhofen a.d. Ilm,Schweitenkirchen,85301,Schweitenkirchen,,,11.593935,48.493230,4000.000,4000.000,2026-02-11,,2026-02-02,Lithium-Batterie,Batterie,Speicher,SSE953903975305,8128.000
SEE970361842536,Speicher Stamsried - P22-221,ABR904311566517,In Betrieb,Deutschland,Bayern,Cham,Stamsried,93491,Stamsried,,,12.512933,49.244838,2000.000,2000.000,2025-05-16,,2025-05-05,Lithium-Batterie,Batterie,Speicher,SSE959483707480,4000.000
SEE926237890071,Speicher Seetz - P22-360,ABR969796136747,In Planung,Deutschland,Brandenburg,Prignitz,Karstädt,19357,Karstädt,,,11.640651,53.169364,4000.000,4000.000,2023-08-31,2025-11-09,,Lithium-Batterie,Batterie,Speicher,SSE944729668656,8000.000
SEE934558486040,"Speicher Wölfersheim - P23-039 - 3.000,00 kW Inn23-2/038",ABR900642870026,In Betrieb,Deutschland,Hessen,Wetteraukreis,Wölfersheim,61200,Wölfersheim,,,8.877797,50.412868,3000.000,3000.000,2026-04-02,,2026-04-01,Lithium-Batterie,Batterie,Speicher,SSE996056858514,6096.000
SEE972805528464,"Speicher Laaber - P23-003 - BESS 2.000,00 kW - Inn23-2/023",ABR921739040672,In Betrieb,Deutschland,Bayern,Regensburg,Laaber,93164,Laaber,,,11.920451,49.058271,2000.000,2000.000,2026-02-20,,2026-02-16,Lithium-Batterie,Batterie,Speicher,SSE962604565265,4064.000
SEE916398160267,"Solarpark Denkendorf V - P23-354 - BESS 2.000,00 kW Inn23-2/036",ABR971851466164,In Betrieb,Deutschland,Bayern,Eichstätt,Denkendorf,85095,Denkendorf,,,11.445506,48.942118,2000.000,2000.000,2026-02-12,,2026-02-02,Lithium-Batterie,Batterie,Speicher,SSE965306473272,4064.000
SEE961114733133,Speicher Wolfratshausen II - P23-197,ABR909538192563,In Planung,Deutschland,Bayern,Bad Tölz-Wolfratshausen,Wolfratshausen,82515,Wolfratshausen,,,11.410721,47.899347,1000.000,1000.000,2023-08-31,2025-11-09,,Lithium-Batterie,Batterie,Speicher,SSE969790370000,2000.000
SEE967356540492,Speicher Weinheim - P23-055,ABR981923295486,In Betrieb,Deutschland,Baden-Württemberg,Rhein-Neckar-Kreis,Weinheim,69469,Weinheim,,,8.623854,49.549711,2000.000,2000.000,2025-04-02,,2025-04-02,Lithium-Batterie,Batterie,Speicher,SSE901977608117,4064.000
SEE982694811646,Speicher Mosbach - P18-016,ABR981446327817,In Betrieb,Deutschland,Bayern,Ansbach,Feuchtwangen,91555,Feuchtwangen,,,10.260333,49.164556,2032.000,2032.000,2025-03-27,,2025-03-26,Lithium-Batterie,Batterie,Speicher,SSE943959282274,4064.000
SEE984534310180,Speicher Dinkelscherben - P22-217,ABR967390846826,In Betrieb,Deutschland,Bayern,Augsburg,Dinkelscherben,86424,Dinkelscherben,,,10.613372,48.337672,3000.000,3000.000,2025-05-07,,2025-04-29,Lithium-Batterie,Batterie,Speicher,SSE924950058860,6096.000
SEE949683286496,Speicher Colbitz II - P23-206 - Inn23-2/029 - 3.000 kW,ABR973028189746,In Betrieb,Deutschland,Sachsen-Anhalt,Börde,Colbitz,39326,Colbitz,,,11.612733,52.337252,3000.000,3000.000,2026-03-30,,2026-03-27,Lithium-Batterie,Batterie,Speicher,SSE905872657362,6096.000
SEE933372231157,"Speicher Beratzhausen III - P23-025 - 4.000,00 kW Inn23-2/039",ABR964413271108,In Betrieb,Deutschland,Bayern,Regensburg,Beratzhausen,93176,Beratzhausen,,,11.850423,49.149049,4000.000,4000.000,2026-04-02,,2026-03-30,Lithium-Batterie,Batterie,Speicher,SSE962632795764,8128.000
SEE917403814939,Speicher Bakum - P23-151,ABR940440356254,In Planung,Deutschland,Niedersachsen,Vechta,Bakum,49456,Bakum,,,8.187430,52.760226,2000.000,2000.000,2023-08-31,2025-11-15,,Lithium-Batterie,Batterie,Speicher,SSE914816329487,4000.000
SEE960417872129,Speicher Walsleben - P21-275,ABR916301468374,In Planung,Deutschland,Brandenburg,Ostprignitz-Ruppin,Walsleben,16818,Walsleben,,,12.686608,52.943893,2000.000,2000.000,2023-08-31,2026-04-06,,Lithium-Batterie,Batterie,Speicher,SSE938628565321,4000.000
SEE992016833690,Speicher Sappenfeld - P22-271 - 2.000 kW Inn23-2/035,ABR982924706339,In Betrieb,Deutschland,Bayern,Eichstätt,Schernfeld,85132,Schernfeld,,,11.146881,48.941599,2000.000,2000.000,2026-03-30,,2026-03-30,Lithium-Batterie,Batterie,Speicher,SSE926211848227,4064.000
SEE936876390009,Speicher Hambergen - P21-149 - Inn23-2/033 - 2.000 kW,ABR970975048409,In Betrieb,Deutschland,Niedersachsen,Osterholz,Hambergen,27729,Hambergen,,,8.812028,53.273833,2000.000,2000.000,2026-03-27,,2026-03-26,Lithium-Batterie,Batterie,Speicher,SSE972944536078,4064.000
SEE978289806845,"Speicher Martinsheim - P23-148 - 4.000,00 kW Inn23-2/034",ABR960180079954,In Betrieb,Deutschland,Bayern,Kitzingen,Martinsheim,97340,Martinsheim,,,10.175776,49.606410,4000.000,4000.000,2026-04-02,,2026-03-30,Lithium-Batterie,Batterie,Speicher,SSE982503866065,8128.000
SEE971658562977,Speicher Prosselsheim - P23-089 - 3.000 kW - Inn23-2/026,ABR985560393888,In Betrieb,Deutschland,Bayern,Würzburg,Prosselsheim,97279,Prosselsheim,,,10.102511,49.858894,3000.000,3000.000,2026-03-27,,2026-03-26,Lithium-Batterie,Batterie,Speicher,SSE991483243797,6096.000
SEE930257157069,"Speicher Altdorf bei Nürnberg II - P23-349 - BESS 5.000,00 kW Inn23-2/028",ABR915512098011,In Betrieb,Deutschland,Bayern,Nürnberger Land,Altdorf b. Nürnberg,90518,Altdorf,,,11.419545,49.413608,5000.000,5000.000,2026-02-13,,2026-02-02,Lithium-Batterie,Batterie,Speicher,SSE985098577699,10160.000
SEE915679195233,Feldstraße,ABR945003053076,In Betrieb,Deutschland,Nordrhein-Westfalen,Warendorf,Beckum,59269,Beckum,Feldstraße,20,8.048295,51.762418,150.000,150.000,2023-09-01,,2023-08-04,Lithium-Batterie,Batterie,Speicher,SSE951234646239,152.000
SEE958202661713,Stromspeicher Halle 41,ABR966786050625,In Betrieb,Deutschland,Niedersachsen,Aurich,Norden,26506,Norden,Seilerstraße,8,7.227532,53.575314,100.000,100.000,2023-11-14,,2023-10-24,Lithium-Batterie,Batterie,Speicher,SSE984314985416,112.800
SEE948100695248,Batteriespeicher 600 Kwh,ABR988119730479,In Betrieb,Deutschland,Bayern,Weißenburg-Gunzenhausen,Pappenheim,91788,Pappenheim,Göhren,95,11.014097,48.952806,120.000,120.000,2023-09-08,,2023-08-01,Lithium-Batterie,Batterie,Speicher,SSE974580089383,600.000
SEE950658969054,Intilion Speicher,ABR901188823286,In Betrieb,Deutschland,Hessen,Main-Taunus-Kreis,Kelkheim (Taunus),65779,Kelkheim,Max-Planck-Straße,9,8.467104,50.117355,100.000,100.000,2024-11-27,,2024-07-29,Lithium-Batterie,Batterie,Speicher,SSE956109455404,131.200
SEE989669456239,Batteriespeicher Schneeberg,ABR919237614525,In Betrieb,Deutschland,Sachsen,Erzgebirgskreis,Schneeberg,08289,Schneeberg,Joseph-Haydn-Straße,5,12.648727,50.606617,2500.000,2500.000,2024-02-02,,2023-12-18,Lithium-Batterie,Batterie,Speicher,SSE911094825786,2500.000
SEE905716508386,Speicher 1 Haubinda,ABR938699664114,In Betrieb,Deutschland,Thüringen,Hildburghausen,Westhausen,98663,Westhausen,Stiftung,1,10.645920,50.338445,100.000,100.000,2023-09-14,,2023-10-11,Lithium-Batterie,Batterie,Speicher,SSE921349049973,131.200
SEE963681976609,Tesvolt 324 kWh,ABR904333996156,In Betrieb,Deutschland,Hessen,Darmstadt-Dieburg,Groß-Umstadt,64823,Groß-Umstadt,Wilhelm-Leuschner-Straße,1,8.954619,49.841110,120.000,120.000,2023-09-15,,2023-01-16,Lithium-Batterie,Batterie,Speicher,SSE911557930972,324.000
SEE946065767734,Speicher 1-3,ABR967078230107,In Betrieb,Deutschland,Bayern,Ansbach,Ansbach,91522,Ansbach,Bernhardswinden,129,10.569429,49.264020,138.000,100.000,2023-09-19,,2023-09-19,Lithium-Batterie,Batterie,Speicher,SSE927742330816,40.500
SEE921117533901,Batteriespeicher SJM,ABR949619863210,In Betrieb,Deutschland,Nordrhein-Westfalen,Ennepe-Ruhr-Kreis,Ennepetal,58256,Ennepetal,Jacobstraße,41,7.388988,51.296924,2200.000,2200.000,2024-05-14,,2024-05-07,Lithium-Batterie,Batterie,Speicher,SSE905411291415,2700.000
SEE920936216545,PASM Großspeicher Münster I (Pixii),ABR902428166637,In Betrieb,Deutschland,Nordrhein-Westfalen,Münster,Münster,48155,Münster,Wolbecker Straße,268,7.666037,51.950091,1000.000,1000.000,2024-04-25,,2024-04-24,Lithium-Batterie,Batterie,Speicher,SSE901659051040,6000.000
SEE995958908020,PASM Großspeicher Münster II (Intillion),ABR902428166637,In Betrieb,Deutschland,Nordrhein-Westfalen,Münster,Münster,48155,Münster,Wolbecker Straße,268,7.666037,51.950091,1000.000,1000.000,2024-04-25,,2024-04-24,Lithium-Batterie,Batterie,Speicher,SSE931771174310,6000.000
SEE920332685334,PASM Großspeicher Hannover I (Intillion),ABR902428166637,In Betrieb,Deutschland,Niedersachsen,Region Hannover,Hannover,30625,Hannover,Neue-Land-Straße,6,9.799777,52.392921,5400.000,5400.000,2025-06-20,,2025-08-29,Lithium-Batterie,Batterie,Speicher,SSE991055062504,26832.000
SEE921509939243,PASM Großspeicher Bamberg I (Intillion),ABR902428166637,In Betrieb,Deutschland,Bayern,Bamberg,Bamberg,96050,Bamberg,Gutenbergstraße,13,10.925901,49.883288,5400.000,5400.000,2024-11-29,,2024-08-07,Lithium-Batterie,Batterie,Speicher,SSE912385681432,26832.000
SEE922354240911,Speicher Feuerwehr Ibbenbüren,ABR934991640733,In Betrieb,Deutschland,Nordrhein-Westfalen,Steinfurt,Ibbenbüren,49477,Ibbenbüren,Niedersachsenring,90,7.693730,52.285536,100.000,100.000,2024-02-07,,2023-09-28,Lithium-Batterie,Batterie,Speicher,SSE919588300368,150.000
SEE982668250747,ECO POWER FOUR,ABR978317570168,In Planung,Deutschland,Rheinland-Pfalz,Bernkastel-Wittlich,Wittlich,54516,Wittlich,,,6.921417,49.973056,300000.000,300000.000,2023-10-06,2028-09-01,,Lithium-Batterie,Batterie,Speicher,SSE988979078483,600000.000
SEE916532936024,Batteriespeicher Westfalen 1,ABR907042335667,In Betrieb,Deutschland,Nordrhein-Westfalen,Hamm,Hamm,59071,Hamm,Siegenbeckstraße,10,7.970723,51.682563,174240.000,140000.000,2024-12-30,,2024-12-28,Lithium-Batterie,Batterie,Speicher,SSE968739890555,150801.000
SEE993116568932,Batteriespeicher Neurath,ABR907042335667,In Betrieb,Deutschland,Nordrhein-Westfalen,Rhein-Kreis Neuss,Grevenbroich,41517,Grevenbroich,Energiestraße,101,6.612286,51.037649,99000.000,80000.000,2025-02-17,,2025-02-13,Lithium-Batterie,Batterie,Speicher,SSE987385351975,84364.000
SEE968425507361,Batteriespeicher Gödenroth II,ABR903690099142,In Betrieb,Deutschland,Rheinland-Pfalz,Rhein-Hunsrück-Kreis,Gödenroth,56290,Gödenroth,An der Trift,,7.498412,50.086232,1250.000,1250.000,2023-10-06,,2018-05-28,Lithium-Batterie,Batterie,Speicher,SSE926174756195,2000.000
SEE953563822049,Ahrensburg CT 1,ABR983046282251,In Betrieb,Deutschland,Schleswig-Holstein,Stormarn,Ahrensburg,22926,Ahrensburg,Kurt-Fischer-Straße,7,10.261197,53.683199,120.000,120.000,2023-10-09,,2023-01-02,Lithium-Batterie,Batterie,Speicher,SSE954492100000,144.000
SEE969128758715,BESS Maisach Trading,ABR910457324294,In Betrieb,Deutschland,Bayern,Fürstenfeldbruck,Maisach,82216,Maisach,,,11.239558,48.216899,3000.000,3000.000,2023-11-07,,2023-10-26,Lithium-Batterie,Batterie,Speicher,SSE999777814319,6096.000
SEE920624045648,ACH-München Obersendling Akku,ABR948343575833,In Betrieb,Deutschland,Bayern,München,München,81379,München,Zielstattstraße,8 C,11.531794,48.103267,640.000,640.000,2023-10-11,,2023-09-04,Lithium-Batterie,Batterie,Speicher,SSE948325462533,1000.000
SEE920888134461,Stromspeicher,ABR982221409087,In Betrieb,Deutschland,Bayern,Landshut,Kröning,84178,Kröning,Kronast,1,12.372760,48.557448,100.000,100.000,2023-10-11,,2023-07-17,Lithium-Batterie,Batterie,Speicher,SSE978531185612,138.600
SEE930847992643,PES Ohrdruf,ABR902645313012,In Betrieb,Deutschland,Thüringen,Gotha,Ohrdruf,99885,Ohrdruf,Hohenkirchener Straße,15,10.731221,50.833887,10350.000,10350.000,2024-07-31,,2024-07-26,Lithium-Batterie,Batterie,Speicher,SSE992954982764,13416.000
SEE965712731836,Speicher ROSIER Stendal 2023,ABR999893062762,In Betrieb,Deutschland,Sachsen-Anhalt,Stendal,Stendal,39576,Stendal,Arneburger Straße,140,11.867427,52.617526,175.000,175.000,2023-10-17,,2023-08-16,Lithium-Batterie,Batterie,Speicher,SSE971342109211,308.000
SEE937869340001,Speicher ROSIER Braunschweig 2023,ABR993549448160,In Betrieb,Deutschland,Niedersachsen,Braunschweig,Braunschweig,38122,Braunschweig,Frankfurter Straße,49,10.511772,52.246467,175.000,175.000,2023-10-17,,2024-01-15,Lithium-Batterie,Batterie,Speicher,SSE939440506912,308.000
SEE901865919493,Kallfass Solarspeicher,ABR981293527262,In Betrieb,Deutschland,Rheinland-Pfalz,Speyer,Speyer,67346,Speyer,Brunckstraße,18,8.419786,49.339304,100.000,100.000,2023-10-18,,2023-10-18,Lithium-Batterie,Batterie,Speicher,SSE960408577224,93.600
SEE914882774983,Stromspeicher MultiColor,ABR975135407287,In Betrieb,Deutschland,Baden-Württemberg,Heilbronn,Lauffen am Neckar,74348,Lauffen,Hoher Steg,9,9.179392,49.073127,600.000,600.000,2023-10-19,,2022-11-01,Lithium-Batterie,Batterie,Speicher,SSE997053864553,660.000
SEE938369709749,BIG Battery Storage,ABR933145590481,In Betrieb,Deutschland,Niedersachsen,Vechta,Vechta,49377,Vechta,Auf der Lage,2,8.263005,52.771736,552.000,552.000,2025-12-30,,2025-12-05,Lithium-Batterie,Batterie,Speicher,SSE941913412514,1344.000
SEE976554377953,Intilion1,ABR946693063123,In Betrieb,Deutschland,Sachsen,Leipzig,Borna,04552,Borna,Gewerbegebiet Eula West,11,12.506784,51.153575,100.000,100.000,2023-10-23,,2023-09-11,Lithium-Batterie,Batterie,Speicher,SSE987566977505,131.200
SEE990069832882,Speicher 2. Bauabschnitt PVA,,Endgültig stillgelegt,Deutschland,Mecklenburg-Vorpommern,Vorpommern-Rügen,Samtens,18573,Samtens,Bergener Str.,11,13.307472,54.362357,153.700,110.000,2024-01-26,,2024-01-17,Lithium-Batterie,Batterie,Speicher,SSE902532253384,66.800
SEE901198561468,HMS_Batterie,ABR988599374569,In Betrieb,Deutschland,Sachsen-Anhalt,Magdeburg,Magdeburg,39124,Magdeburg,Ankerstraße,15,11.636059,52.154116,132.000,60.000,2023-10-26,,2023-10-25,Lithium-Batterie,Batterie,Speicher,SSE999856351216,132.480
SEE998770231932,Batterie-Speicher PV,ABR931073521881,In Betrieb,Deutschland,Mecklenburg-Vorpommern,Rostock,Güstrow,18273,Güstrow,Zum Steinsitz,4,12.229692,53.796656,132.000,132.000,2025-11-05,,2025-11-05,Lithium-Batterie,Batterie,Speicher,SSE984354380974,160.000
SEE938950006684,Schmitz 150kw Speicher,ABR919124221867,In Betrieb,Deutschland,Nordrhein-Westfalen,Kleve,Rees,46459,Rees,Empeler Straße,114,6.403378,51.775842,150.000,36.000,2023-10-27,,2023-10-02,Lithium-Batterie,Batterie,Speicher,SSE981429874765,135.000
SEE920151061364,Brinkers Transporte ＆ Conatinerdienst GmbH Speicher 308 kWh,ABR999985971422,In Betrieb,Deutschland,Niedersachsen,Grafschaft Bentheim,Nordhorn,48529,Nordhorn,Otto-Hahn-Straße,24,7.079946,52.403234,100.000,100.000,2023-10-30,,2023-10-30,Lithium-Batterie,Batterie,Speicher,SSE937334694899,308.000
SEE973036369659,BSW-Batterie NAS 1,ABR995015782372,In Betrieb,Deutschland,Brandenburg,Oberspreewald-Lausitz,Schwarzheide,01987,Schwarzheide,Schipkauer Straße,1,13.876286,51.471801,980.000,980.000,2023-12-11,,2023-11-16,Sonstige Batterie,Batterie,Speicher,SSE996611387657,5800.000
SEE901811699745,DEPA Cell 300,ABR976295768539,In Betrieb,Deutschland,Nordrhein-Westfalen,Leverkusen,Leverkusen,51377,Leverkusen,Friedrich-Sertürner-Straße,5,7.017496,51.038931,150.000,103.000,2023-11-07,,2023-10-27,Lithium-Batterie,Batterie,Speicher,SSE939057625174,280.000
SEE999603322889,Batteriespeicher Neufahrn,ABR914002468495,In Betrieb,Deutschland,Bayern,Freising,Neufahrn b. Freising,85375,Neufahrn,Zeppelinstraße,5,11.650072,48.314924,550.000,550.000,2024-05-16,,2024-04-25,Lithium-Batterie,Batterie,Speicher,SSE979367036017,721.600
SEE987558100317,"Rathenow, Am Heidefeld 12 / 2",ABR977335361277,In Betrieb,Deutschland,Brandenburg,Havelland,Rathenow,14712,Rathenow,Am Heidefeld,12 ,12.335585,52.568774,100.000,100.000,2023-11-14,,2023-10-16,Lithium-Batterie,Batterie,Speicher,SSE902578937279,162.000
SEE943068135942,Stromspeicher1010,ABR920337861610,In Betrieb,Deutschland,Brandenburg,Spree-Neiße,Spremberg,03130,Spremberg,Wiesenweg,58,14.376030,51.550979,193.600,193.600,2023-11-16,,2023-09-01,Lithium-Batterie,Batterie,Speicher,SSE972824274229,534.000
SEE989403463820,HLB2,ABR915068942295,In Planung,Deutschland,Baden-Württemberg,Heilbronn,Heilbronn,74076,Heilbronn,Lichtenbergerstraße,23,9.208979,49.173782,1000.000,1000.000,2023-11-16,2024-02-01,,Lithium-Batterie,Batterie,Speicher,SSE948389133257,860.000
SEE954316986070,PV Batterie PHS,ABR973190088557,In Betrieb,Deutschland,Hessen,Groß-Gerau,Kelsterbach,65451,Kelsterbach,Am Südpark,13,8.530554,50.050666,160.000,160.000,2024-07-16,,2024-06-27,Lithium-Batterie,Batterie,Speicher,SSE998116347761,32.000
SEE998253936071,PV Batterie PHL,ABR973190088557,In Betrieb,Deutschland,Hessen,Groß-Gerau,Kelsterbach,65451,Kelsterbach,Am Südpark,15,8.530977,50.050053,190.000,190.000,2023-11-16,,2023-07-12,Lithium-Batterie,Batterie,Speicher,SSE905151088580,190.000
SEE925574707837,"Vetex, Herzebrock Stromspeicher",ABR934815120984,In Betrieb,Deutschland,Nordrhein-Westfalen,Gütersloh,Herzebrock-Clarholz,33442,Herzebrock-Clarholz,Daimlerstraße,8 - 12,8.213487,51.889491,100.000,100.000,2023-11-16,,2023-10-27,Lithium-Batterie,Batterie,Speicher,SSE910666612656,160.000
SEE934343669870,Knaup Stromspeicher 309 kWh,ABR930711796407,In Betrieb,Deutschland,Bayern,Haßberge,Zeil a. Main,97475,Zeil,Rübenstraße,5,10.581344,50.007041,118.800,118.800,2023-11-17,,2023-11-08,Lithium-Batterie,Batterie,Speicher,SSE926526194781,247.200
SEE913630041766,Akku Speicher 144 kWh Kühlhalle 2023,ABR905091257473,In Betrieb,Deutschland,Nordrhein-Westfalen,Bottrop,Bottrop,46244,Bottrop,Auf der Höhe,9,6.941144,51.613188,120.000,120.000,2023-11-21,,2023-10-18,Lithium-Batterie,Batterie,Speicher,SSE906778251883,144.000
SEE923313978128,Container KF7,ABR983046282251,In Betrieb,Deutschland,Schleswig-Holstein,Stormarn,Ahrensburg,22926,Ahrensburg,Kurt-Fischer-Straße,7,10.261197,53.683199,144.000,120.000,2023-11-21,,2023-01-02,Lithium-Batterie,Batterie,Speicher,SSE979774888483,288.000
SEE954478229374,Batt GreenLife Schwerin,ABR924837739042,In Betrieb,Deutschland,Mecklenburg-Vorpommern,Schwerin,Schwerin,19057,Schwerin,Sacktannen,1 a,11.342562,53.635586,400.000,400.000,2023-11-23,,2023-08-25,Lithium-Batterie,Batterie,Speicher,SSE988046815003,640.000
SEE921090636491,Speicher ROSIER Menden 2023,ABR999893062762,In Betrieb,Deutschland,Nordrhein-Westfalen,Märkischer Kreis,Menden (Sauerland),58706,Menden,Fröndenberger Straße,146,7.777361,51.456882,350.000,350.000,2023-11-24,,2023-11-22,Lithium-Batterie,Batterie,Speicher,SSE910269530340,608.000
SEE967268011059,KBN Battery Heiligenhagen,ABR908221420051,In Betrieb,Deutschland,Mecklenburg-Vorpommern,Rostock,Satow,18239,Satow,Dorfmitte,1 c,11.931792,54.007752,300.000,264.000,2024-09-05,,2024-02-08,Lithium-Batterie,Batterie,Speicher,SSE937297233623,300.000
SEE970268501598,Batteriespeicher Nordhorn GT,ABR930432558476,In Betrieb,Deutschland,Niedersachsen,Grafschaft Bentheim,Nordhorn,48527,Nordhorn,Euregiostraße,5,7.040013,52.414320,552.000,552.000,2023-11-27,,2023-08-08,Lithium-Batterie,Batterie,Speicher,SSE960937869043,492.000
SEE933839410040,SpeicherHalle1-JöchleKG,ABR998588288470,In Betrieb,Deutschland,Baden-Württemberg,Ravensburg,Baindt,88255,Baindt,Am Umspannwerk,6,9.633562,47.836293,100.000,100.000,2023-11-29,,2023-11-10,Lithium-Batterie,Batterie,Speicher,SSE932214904129,160.000
SEE913566534615,Stromspeicher_WALK-Landmetzgerei,ABR924116335286,In Betrieb,Deutschland,Baden-Württemberg,Sigmaringen,Sauldorf,88605,Sauldorf,Hauptstraße,33,9.102550,47.942639,120.000,120.000,2025-01-22,,2024-12-19,Lithium-Batterie,Batterie,Speicher,SSE991611766198,344.000
SEE911003541813,Klein-Solar,ABR926458821342,In Betrieb,Deutschland,Rheinland-Pfalz,Mayen-Koblenz,Andernach,56626,Andernach,,,7.243174,50.240307,100.000,100.000,2023-12-04,,2023-11-29,Lithium-Batterie,Batterie,Speicher,SSE940297441295,100.200
SEE933438588133,CEC Haren Batteriespeicher,ABR988526864590,In Betrieb,Deutschland,Niedersachsen,Emsland,Haren (Ems),49733,Haren,,,7.177295,52.761005,4000.000,4000.000,2023-12-07,,2023-11-16,Lithium-Batterie,Batterie,Speicher,SSE926101218611,4800.000
SEE927387600947,Solarpark Rot an der Rot Speicher,ABR915068942295,In Planung,Deutschland,Baden-Württemberg,Biberach,Rot an der Rot,88430,Rot,,,10.037084,47.957506,2000.000,2000.000,2023-12-08,2026-09-01,,Lithium-Batterie,Batterie,Speicher,SSE923465083138,1720.000
SEE987656790229,PV-E1-122023_Speicher,ABR968257821284,In Betrieb,Deutschland,Saarland,Saarlouis,Saarlouis,66740,Saarlouis,Am Pitzberg,2,6.757030,49.273982,200.000,200.000,2023-12-12,,2023-11-15,Lithium-Batterie,Batterie,Speicher,SSE981364468432,308.000
SEE916345283483,Speicher LH AL19 260,ABR974653400077,In Betrieb,Deutschland,Sachsen-Anhalt,Mansfeld-Südharz,Eisleben,06295,Lutherstadt Eisleben,Alleebreite,19,11.579785,51.513153,176.000,176.000,2023-12-14,,2023-12-13,Lithium-Batterie,Batterie,Speicher,SSE910794088859,260.000
SEE957605040491,Power2Move1,ABR966630247683,In Betrieb,Deutschland,Bayern,Kempten (Allgäu),Kempten (Allgäu),87439,Kempten,Oberwanger Straße,8,10.305431,47.740381,528.000,528.000,2023-12-18,,2023-12-18,Lithium-Batterie,Batterie,Speicher,SSE957240575730,1918.000
SEE995805559511,PV-Rochusclub Speicher,ABR939783360622,In Betrieb,Deutschland,Nordrhein-Westfalen,Düsseldorf,Düsseldorf,40629,Düsseldorf,Rolander Weg,15,6.828725,51.250967,120.000,120.000,2023-12-19,,2023-12-04,Lithium-Batterie,Batterie,Speicher,SSE942074384764,135.000
SEE983264343635,Schaper Grid Energy Storage Herford,ABR985095029641,In Betrieb,Deutschland,Nordrhein-Westfalen,Herford,Herford,32051,Herford,Füllenkamp,,8.656149,52.130080,18100.000,18000.000,2023-12-19,,2022-12-14,Lithium-Batterie,Batterie,Speicher,SSE934673235967,41600.000
SEE919034466754,Batterie Container Ludwigstraße 82,ABR935678843188,In Betrieb,Deutschland,Bayern,Kempten (Allgäu),Kempten (Allgäu),87437,Kempten,Ludwigstraße,82,10.322795,47.699333,528.000,528.000,2023-12-20,,2023-12-20,Lithium-Batterie,Batterie,Speicher,SSE959462166642,1918.000
SEE907448940571,B1 Optimierung,ABR924739057916,In Betrieb,Deutschland,Bayern,Passau,Passau,94036,Passau,Sperrwies,1,13.378516,48.559833,780.000,736.000,2023-12-22,,2023-11-29,Sonstige Batterie,Batterie,Speicher,SSE904041667478,1288.000
SEE993920658461,B2 Vermarktung,ABR924739057916,In Betrieb,Deutschland,Bayern,Passau,Passau,94036,Passau,Sperrwies,1,13.378623,48.559769,780.000,736.000,2023-12-22,,2023-11-29,Sonstige Batterie,Batterie,Speicher,SSE940915868886,1288.000
SEE980331843524,Stadeln Hallenbad Süd Speicher,ABR948717098319,In Betrieb,Deutschland,Bayern,Fürth,Fürth,90765,Fürth,Hans-Sachs-Straße,36,10.982381,49.512328,100.000,100.000,2023-12-23,,2023-10-06,Lithium-Batterie,Batterie,Speicher,SSE918798917106,79.800
SEE900856286651,LFP SE HGS4,ABR994625488599,In Betrieb,Deutschland,Nordrhein-Westfalen,Mettmann,Monheim am Rhein,40789,Monheim,Hans-Georg-Schukat-Straße,4,6.895842,51.104680,100.000,100.000,2024-01-03,,2021-04-23,Lithium-Batterie,Batterie,Speicher,SSE929372375830,200.000
SEE947087254707,TesVolt Stromspreicher 2023,ABR982636351742,In Betrieb,Deutschland,Niedersachsen,Harburg,Drage,21423,Drage,Hundener Straße,13,10.294322,53.377021,100.000,100.000,2024-01-08,,2023-08-31,Lithium-Batterie,Batterie,Speicher,SSE920083392123,224.000
SEE951797760700,SE_2023_1160_Zweibrücken_Speicher,ABR932657262497,In Betrieb,Deutschland,Rheinland-Pfalz,Zweibrücken,Zweibrücken,66482,Zweibrücken,Unterer Hornbachstaden,50,7.333519,49.253939,600.000,600.000,2024-01-09,,2022-12-07,Lithium-Batterie,Batterie,Speicher,SSE937638075639,768.000
SEE970576929732,Energiespeicher 2023,ABR997782510691,In Betrieb,Deutschland,Baden-Württemberg,Schwäbisch Hall,Rot am See,74585,Rot am See,Robert-Bosch-Straße,12,10.030579,49.240096,100.000,100.000,2024-01-10,,2024-07-01,Lithium-Batterie,Batterie,Speicher,SSE942695396252,102.000
SEE931394655760,Energiehaus Amerikastraße,ABR998146835368,In Betrieb,Deutschland,Niedersachsen,Cloppenburg,Garrel,49681,Garrel,Amerikastraße,17,8.033926,52.943248,704.000,704.000,2024-01-16,,2024-01-10,Lithium-Batterie,Batterie,Speicher,SSE986541497984,1432.000
SEE951132383069,Energiespeicher 2023,ABR969239575515,In Betrieb,Deutschland,Baden-Württemberg,Hohenlohekreis,Schöntal,74214,Schöntal,Poststraße,13,9.527315,49.340921,100.000,100.000,2024-01-16,,2023-12-18,Lithium-Batterie,Batterie,Speicher,SSE996796306788,204.000
SEE998703547246,R20 Hochregallager,ABR921418027000,In Betrieb,Deutschland,Nordrhein-Westfalen,Krefeld,Krefeld,47809,Krefeld,An der Römerschanze,20,6.696943,51.328523,100.000,100.000,2024-11-19,,2024-11-15,Lithium-Batterie,Batterie,Speicher,SSE949652829952,307.200
SEE982464477164,Speicher TSI HV80,ABR906533681283,In Betrieb,Deutschland,Sachsen-Anhalt,Harz,Quedlinburg,06484,Quedlinburg,Magdeburger Straße,13,11.171864,51.791914,192.000,192.000,2024-01-17,,2024-01-12,Sonstige Batterie,Batterie,Speicher,SSE989129787491,192.000
SEE947783777166,SSRF groß,ABR928803167068,In Planung,Deutschland,Sachsen-Anhalt,Harz,Thale,06502,Thale,Sellstraße,232,10.972541,51.684165,102.400,102.400,2024-01-17,2024-03-30,,Lithium-Batterie,Batterie,Speicher,SSE998424405221,92.160
SEE908660911400,Batteriespeicher,,Endgültig stillgelegt,Deutschland,Rheinland-Pfalz,Pirmasens,Pirmasens,66954,Pirmasens,Zweibrücker Straße,200,7.593370,49.221612,360.000,360.000,2024-01-19,,2024-01-17,Lithium-Batterie,Batterie,Speicher,SSE988884032624,400.000
SEE970733014615,213463,ABR919330790751,In Planung,Deutschland,Niedersachsen,Region Hannover,Hannover,30657,Hannover,Varrelheide,190,9.827355,52.426171,218.000,180.000,2024-01-19,2024-03-29,,Lithium-Batterie,Batterie,Speicher,SSE985657671639,218.000
SEE922688054796,Jungbluth-Solar,ABR932125521620,In Betrieb,Deutschland,Rheinland-Pfalz,Mayen-Koblenz,Plaidt,56637,Plaidt,Gewerbegebiet Saffiger Str.,4,7.399499,50.385105,100.000,100.000,2024-01-22,,2024-01-08,Lithium-Batterie,Batterie,Speicher,SSE943668186139,77.400
SEE948982150477,Sonnenallee Stromspeicher,ABR925000792758,In Betrieb,Deutschland,Bayern,München,Kirchheim b. München,85551,Kirchheim,Sonnenallee,2,11.755658,48.160477,119.000,90.000,2024-01-23,,2023-12-20,Lithium-Batterie,Batterie,Speicher,SSE910526503827,119.000
SEE983547594297,Batteriespeicher neue Halle,ABR952594116653,In Betrieb,Deutschland,Baden-Württemberg,Waldshut,Lauchringen,79787,Lauchringen,Breiteweg,1,8.347910,47.622386,176.000,176.000,2024-01-25,,2023-10-13,Lithium-Batterie,Batterie,Speicher,SSE917848636189,466.000
SEE958199859070,Königsbrunn 31A,ABR929908915431,In Betrieb,Deutschland,Bayern,Augsburg,Königsbrunn,86343,Königsbrunn,Guldenstraße,31 a,10.886155,48.283885,109.000,100.000,2024-01-26,,2024-01-18,Lithium-Batterie,Batterie,Speicher,SSE906327306491,98.000
SEE967332608451,BESS - Batteriespeicher SchwörerHaus KG,ABR949449053171,In Betrieb,Deutschland,Baden-Württemberg,Reutlingen,Hohenstein,72531,Hohenstein,Hans-Schwörer-Straße,8,9.331700,48.320190,3780.000,3780.000,2024-10-02,,2024-03-15,Lithium-Batterie,Batterie,Speicher,SSE921263192649,3250.000
SEE993970035267,BESS - Batteriespeicher,ABR949449053171,In Betrieb,Deutschland,Baden-Württemberg,Reutlingen,Hohenstein,72531,Hohenstein,Hans-Schwörer-Straße,8,9.331587,48.325782,3780.000,3780.000,2024-04-15,,2024-03-15,Lithium-Batterie,Batterie,Speicher,SSE931311864831,3680.000
SEE989226935511,Fenecon Speicher,ABR923608533797,In Betrieb,Deutschland,Bayern,Würzburg,Unterpleichfeld,97294,Unterpleichfeld,Langhausstraße,7,10.039115,49.864865,184.000,184.000,2024-01-29,,2023-12-07,Lithium-Batterie,Batterie,Speicher,SSE906050069649,704.000
SEE939662192023,Windpark Reußenköge Batteriespeicher 1,ABR987772819477,In Betrieb,Deutschland,Schleswig-Holstein,Nordfriesland,Reußenköge,25821,Reußenköge,,,8.907433,54.614885,6400.000,6400.000,2024-04-11,,2024-04-10,Lithium-Batterie,Batterie,Speicher,SSE935386447296,8000.000
SEE992113613096,Hammesfahr Speicher,ABR955632151920,In Betrieb,Deutschland,Nordrhein-Westfalen,Mettmann,Monheim am Rhein,40789,Monheim,Rheinparkallee,7,6.891527,51.101193,100.000,100.000,2024-01-31,,2024-01-31,Lithium-Batterie,Batterie,Speicher,SSE994865738232,160.000
SEE904508815565,B17 Speicher 308kWh 100kW,ABR943129825560,In Betrieb,Deutschland,Bayern,Mühldorf a. Inn,Maitenbeth,83558,Maitenbeth,Brandstätter Straße,17,12.102229,48.143744,100.000,100.000,2024-02-01,,2023-10-10,Lithium-Batterie,Batterie,Speicher,SSE962378581065,277.200
SEE931225490034,SMAREG7 Monheim,ABR936221867897,In Betrieb,Deutschland,Bayern,Donau-Ries,Monheim,86653,Monheim,Am Sendle,22,10.840990,48.840100,12000.000,12000.000,2024-11-05,,2024-09-01,Lithium-Batterie,Batterie,Speicher,SSE935721834705,14100.000
SEE909212211870,SMAREG6 Gunzenhausen,ABR904352940161,In Betrieb,Deutschland,Bayern,Weißenburg-Gunzenhausen,Gunzenhausen,91710,Gunzenhausen,Richard-Stücklen-Strasse,9,10.741444,49.109329,32040.000,32040.000,2024-11-05,,2024-01-30,Lithium-Batterie,Batterie,Speicher,SSE989607648269,24000.000
SEE934098228148,Socomec Sunsys L,ABR958712657183,In Betrieb,Deutschland,Baden-Württemberg,Emmendingen,Endingen am Kaiserstuhl,79346,Endingen,Ersteiner Straße,40 -42,7.690329,48.150274,150.000,150.000,2024-02-07,,2024-01-31,Lithium-Batterie,Batterie,Speicher,SSE973691779268,372.000
SEE900037535677,Speicher BGM18,ABR979720181651,In Betrieb,Deutschland,Hessen,Fulda,Eichenzell,36124,Eichenzell,Bürgermeister-Ebert-Straße,18,9.730742,50.481172,150.000,150.000,2024-02-08,,2024-02-01,Lithium-Batterie,Batterie,Speicher,SSE974250359280,243.000
SEE912013538152,Windpark Reußenköge Batteriespeicher 2,ABR987772819477,In Betrieb,Deutschland,Schleswig-Holstein,Nordfriesland,Reußenköge,25821,Reußenköge,,,8.907433,54.614885,6400.000,6400.000,2024-04-11,,2024-04-10,Lithium-Batterie,Batterie,Speicher,SSE956265303328,8000.000
SEE904786882976,Batteriespeicher,ABR953348930549,In Betrieb,Deutschland,Hessen,Limburg-Weilburg,Selters (Taunus),65618,Selters,Am Steinfels,1,8.241311,50.336013,660.000,340.000,2025-01-02,,2024-02-12,Lithium-Batterie,Batterie,Speicher,SSE936843655988,1120.000
SEE949234666173,Speicher paramedi,ABR970423834011,In Betrieb,Deutschland,Sachsen,Görlitz,Markersdorf,02829,Markersdorf,Oldenburger Ring,12,14.864652,51.144677,100.000,100.000,2024-08-19,,2024-04-30,Lithium-Batterie,Batterie,Speicher,SSE931192338261,280.000
SEE986333594877,PV-Anlage Werkshalle,ABR996595072167,In Betrieb,Deutschland,Nordrhein-Westfalen,Warendorf,Warendorf,48231,Warendorf,Neuwarendorf,109,7.964447,51.959637,376.000,100.000,2024-02-09,,2023-02-27,Lithium-Batterie,Batterie,Speicher,SSE914327654672,63.000
SEE983460281663,Lorenz GmbH ＆ Co. KG,ABR923652004106,In Betrieb,Deutschland,Baden-Württemberg,Alb-Donau-Kreis,Schelklingen,89601,Schelklingen,Burgweg,3,9.645563,48.395692,270.000,270.000,2025-05-15,,2024-07-12,Lithium-Batterie,Batterie,Speicher,SSE945031486273,540.000
SEE907463923245,Batteriespeicher Solarquartier Bad Kreuznach,ABR918975416231,In Betrieb,Deutschland,Rheinland-Pfalz,Bad Kreuznach,Bad Kreuznach,55543,Bad Kreuznach,,,7.892587,49.840531,150.000,150.000,2024-04-03,,2023-11-29,Lithium-Batterie,Batterie,Speicher,SSE968912422887,154.000
SEE980035865808,Landerer - Intilion | scalebloc,ABR939982384764,In Betrieb,Deutschland,Baden-Württemberg,Heilbronn,Neuenstadt am Kocher,74196,Neuenstadt,Heinz-Landerer-Straße,1,9.353885,49.230917,135.000,135.000,2024-02-15,,2024-01-15,Lithium-Batterie,Batterie,Speicher,SSE943917109308,393.000
SEE908441866486,86862 Langweid Parkstr.14 Speicher zu Anlage 2,ABR937089832249,In Betrieb,Deutschland,Bayern,Augsburg,Langweid a. Lech,86462,Langweid,Parkstraße,14,10.849504,48.487695,102.000,102.000,2024-02-16,,2023-09-29,Lithium-Batterie,Batterie,Speicher,SSE999992399370,83.200
SEE929698383991,Riello SPS-HE,ABR977498607052,In Betrieb,Deutschland,Niedersachsen,Goslar,Seesen,38723,Seesen,Am Schlörbach,14,10.112120,51.949385,200.000,80.000,2024-02-19,,2022-07-14,Lithium-Batterie,Batterie,Speicher,SSE939157781732,50.000
SEE946646816318,Batteriespeicher Solarpark,ABR935755895796,In Betrieb,Deutschland,Niedersachsen,Hameln-Pyrmont,Hameln,31787,Hameln,Reimerdeskamp,51,9.349581,52.120507,134.000,134.000,2024-02-21,,2023-09-06,Lithium-Batterie,Batterie,Speicher,SSE921635120119,466.000
SEE912288519580,"Speicher PV Schulgebäude 1,3,5",ABR964099730944,In Betrieb,Deutschland,Bayern,Dachau,Altomünster,85250,Altomünster,Faberweg,15,11.264763,48.385281,100.000,50.000,2024-02-27,,2023-09-04,Sonstige Batterie,Batterie,Speicher,SSE944806313295,308.000
SEE959741679610,Speicher 2022 Hotels,ABR980421680824,In Betrieb,Deutschland,Nordrhein-Westfalen,Rhein-Kreis Neuss,Neuss,41468,Neuss,Blindeisenweg,12,6.763668,51.162806,150.000,150.000,2024-02-27,,2022-07-05,Lithium-Batterie,Batterie,Speicher,SSE902479571268,152.000
SEE938804912833,Batteriespeicher KWG,ABR990440847016,In Betrieb,Deutschland,Nordrhein-Westfalen,Höxter,Höxter,37671,Höxter,Im Flor,7,9.372221,51.775355,140.000,50.000,2024-02-27,,2024-01-24,Lithium-Batterie,Batterie,Speicher,SSE909407022670,140.000
SEE934611903897,Sommer 1,ABR937544118512,In Betrieb,Deutschland,Baden-Württemberg,Tuttlingen,Trossingen,78647,Trossingen,Rennplatz,1,8.656274,48.091567,100.000,100.000,2024-02-27,,2024-01-10,Lithium-Batterie,Batterie,Speicher,SSE931242482364,109.000
SEE952791817377,SE_2023_1990_Föhren_Speicher,ABR990398717980,In Betrieb,Deutschland,Rheinland-Pfalz,Bernkastel-Wittlich,Hetzerath,54343,Föhren,Louise-Weiss-Str.,6 ,6.812160,49.866130,150.000,150.000,2024-02-28,,2024-02-27,Lithium-Batterie,Batterie,Speicher,SSE971639489248,924.000
SEE939324116268,HM,ABR908455719488,In Betrieb,Deutschland,Nordrhein-Westfalen,Gelsenkirchen,Gelsenkirchen,45899,Gelsenkirchen,,,,,105.000,16.800,2024-03-03,,2024-02-11,Blei-Batterie,Batterie,Speicher,SSE962406737839,105.000
SEE950143073600,Stromspeicher ETF,ABR923222258526,In Betrieb,Deutschland,Baden-Württemberg,Zollernalbkreis,Balingen,72336,Balingen,Max-Planck-Straße,10,8.861920,48.253334,120.000,120.000,2024-03-04,,2024-03-01,Lithium-Batterie,Batterie,Speicher,SSE923269903724,405.000
SEE948536919109,Intillion Lastspitzenmanagement,ABR979118376386,In Betrieb,Deutschland,Nordrhein-Westfalen,Paderborn,Paderborn,33106,Paderborn,Alte Schanze,,8.661177,51.697481,120.000,120.000,2024-03-04,,2019-08-06,Lithium-Batterie,Batterie,Speicher,SSE943353069167,120.000
SEE924078442190,TA-24-00879,ABR941168510546,In Betrieb,Deutschland,Nordrhein-Westfalen,Dortmund,Dortmund,44149,Dortmund,Wittener Straße,360,7.403047,51.496700,109.400,88.000,2024-03-11,,2024-03-11,Lithium-Batterie,Batterie,Speicher,SSE970713886300,131.000
SEE980771678502,Batteriespeicher Baesweiler,ABR901792637910,In Betrieb,Deutschland,Nordrhein-Westfalen,Städteregion Aachen,Baesweiler,52499,Baesweiler,,,,,110.520,24.000,2024-03-06,,2023-12-06,Lithium-Batterie,Batterie,Speicher,SSE927607337516,110.520
SEE919920309455,PV Speicher Dornstadt,ABR981284203847,In Betrieb,Deutschland,Baden-Württemberg,Alb-Donau-Kreis,Dornstadt,89160,Dornstadt,Bodelschwinghweg,30,9.958308,48.465173,100.000,100.000,2024-03-07,,2023-12-05,Lithium-Batterie,Batterie,Speicher,SSE999540753821,169.200
SEE926796426469,Batteriespeicher TCA,ABR953572293847,In Betrieb,Deutschland,Bayern,Augsburg,Augsburg,86199,Augsburg,Bürgermeister-Ulrich-Straße,100,10.892561,48.324845,900.000,900.000,2025-05-14,,2023-10-17,Sonstige Batterie,Batterie,Speicher,SSE954660780102,959.000
SEE958354990617,BES ELS,ABR965734942418,In Betrieb,Deutschland,Sachsen-Anhalt,Burgenlandkreis,Elsteraue,06729,Elsteraue,Dr.-Bergius-Straße,,12.198517,51.075162,20295.000,20295.000,2024-03-12,,2024-01-01,Blei-Batterie,Batterie,Speicher,SSE994573183249,31680.000
SEE918002492566,BESS Weßling 2,ABR928139365190,In Betrieb,Deutschland,Bayern,Starnberg,Weßling,82234,Weßling,Gautinger Straße,114,11.289324,48.067528,1000.000,1000.000,2024-03-12,,2024-02-27,Lithium-Batterie,Batterie,Speicher,SSE944315469643,2233.000
SEE943600523558,BES NM,ABR985302903962,In Betrieb,Deutschland,Schleswig-Holstein,Neumünster,Neumünster,24536,Neumünster,Brüningsweg,33,10.005266,54.083979,24500.000,24500.000,2024-03-19,,2024-01-23,Lithium-Batterie,Batterie,Speicher,SSE986835588732,23830.000
SEE958019591005,PVA Batterie KleiO,ABR983295383686,In Betrieb,Deutschland,Sachsen,Chemnitz,Chemnitz,09127,Chemnitz,Kleinolbersdorfer Straße,61,12.981962,50.806413,184.000,184.000,2024-04-02,,2024-03-28,Lithium-Batterie,Batterie,Speicher,SSE986545127351,500.000
SEE935182282947,Göpfert Speicher,ABR901431919438,In Betrieb,Deutschland,Bayern,Kitzingen,Wiesentheid,97353,Wiesentheid,Industriestraße,9,10.332978,49.784245,1200.000,1200.000,2024-03-14,,2023-11-27,Lithium-Batterie,Batterie,Speicher,SSE994045192540,1380.000
SEE980143662207,Lüdenscheid,ABR986962527291,In Betrieb,Deutschland,Nordrhein-Westfalen,Märkischer Kreis,Lüdenscheid,58507,Lüdenscheid,Im Olpendahl,64,7.610659,51.236904,175.000,175.000,2024-03-18,,2023-12-19,Lithium-Batterie,Batterie,Speicher,SSE978990738015,308.000
SEE900255248014,Scalebloc,ABR944339193302,In Betrieb,Deutschland,Baden-Württemberg,Böblingen,Renningen,71272,Renningen,Benzstraße,39,8.923062,48.776604,150.000,150.000,2024-03-18,,2025-03-06,Nickel-Cadmium- / Nickel-Metallhydridbatterie,Batterie,Speicher,SSE917358708598,218.400
SEE943149853734,Batteriespeicher Green4EVer Gilching,ABR919621406255,In Planung,Deutschland,Bayern,Starnberg,Gilching,82205,Gilching,Friedrichshafener Straße,9,11.291944,48.092670,100.000,100.000,2024-03-19,2024-04-01,,Lithium-Batterie,Batterie,Speicher,SSE904491234756,140.000
SEE990356464666,"Sporthalle, Klöckerstraße 10",ABR957341373754,In Betrieb,Deutschland,Nordrhein-Westfalen,Höxter,Brakel,33034,Brakel,Klöckerstraße,10,9.174117,51.714778,112.000,80.000,2024-03-20,,2024-03-19,Lithium-Batterie,Batterie,Speicher,SSE926883228730,112.000
SEE931269878324,Speicher Lohrmannshof Inn24-1-045,ABR937435410039,In Planung,Deutschland,Bayern,Eichstätt,Schernfeld,85132,Schernfeld,,,11.080470,48.953280,6800.000,6800.000,2024-03-26,2026-12-31,,Lithium-Batterie,Batterie,Speicher,SSE961361399403,13610.000
SEE937254021232,Speicher,ABR956663207624,In Betrieb,Deutschland,Nordrhein-Westfalen,Märkischer Kreis,Meinerzhagen,58540,Meinerzhagen,Mühlhofe,2,7.798655,51.112744,120.000,120.000,2024-03-26,,2024-03-26,Lithium-Batterie,Batterie,Speicher,SSE957500774835,152.000
SEE917452204415,ECO POWER TWO,ABR948632491394,In Planung,Deutschland,Schleswig-Holstein,Schleswig-Flensburg,Schuby,24850,Schuby,,,9.438100,54.520400,103000.000,103000.000,2024-03-26,2026-10-01,,Lithium-Batterie,Batterie,Speicher,SSE921603322828,200000.000
SEE943638242087,BESS RMT,ABR919778404470,In Betrieb,Deutschland,Baden-Württemberg,Ortenaukreis,Kehl,77694,Kehl,Weststraße,12,7.802941,48.584004,100.000,100.000,2024-04-02,,2024-01-24,Lithium-Batterie,Batterie,Speicher,SSE969738106869,186.000
SEE958152625766,Speicher Altenschwand,ABR986790696589,In Planung,Deutschland,Bayern,Schwandorf,Bodenwöhr,92439,Bodenwöhr,,,12.239200,49.287000,4981.000,4981.000,2024-04-02,2026-12-31,,Lithium-Batterie,Batterie,Speicher,SSE967133751615,10000.000
SEE935177558965,Speicher Dettenschwang,ABR986790696589,In Planung,Deutschland,Bayern,Landsberg am Lech,Dießen am Ammersee,86911,Dießen,,,11.011820,47.960350,2380.000,2380.000,2024-04-02,2026-12-31,,Lithium-Batterie,Batterie,Speicher,SSE933336303739,4770.000
SEE956347778303,Batterie 1 Bauhof Mannheim,ABR942141941760,In Betrieb,Deutschland,Baden-Württemberg,Mannheim,Mannheim,68199,Mannheim,Wilhelm-Wundt-Straße,19,8.488484,49.448699,100.000,100.000,2024-04-03,,2024-04-02,Lithium-Batterie,Batterie,Speicher,SSE950879845854,320.000
SEE927488077501,Werk 3 - Batterie,ABR983680490265,In Betrieb,Deutschland,Nordrhein-Westfalen,Heinsberg,Erkelenz,41812,Erkelenz,Amsterdamer Allee,7-9,6.295630,51.068140,170.000,170.000,2024-09-10,,2024-08-28,Lithium-Batterie,Batterie,Speicher,SSE997057476851,576.000
SEE934671907118,Arnsdorf - BESS,ABR964569771910,In Betrieb,Deutschland,Bayern,Neumarkt i.d. OPf.,Dietfurt a.d. Altmühl,92345,Dietfurt,,,11.583620,49.000280,4064.000,3200.000,2026-04-13,,2026-03-30,Lithium-Batterie,Batterie,Speicher,SSE905943883706,8128.000
SEE939416043052,Speicher Beilrode II - Teilanlage 2 (Inn24-1-047),ABR903837623278,In Planung,Deutschland,Sachsen,Nordsachsen,Beilrode,04886,Beilrode,,,13.103390,51.572190,4080.000,4080.000,2024-04-05,2027-01-01,,Lithium-Batterie,Batterie,Speicher,SSE901175399565,8170.000
SEE942905296181,W050-TS_Mercedes-Benz Werk Sindelfingen Stromspeicher Bau 56,ABR918139196382,In Betrieb,Deutschland,Baden-Württemberg,Böblingen,Sindelfingen,71063,Sindelfingen,Benzstr. Bau 56,,8.981889,48.697697,325.000,325.000,2024-04-09,,2023-01-16,Lithium-Batterie,Batterie,Speicher,SSE940523327683,700.000
SEE926420500954,Keller,ABR960189807947,In Betrieb,Deutschland,Baden-Württemberg,Freiburg im Breisgau,Freiburg im Breisgau,79111,Freiburg,Vogtsburger Str.,,7.778324,47.983730,100.000,100.000,2024-04-10,,2023-09-01,Lithium-Batterie,Batterie,Speicher,SSE950538321750,160.000
SEE979765066890,Am Galgen,ABR941497011066,In Betrieb,Deutschland,Hessen,Werra-Meißner-Kreis,Eschwege,37269,Eschwege,Hessenring,1,10.030671,51.176197,100.000,100.000,2024-04-11,,2024-03-25,Nickel-Cadmium- / Nickel-Metallhydridbatterie,Batterie,Speicher,SSE941817351285,144.000
SEE931216758976,2710_KDL_Zeitz Batterie,ABR970225945427,In Betrieb,Deutschland,Sachsen-Anhalt,Burgenlandkreis,Zeitz,06712,Zeitz,Schwarzer Weg,40,12.129181,51.036748,137.465,137.000,2024-04-12,,2023-06-29,Lithium-Batterie,Batterie,Speicher,SSE946817661839,146.000
SEE914313759794,Batteriespeicher am DHE Dinslaken,ABR967085125366,In Betrieb,Deutschland,Nordrhein-Westfalen,Wesel,Dinslaken,46535,Dinslaken,Thyssenstraße,153,6.752518,51.556590,6960.000,6960.000,2025-11-06,,2025-11-06,Lithium-Batterie,Batterie,Speicher,SSE920444068476,7444.000
SEE939073368772,SFK Speicher,ABR901281177927,In Betrieb,Deutschland,Bayern,Regensburg,Pettendorf,93186,Pettendorf,,,12.030649,49.034703,1472.000,1472.000,2024-04-13,,2024-04-02,Sonstige Batterie,Batterie,Speicher,SSE902849917054,2250.000
SEE994375332593,Zander Solar Batteriespeicher 1,ABR918765928104,In Planung,Deutschland,Baden-Württemberg,Freiburg im Breisgau,Freiburg im Breisgau,79108,Freiburg,Einsteinstraße,5,7.837038,48.029626,380.000,380.000,2024-04-16,2027-10-29,,Lithium-Batterie,Batterie,Speicher,SSE908627317689,180.000
SEE919013786194,Batteriespeicher Owschlag,ABR933776283783,In Planung,Deutschland,Schleswig-Holstein,Rendsburg-Eckernförde,Owschlag,24811,Owschlag,,,9.646386,54.399119,3000.000,3000.000,2024-04-15,2026-12-31,,Lithium-Batterie,Batterie,Speicher,SSE917920111115,6000.000
SEE936118535380,Batteriespeicher,ABR917630997641,In Betrieb,Deutschland,Nordrhein-Westfalen,Mettmann,Velbert,42551,Velbert,Stahlstraße,16,7.070984,51.349082,110.000,100.000,2024-04-16,,2023-09-20,Lithium-Batterie,Batterie,Speicher,SSE980378277917,153.600
SEE906076904238,Speicher Körbelitz I,ABR918889631058,In Betrieb,Deutschland,Sachsen-Anhalt,Jerichower Land,Möser,39175,Körbelitz,,,11.775671,52.173401,3480.000,3480.000,2024-06-07,,2024-05-21,Lithium-Batterie,Batterie,Speicher,SSE968067255736,3727.000
SEE965903085878,Speicher Greußen,ABR979859092910,In Betrieb,Deutschland,Thüringen,Kyffhäuserkreis,Greußen,99718,Greußen,Grüninger Straße,1,10.955026,51.231252,3000.000,3000.000,2025-09-19,,2024-09-27,Lithium-Batterie,Batterie,Speicher,SSE974173387872,3000.000
SEE938973918285,Kd.-Nr.: 00099,ABR995675566824,In Betrieb,Deutschland,Bremen,Bremen,Bremen,28199,Bremen,Hanna-Kunath-Straße,33,8.775400,53.052832,160.000,50.000,2024-11-11,,2024-06-21,Lithium-Batterie,Batterie,Speicher,SSE979891974946,160.000
SEE953805326779,Batteriespeicher Carl Zeiss Straße 6,ABR968478266093,In Betrieb,Deutschland,Baden-Württemberg,Alb-Donau-Kreis,Langenau,89129,Langenau,Carl-Zeiss-Straße,6,10.082723,48.489666,240.000,240.000,2024-04-19,,2024-03-01,Lithium-Batterie,Batterie,Speicher,SSE943159285259,264.000
SEE998246318181,Stromspeicher Seißen,ABR998428468130,In Planung,Deutschland,Baden-Württemberg,Alb-Donau-Kreis,Blaubeuren,89143,Blaubeuren,,,9.742383,48.442076,5000.000,5000.000,2024-04-21,2026-06-30,,Lithium-Batterie,Batterie,Speicher,SSE910992596194,15000.000
SEE966483048338,PV 2024 Speicher,ABR925006465137,In Planung,Deutschland,Baden-Württemberg,Konstanz,Mühlingen,78357,Mühlingen,,,9.032596,47.911489,2032.000,2032.000,2024-04-21,2026-06-16,,Lithium-Batterie,Batterie,Speicher,SSE937372585197,2032.000
SEE979333474416,"Speicher Halle,  Am Kieswerk 8, Senden",ABR992534989268,In Betrieb,Deutschland,Bayern,Neu-Ulm,Senden,89250,Senden,Am Kieswerk,8,10.071440,48.298950,120.000,120.000,2024-04-22,,2024-04-04,Lithium-Batterie,Batterie,Speicher,SSE987174852317,202.500
SEE986793559539,PVA FF Dingelstedt Speicher,ABR933723088379,In Planung,Deutschland,Sachsen-Anhalt,Harz,Huy,38838,Dingelstedt,Bahnchaussee,340,10.990720,51.979945,176.000,176.000,2024-04-22,2024-11-01,,Lithium-Batterie,Batterie,Speicher,SSE929231053534,398.000
SEE932598014407,Batt-Speicher 1 WvB,ABR978921475408,In Betrieb,Deutschland,Bayern,Amberg,Amberg,92224,Amberg,Wernher-von-Braun-Straße,10,11.880796,49.480457,736.000,736.000,2024-04-22,,2024-04-04,Lithium-Batterie,Batterie,Speicher,SSE916539266070,1288.000
SEE975000220430,Stromspeicher Oranka,ABR943331741290,In Betrieb,Deutschland,Schleswig-Holstein,Stormarn,Reinbek,21465,Reinbek,Gutenbergstraße,10,10.235889,53.524449,100.000,100.000,2024-08-14,,2024-05-07,Lithium-Batterie,Batterie,Speicher,SSE997458872238,209.000
SEE926507264939,Stromspeicher Lettgenbrunn,ABR924410946720,In Betrieb,Deutschland,Hessen,Main-Kinzig-Kreis,Jossgrund,63637,Jossgrund,,,9.405556,50.142419,1000.000,1000.000,2025-08-22,,2025-08-11,Lithium-Batterie,Batterie,Speicher,SSE900922571537,2032.000
SEE969990307462,Solarpark Leer,ABR950993882858,In Planung,Deutschland,Niedersachsen,Leer,Leer (Ostfriesland),26789,Leer,Im Hochmoor,,7.488787,53.269057,2400.000,2400.000,2024-04-23,2025-08-01,,Sonstige Batterie,Batterie,Speicher,SSE962882945407,4800.000
SEE964198735277,Speicher Polt III 5.000 kW(Teil 1),ABR963150956514,In Betrieb,Deutschland,Mecklenburg-Vorpommern,Ludwigslust-Parchim,Ruhner Berge,19376,Ruhner Berge,,,11.830131,53.345520,5000.000,5000.000,2026-01-12,,2025-11-06,Lithium-Batterie,Batterie,Speicher,SSE955397794820,11182.080
SEE982473876507,Speicher-Stall4+6 Eifelland,ABR948812344267,In Betrieb,Deutschland,Nordrhein-Westfalen,Euskirchen,Euskirchen,53881,Euskirchen,Auf dem Maarpfad,9,6.833987,50.636339,320.000,200.000,2024-04-23,,2024-03-08,Lithium-Batterie,Batterie,Speicher,SSE960162611813,290.000
SEE965288150512,Speicher_Rhönland_Stall1-3,ABR915189180033,In Betrieb,Deutschland,Hessen,Main-Kinzig-Kreis,Sinntal,36391,Sinntal,Körperwiesenweg,1,9.610957,50.294281,180.000,100.000,2024-04-23,,2024-10-29,Lithium-Batterie,Batterie,Speicher,SSE960726596174,160.000
SEE957877056206,Stromspeicher BBC - Eschweiler,ABR967629179176,In Betrieb,Deutschland,Nordrhein-Westfalen,Städteregion Aachen,Aachen,52078,Aachen,Neuenhofstraße,180,6.334812,50.845707,300.000,300.000,2024-04-23,,2024-04-23,Lithium-Batterie,Batterie,Speicher,SSE940046726727,1100.000
SEE925610378908,Chausseestraße Speicher,ABR982823835567,In Betrieb,Deutschland,Niedersachsen,Region Hannover,Sehnde,31319,Sehnde,Chausseestraße,12,9.959075,52.325069,123.300,123.300,2024-04-23,,2023-03-01,Lithium-Batterie,Batterie,Speicher,SSE953701712720,123.300
SEE989788350180,10002 Page-Batterie,ABR973319622440,In Betrieb,Deutschland,Niedersachsen,Osnabrück,Osnabrück,49090,Osnabrück,Pagenstecherstraße,79,8.021847,52.290786,920.000,920.000,2024-04-23,,2024-02-15,Lithium-Batterie,Batterie,Speicher,SSE963038264151,648.000
SEE913338589386,Batterie Gunzenhof,ABR924960521125,In Planung,Deutschland,Bayern,Neumarkt i.d. OPf.,Hohenfels,92366,Hohenfels,,,11.841470,49.159602,1334.000,1334.000,2024-04-23,2027-01-01,,Lithium-Batterie,Batterie,Speicher,SSE901640620026,2930.000
SEE921411528078,Batterie Otterzhofen NordOst,ABR914840906388,In Planung,Deutschland,Bayern,Kelheim,Riedenburg,93339,Riedenburg,,,11.698816,49.008180,1267.000,1267.000,2024-04-23,2027-01-01,,Lithium-Batterie,Batterie,Speicher,SSE990982752748,2930.000
SEE900913134369,Speicher Porschestraße 26,ABR995599563329,In Betrieb,Deutschland,Niedersachsen,Harburg,Winsen (Luhe),21423,Winsen,Porschestraße,26,10.223492,53.335648,100.000,100.000,2025-02-11,,2024-11-27,Lithium-Batterie,Batterie,Speicher,SSE965566971969,240.000
SEE984366535331,PV Anlage Speicher Werk 1,ABR979003379638,In Betrieb,Deutschland,Baden-Württemberg,Göppingen,Eislingen/Fils,73054,Eislingen,Gutenbergstraße,3,9.693658,48.699406,120.000,120.000,2024-04-24,,2024-04-24,Lithium-Batterie,Batterie,Speicher,SSE969265810147,202.500
SEE950813721336,Speicher-Fredenbeck5472,ABR924556367991,In Betrieb,Deutschland,Niedersachsen,Stade,Fredenbeck,21717,Fredenbeck,Eschhorn,1-1,9.372538,53.515937,2000.000,2000.000,2026-04-29,,2026-05-21,Lithium-Batterie,Batterie,Speicher,SSE984412659431,2032.000
SEE901523079712,SMAREG8 Calbe,ABR902428448054,In Betrieb,Deutschland,Sachsen-Anhalt,Salzlandkreis,Calbe (Saale),39240,Calbe,Barbyer Chaussee,,11.797483,51.924572,20500.000,20500.000,2024-11-05,,2024-07-15,Lithium-Batterie,Batterie,Speicher,SSE906884725179,22350.000
SEE905757464016,Batteriespeicher Sonnenwende Busdorf,ABR914375207509,In Planung,Deutschland,Schleswig-Holstein,Schleswig-Flensburg,Busdorf,24866,Busdorf,Am Königshügel,4,9.549445,54.477055,1500.000,1500.000,2024-04-26,2026-08-25,,Lithium-Batterie,Batterie,Speicher,SSE951574293827,3900.000
SEE940602804401,Solarpark Schernikau 15 GmbH Batterie,ABR983762908664,In Planung,Deutschland,Sachsen-Anhalt,Stendal,Bismark (Altmark),39628,Bismark,,,11.395421,52.822438,2500.000,2500.000,2024-04-26,2026-10-15,,Lithium-Batterie,Batterie,Speicher,SSE943348828670,6000.000
SEE982744743101,Solarpark Münchham 51 GmbH Speicher,ABR968659874277,In Betrieb,Deutschland,Bayern,Rottal-Inn,Ering,94140,Ering,,,13.134735,48.333245,6200.000,6200.000,2026-08-04,,2026-08-04,Lithium-Batterie,Batterie,Speicher,SSE946887103024,14880.000
SEE915526861069,Frankfurt Oder West 1.1 Speicher,ABR932198268156,In Planung,Deutschland,Brandenburg,Frankfurt (Oder),Frankfurt (Oder),15234,Frankfurt,,,14.470091,52.322583,4800.000,4800.000,2024-04-26,2026-05-01,,Lithium-Batterie,Batterie,Speicher,SSE950019797159,9600.000
SEE959339286367,Elmenhorst Speicher,ABR940590301456,In Planung,Deutschland,Mecklenburg-Vorpommern,Vorpommern-Rügen,Elmenhorst,18510,Elmenhorst,,,13.080915,54.222091,4400.000,4400.000,2024-04-26,2026-05-01,,Lithium-Batterie,Batterie,Speicher,SSE979836842590,8800.000
SEE923525733690,Weede Speicher,ABR994481451492,In Planung,Deutschland,Schleswig-Holstein,Segeberg,Weede,23795,Weede,,,10.351996,53.920718,5800.000,5800.000,2024-04-26,2026-05-01,,Lithium-Batterie,Batterie,Speicher,SSE986467747446,11600.000
SEE924923815544,Klein Schönwalde Speicher,ABR989728844076,In Planung,Deutschland,Mecklenburg-Vorpommern,Vorpommern-Greifswald,Weitenhagen,17498,Weitenhagen,,,13.414036,54.066688,4800.000,4800.000,2024-04-26,2026-05-01,,Lithium-Batterie,Batterie,Speicher,SSE914112548438,9600.000
SEE942088280779,Papendorf Speicher,ABR952694277919,In Planung,Deutschland,Mecklenburg-Vorpommern,Vorpommern-Greifswald,Papendorf,17309,Papendorf,,,13.927374,53.485666,6800.000,6800.000,2024-04-26,2026-05-01,,Lithium-Batterie,Batterie,Speicher,SSE921665674590,13600.000
SEE902707065057,Speicher Kunzbauern-Feld,ABR906427447049,In Planung,Deutschland,Bayern,Kelheim,Riedenburg,93339,Riedenburg,,,11.747913,48.975481,1409.000,1409.000,2024-04-27,2026-12-23,,Lithium-Batterie,Batterie,Speicher,SSE981043023556,2820.000
SEE901873131559,Stromspeicher Unterwendling,ABR923885538072,In Betrieb,Deutschland,Bayern,Traunstein,Wonneberg,83379,Wonneberg,,,12.716591,47.906261,1700.000,1700.000,2025-12-01,,2025-11-23,Lithium-Batterie,Batterie,Speicher,SSE968865662347,4064.000
SEE902070793007,Geschendorf Speicher,ABR947523362188,In Betrieb,Deutschland,Schleswig-Holstein,Segeberg,Geschendorf,23815,Geschendorf,,,10.434488,53.925815,7668.000,7668.000,2026-05-19,,2026-05-13,Lithium-Batterie,Batterie,Speicher,SSE989610539813,13416.000
SEE961121249313,MJ6. Untere Hub Speicher,ABR990968760699,In Planung,Deutschland,Bayern,Deggendorf,Moos,94554,Moos,Burgstall,2,12.972298,48.726867,7750.000,7750.000,2024-04-29,2026-06-01,,Lithium-Batterie,Batterie,Speicher,SSE913642309595,15500.000
SEE999434890212,Brinkum 1 Speicher,ABR939517505596,In Planung,Deutschland,Niedersachsen,Leer,Brinkum,26835,Brinkum,,,7.584986,53.257750,6800.000,6800.000,2024-04-29,2026-05-01,,Lithium-Batterie,Batterie,Speicher,SSE982414303192,13600.000
SEE959642628977,Schülldorf Speicher,ABR927989910574,In Planung,Deutschland,Schleswig-Holstein,Rendsburg-Eckernförde,Schülldorf,24790,Schülldorf,,,9.760918,54.298378,5000.000,5000.000,2024-04-29,2026-12-14,,Lithium-Batterie,Batterie,Speicher,SSE923044550990,10000.000
SEE930406313285,"Batteriespeicher Hirschbach 1,8 MW",ABR924975054830,In Planung,Deutschland,Bayern,Amberg-Sulzbach,Hirschbach,92275,Hirschbach,,,11.606064,49.585123,1800.000,1800.000,2024-04-29,2026-08-28,,Lithium-Batterie,Batterie,Speicher,SSE952631634096,3600.000
SEE904812453767,Speicher Solarpark Waffenbrunn 1200 kW,ABR951133395542,In Betrieb,Deutschland,Bayern,Cham,Waffenbrunn,93494,Waffenbrunn,,,12.646946,49.264542,1200.000,1200.000,2025-07-10,,2025-07-09,Lithium-Batterie,Batterie,Speicher,SSE952327553021,4046.000
SEE912896986712,Inno BESS Hallbergmoos,ABR910091337148,In Betrieb,Deutschland,Bayern,Freising,Hallbergmoos,85399,Hallbergmoos,,,11.725174,48.336284,4000.000,3500.000,2025-09-17,,2025-07-17,Lithium-Batterie,Batterie,Speicher,SSE918335836785,8000.000
SEE931990988538,Inno BESS Brunnthal,ABR971164213813,In Betrieb,Deutschland,Bayern,München,Brunnthal,85649,Brunnthal,,,11.669333,48.030372,2400.000,2400.000,2025-12-30,,2025-12-29,Lithium-Batterie,Batterie,Speicher,SSE997681284655,6000.000
SEE993407062156,Inno BESS Gilching,ABR907673283856,In Betrieb,Deutschland,Bayern,Starnberg,Gilching,82205,Gilching,,,11.341924,48.107706,800.000,800.000,2026-01-08,,2026-01-07,Lithium-Batterie,Batterie,Speicher,SSE996263442070,2032.000
SEE955376395222,Speicher Hörbach Falteräcker,ABR935454212412,In Planung,Deutschland,Bayern,Fürstenfeldbruck,Althegnenberg,82278,Althegnenberg,,,11.084920,48.227510,1600.000,1600.000,2024-04-29,2025-12-31,,Lithium-Batterie,Batterie,Speicher,SSE920752871645,3200.000
SEE980350847626,Speicher Brandenberger Feld,ABR930392093666,In Planung,Deutschland,Bayern,Fürstenfeldbruck,Türkenfeld,82299,Türkenfeld,,,11.093390,48.118600,400.000,400.000,2024-04-29,2025-12-31,,Lithium-Batterie,Batterie,Speicher,SSE942251965434,800.000
SEE946170879926,Speicher-Kutenholz2730,ABR924556367991,In Planung,Deutschland,Niedersachsen,Stade,Kutenholz,27449,Kutenholz,Auf dem Berge,1,9.327117,53.496542,1000.000,1000.000,2024-04-29,2026-09-01,,Lithium-Batterie,Batterie,Speicher,SSE990728233654,1016.000
SEE953260746648,Batteriespeicher Böhmreut,ABR990975340211,In Betrieb,Deutschland,Bayern,Passau,Tittling,94104,Tittling,,,13.391565,48.752427,2032.000,2000.000,2026-02-08,,2026-01-23,Lithium-Batterie,Batterie,Speicher,SSE970234375963,4064.000
SEE918110610098,SP Möringen II PVA8 Speicher,ABR966756942882,In Betrieb,Deutschland,Sachsen-Anhalt,Stendal,Stendal,39576,Stendal,,,11.768280,52.581350,2556.000,2556.000,2026-01-08,,2025-11-27,Lithium-Batterie,Batterie,Speicher,SSE954176540054,8944.000
SEE936435018733,P23-408 Solarpark Parsberg V - 3.000 kW Inn24-1/036 BESS,ABR909584132094,In Betrieb,Deutschland,Bayern,Neumarkt i.d. OPf.,Parsberg,92331,Parsberg,,,11.679099,49.194570,3000.000,3000.000,2026-06-23,,2026-06-22,Lithium-Batterie,Batterie,Speicher,SSE927352580533,6096.000
SEE931920286475,"P22-617 Solarpark Altmannstein-Winden - Speicher 648,00 kW Inn24-1/035",ABR934657366021,In Betrieb,Deutschland,Bayern,Eichstätt,Altmannstein,93336,Altmannstein,,,11.531583,48.951388,648.000,648.000,2026-02-12,,2026-02-02,Lithium-Batterie,Batterie,Speicher,SSE961422360885,1290.000
SEE990451468248,Stromspeicher 1.740 kW,ABR964731215914,In Betrieb,Deutschland,Bayern,Wunsiedel i. Fichtelgebirge,Weißenstadt,95163,Weißenstadt,Sparnecker Straße,1,11.887701,50.108780,1740.000,1740.000,2025-02-26,,2025-02-18,Lithium-Batterie,Batterie,Speicher,SSE921115912838,3000.000
SEE948496198712,Europaallee 10 Speicher,ABR980010754585,In Betrieb,Deutschland,Rheinland-Pfalz,Kaiserslautern,Kaiserslautern,67657,Kaiserslautern,Europaallee,10,7.804526,49.456031,255.000,255.000,2024-07-10,,2024-06-13,Lithium-Batterie,Batterie,Speicher,SSE931314643181,288.000
SEE939135172132,KB-PV Bassum,ABR998360605846,In Betrieb,Deutschland,Niedersachsen,Diepholz,Bassum,27211,Bassum,Sulinger Straße,10 - 12,8.727391,52.846966,184.000,184.000,2024-05-08,,2024-04-12,Lithium-Batterie,Batterie,Speicher,SSE973447882983,184.000
SEE911104934033,Mainwiesen Haus Raphael Speicher,ABR980695814017,In Betrieb,Deutschland,Hessen,Main-Kinzig-Kreis,Hanau,63456,Hanau,Quergartenweg,9,8.927110,50.102355,109.000,88.000,2024-05-13,,2024-05-02,Lithium-Batterie,Batterie,Speicher,SSE934023790511,109.000
SEE971183228317,Speicher,ABR900960872412,In Betrieb,Deutschland,Baden-Württemberg,Biberach,Eberhardzell,88436,Eberhardzell,Petrusstraße,1,9.771815,47.986187,100.000,100.000,2024-05-15,,2023-12-20,Lithium-Batterie,Batterie,Speicher,SSE961065859050,295.000
SEE921845262999,Batteriespeicher,ABR962387066966,In Betrieb,Deutschland,Baden-Württemberg,Heidenheim,Dischingen,89561,Dischingen,Amerdinger Straße,12,10.443052,48.715187,150.000,150.000,2024-05-16,,2024-05-09,Lithium-Batterie,Batterie,Speicher,SSE921546086306,462.000
SEE980501482928,10001 Celle-Batterie,ABR973319622440,In Betrieb,Deutschland,Niedersachsen,Celle,Celle,29227,Celle,An der Koppel,1,10.066723,52.590321,920.000,920.000,2024-05-16,,2024-05-03,Lithium-Batterie,Batterie,Speicher,SSE984030176761,648.000
SEE946175321628,MUMAX Batteriespeicher I,ABR922235196399,In Betrieb,Deutschland,Nordrhein-Westfalen,Wesel,Wesel,46485,Wesel,Rudolf-Diesel-Straße,17,6.664100,51.664148,736.000,736.000,2024-05-17,,2024-05-15,Nickel-Cadmium- / Nickel-Metallhydridbatterie,Batterie,Speicher,SSE928725889666,1288.000
SEE904875265017,"PV-Anlage Junkerstr. 9, Speicher",ABR908186969404,In Betrieb,Deutschland,Bayern,Neu-Ulm,Neu-Ulm,89231,Neu-Ulm,Junkersstraße,9,10.023109,48.381012,120.000,120.000,2024-05-22,,2023-09-05,Lithium-Batterie,Batterie,Speicher,SSE961222803032,202.500
SEE989889943113,Speicher232,ABR993577172372,In Betrieb,Deutschland,Sachsen-Anhalt,Harz,Thale,06502,Thale,Sellstraße,232,10.972540,51.684165,102.400,102.400,2024-05-22,,2024-03-30,Lithium-Batterie,Batterie,Speicher,SSE925167241717,92.160
SEE965799757125,Speicher Jerchel West - Teilanlage 2,ABR912026099350,In Betrieb,Deutschland,Brandenburg,Havelland,Milower Land,14715,Milower Land,,,12.319410,52.478500,6160.000,5600.000,2025-06-20,,2025-05-31,Lithium-Batterie,Batterie,Speicher,SSE955799733632,14226.660
SEE999051917675,Speicher Jerchel West - Teilanlage 3,ABR912026099350,In Betrieb,Deutschland,Brandenburg,Havelland,Milower Land,14715,Milower Land,,,12.319480,52.478490,6160.000,5600.000,2025-06-20,,2025-06-01,Lithium-Batterie,Batterie,Speicher,SSE963318130343,14226.660
SEE957886026795,Speicher Gebot 3,ABR912026099350,In Planung,Deutschland,Brandenburg,Havelland,Milower Land,14715,Milower Land,,,12.338020,52.461140,3808.000,3808.000,2024-05-22,2027-02-01,,Lithium-Batterie,Batterie,Speicher,SSE905042183653,7700.000
SEE924578989171,Speicher Gebot 4,ABR912026099350,In Planung,Deutschland,Brandenburg,Havelland,Milower Land,14715,Milower Land,,,12.338020,52.461140,5712.000,5712.000,2024-05-22,2027-02-01,,Lithium-Batterie,Batterie,Speicher,SSE989706440290,11500.000
SEE964247284619,Speicher Gebot InnAus,ABR986790696589,In Planung,Deutschland,Sachsen-Anhalt,Anhalt-Bitterfeld,Zörbig,06780,Zörbig,,,12.074090,51.602970,6800.000,6800.000,2024-05-23,2027-07-01,,Lithium-Batterie,Batterie,Speicher,SSE925318219671,13610.000
SEE935426815337,Piya,ABR992234132872,In Betrieb,Deutschland,Nordrhein-Westfalen,Oberbergischer Kreis,Gummersbach,51647,Gummersbach,Hückeswagener Straße,30,7.551944,51.041920,138.600,135.000,2024-05-24,,2024-05-01,Lithium-Batterie,Batterie,Speicher,SSE962824352010,138.600
SEE977766855635,Batteriespeicher VF-IP,ABR926786152095,In Betrieb,Deutschland,Rheinland-Pfalz,Bad Kreuznach,Bad Sobernheim,55566,Bad Sobernheim,Haystraße,27,7.630452,49.786700,100.000,100.000,2024-05-27,,2024-05-22,Lithium-Batterie,Batterie,Speicher,SSE972870767959,270.000
SEE907007852277,ECO Battery Park 3 - Trading Calbe,ABR988208989320,In Betrieb,Deutschland,Sachsen-Anhalt,Salzlandkreis,Bördeland,39221,Zens,,,11.712986,51.915526,1000.000,1000.000,2024-05-27,,2024-07-16,Lithium-Batterie,Batterie,Speicher,SSE985169869258,2032.000
SEE997547268942,"INTILION Batterie 308 KW/h, Krumbach (APTEC Solar GmbH)",ABR980553356925,In Betrieb,Deutschland,Bayern,Günzburg,Krumbach (Schwaben),86381,Krumbach,Hans-Lingl-Straße,19,10.362101,48.256101,100.000,100.000,2024-05-27,,2023-12-19,Lithium-Batterie,Batterie,Speicher,SSE909637043391,308.000
SEE971033310858,Batteriespeicher (22100P),ABR901337817623,In Betrieb,Deutschland,Baden-Württemberg,Biberach,Burgrieden,88483,Burgrieden,Walpertshofer Str.,1,9.913114,48.209031,120.000,120.000,2024-05-28,,2025-02-26,Lithium-Batterie,Batterie,Speicher,SSE995884100079,270.000
SEE947453616658,Batteriespeicher 100KW,ABR964265226561,In Betrieb,Deutschland,Bayern,Ansbach,Geslau,91608,Geslau,Stettberg,17,10.344590,49.375197,109.000,50.000,2024-05-29,,2024-05-02,Lithium-Batterie,Batterie,Speicher,SSE932471623696,98.000
SEE930946441608,Speicher 1,ABR961369707750,In Betrieb,Deutschland,Niedersachsen,Emsland,Emsbüren,48488,Emsbüren,Ahlde,30 c,7.325602,52.343534,100.000,100.000,2024-06-03,,2023-05-04,Lithium-Batterie,Batterie,Speicher,SSE936098652336,224.000
SEE989011695088,Stromspeicher_Commo_Bastuck,ABR928559856230,In Betrieb,Deutschland,Saarland,Saarlouis,Lebach,66822,Lebach,In Bommersfeld,11,6.892910,49.411558,150.000,150.000,2024-06-04,,2023-10-06,Lithium-Batterie,Batterie,Speicher,SSE972156735078,200.400
SEE990986332465,BESS Peißenberg,ABR928139365190,In Betrieb,Deutschland,Bayern,Weilheim-Schongau,Peißenberg,82380,Peißenberg,Dornbichlweg,,11.087678,47.818603,1000.000,1000.000,2024-06-28,,2024-06-24,Lithium-Batterie,Batterie,Speicher,SSE963065255245,2032.000
SEE906449612265,BESS Oberrohrbach,ABR928139365190,In Betrieb,Deutschland,Bayern,Rottal-Inn,Rimbach,84326,Rimbach,Oberrohrbach,,12.662181,48.485040,1000.000,1000.000,2024-06-25,,2024-06-14,Lithium-Batterie,Batterie,Speicher,SSE994274958689,2233.000
SEE997256744171,ECO Battery 3 - Trading Egling,ABR988208989320,In Betrieb,Deutschland,Bayern,Bad Tölz-Wolfratshausen,Egling,82544,Egling,,,11.488915,47.923851,3000.000,3000.000,2024-07-02,,2024-04-10,Lithium-Batterie,Batterie,Speicher,SSE976263907793,6096.000
SEE978309000345,PV-Pano,ABR929684836975,In Betrieb,Deutschland,Bayern,Oberallgäu,Bad Hindelang,87541,Bad Hindelang,Paßstraße,41,10.409178,47.515526,100.000,100.000,2024-06-05,,2024-06-01,Lithium-Batterie,Batterie,Speicher,SSE967497482767,142.000
SEE960558737585,Batteriespeicher 1,ABR963722874017,In Betrieb,Deutschland,Baden-Württemberg,Rems-Murr-Kreis,Backnang,71522,Backnang,Lange Äcker,8,9.439148,48.933312,552.000,92.000,2024-06-06,,2024-03-25,Lithium-Batterie,Batterie,Speicher,SSE909684781673,492.000
SEE988768857718,Speicher Usedom Bike Hotel,ABR929904657939,In Betrieb,Deutschland,Mecklenburg-Vorpommern,Vorpommern-Greifswald,Karlshagen,17449,Karlshagen,Hugo-Elsner-Straße,5,13.835455,54.122666,116.000,100.000,2024-06-07,,2024-05-17,Lithium-Batterie,Batterie,Speicher,SSE928098826275,208.000
SEE933443000477,PVA Eigenverbrauch Stromspeicher 308 kWh,ABR911053524040,In Betrieb,Deutschland,Niedersachsen,Emsland,Papenburg,26871,Papenburg,Schulze-Delitzsch-Straße,10,7.398838,53.051751,150.000,150.000,2024-06-10,,2024-05-22,Lithium-Batterie,Batterie,Speicher,SSE954808115940,308.000
SEE975950308479,WEC 3,ABR944185937938,In Betrieb,Deutschland,Nordrhein-Westfalen,Paderborn,Paderborn,33104,Paderborn,Stedener Feld,10,8.722238,51.729597,150.000,150.000,2024-06-10,,2024-06-03,Lithium-Batterie,Batterie,Speicher,SSE989936676742,432.000
SEE995062372380,PV Anlage Am Dammkrug 1,ABR924294484042,In Betrieb,Deutschland,Niedersachsen,Region Hannover,Neustadt am Rübenberge,31535,Neustadt,Am Dammkrug,1,9.496021,52.484977,110.000,110.000,2024-06-10,,2024-06-03,Lithium-Batterie,Batterie,Speicher,SSE934749800341,115.200
SEE939346315557,Speicher Beilrode I - Teilanlage 5,ABR903837623278,In Betrieb,Deutschland,Sachsen,Nordsachsen,Beilrode,04886,Beilrode,,,13.090721,51.573939,6160.000,5600.000,2025-04-15,,2025-04-01,Lithium-Batterie,Batterie,Speicher,SSE926944270777,14224.000
SEE900310540558,Speicher Beilrode I - Teilanlage 6,ABR903837623278,In Betrieb,Deutschland,Sachsen,Nordsachsen,Beilrode,04886,Beilrode,,,13.087783,51.566173,6160.000,6160.000,2025-05-12,,2025-05-01,Lithium-Batterie,Batterie,Speicher,SSE919917475545,14226.660
SEE901626468574,ThermoFisher Rheinfelden Stromspeicher,ABR968582923271,In Betrieb,Deutschland,Baden-Württemberg,Lörrach,Rheinfelden (Baden),79618,Rheinfelden,Marie-Curie-Straße,16,7.745169,47.547188,125.000,125.000,2024-07-17,,2024-07-16,Lithium-Batterie,Batterie,Speicher,SSE938743178734,261.000
SEE985186884999,Batteriespeicher Technikcontainer,ABR972735422535,In Betrieb,Deutschland,Nordrhein-Westfalen,Paderborn,Paderborn,33102,Paderborn,An der Talle,21,8.752119,51.749234,300.000,300.000,2024-06-12,,2024-05-31,Sonstige Batterie,Batterie,Speicher,SSE997132451414,554.400
SEE967957431434,Stromspeicher,ABR933655679867,In Betrieb,Deutschland,Bayern,Oberallgäu,Oberstdorf,87561,Oberstdorf,Rohrmooser Straße,52,10.227160,47.408809,100.000,100.000,2024-06-14,,2024-06-13,Lithium-Batterie,Batterie,Speicher,SSE920663490973,154.000
SEE941617086264,PV Anlage,ABR940837383252,In Betrieb,Deutschland,Sachsen-Anhalt,Harz,Quedlinburg,06485,Quedlinburg,Nordhäuser Heerstraße,17,11.111717,51.731627,125.000,125.000,2024-06-14,,2024-11-08,Lithium-Batterie,Batterie,Speicher,SSE906054316824,215.000
SEE955678229164,Busbetriebshof Alsterdorf Batteriespeicher,ABR949032207394,In Betrieb,Deutschland,Hamburg,Hamburg,Hamburg,22297,Hamburg,Tessenowweg,2,10.031300,53.609660,4000.000,4000.000,2024-08-23,,2024-08-22,Lithium-Batterie,Batterie,Speicher,SSE975091018916,4140.000
SEE915747626416,Speicher,ABR955267622253,In Betrieb,Deutschland,Niedersachsen,Grafschaft Bentheim,Wietmarschen,49835,Wietmarschen,Speckendiek,2,7.166090,52.526544,200.000,200.000,2024-08-08,,2024-05-02,Lithium-Batterie,Batterie,Speicher,SSE958636058240,831.600
SEE959751889641,Am Fuchsenacker 2 - Batteriespeicher 1,ABR962763603907,In Betrieb,Deutschland,Baden-Württemberg,Main-Tauber-Kreis,Wertheim,97877,Wertheim,Am Fuchsenacker,2,9.585570,49.772550,1300.000,1300.000,2025-01-30,,2024-10-07,Lithium-Batterie,Batterie,Speicher,SSE989857092119,1780.000
SEE958348383814,Am Fuchsenacker 2 - Batteriespeicher 2,ABR962763603907,In Betrieb,Deutschland,Baden-Württemberg,Main-Tauber-Kreis,Wertheim,97877,Wertheim,Am Fuchsenacker,2,9.585570,49.772550,1300.000,1300.000,2025-07-29,,2025-07-04,Lithium-Batterie,Batterie,Speicher,SSE998936700883,1780.000
SEE924266023187,stationärer Batteriespeicher Porsche Leipzig GmbH BT267,ABR971512129636,In Betrieb,Deutschland,Sachsen,Leipzig,Leipzig,04158,Leipzig,Porschestraße,1,12.295435,51.409943,5000.000,5000.000,2024-06-27,,2024-06-26,Lithium-Batterie,Batterie,Speicher,SSE997644812123,10000.000
SEE906975543958,Stromspeicher TESVOLT 160 kWh,ABR958705743831,In Betrieb,Deutschland,Niedersachsen,Grafschaft Bentheim,Bad Bentheim,48455,Bad Bentheim,Ochtruper Straße,95,7.177592,52.289175,100.000,100.000,2024-06-25,,2024-06-04,Lithium-Batterie,Batterie,Speicher,SSE983787644004,160.000
SEE994143659068,PVA Ullrich Lagerhalle,ABR951438145774,In Betrieb,Deutschland,Brandenburg,Spree-Neiße,Forst (Lausitz),03149,Forst,Ebereschenweg,30,14.623922,51.721812,124.200,51.000,2024-06-25,,2024-06-17,Lithium-Batterie,Batterie,Speicher,SSE932031841867,124.200
SEE916041421592,NUKAspeicher,ABR917063786638,In Betrieb,Deutschland,Bayern,Oberallgäu,Waltenhofen,87448,Waltenhofen,Veits,13,10.318823,47.683670,1718.000,1718.000,2024-07-02,,2024-01-30,Lithium-Batterie,Batterie,Speicher,SSE917733426727,3542.000
SEE938191712221,TBV Batteriespeicher,ABR921007813250,In Betrieb,Deutschland,Nordrhein-Westfalen,Mettmann,Velbert,42549,Velbert,Am Lindenkamp,33,7.040099,51.327795,200.000,200.000,2024-12-06,,2024-12-06,Lithium-Batterie,Batterie,Speicher,SSE914280357351,640.000
SEE928305851519,Speicher01,ABR979022019249,In Betrieb,Deutschland,Niedersachsen,Diepholz,Drebber,49457,Drebber,Flessenmoor,1,8.410981,52.637893,276.000,248.400,2024-12-12,,2024-08-12,Lithium-Batterie,Batterie,Speicher,SSE944365103238,279.000
SEE954235043304,100kW-Speicher,ABR991107110757,In Betrieb,Deutschland,Bayern,Aichach-Friedberg,Merching,86504,Merching,Am Lerchenberg,12,10.992648,48.247708,100.000,100.000,2024-07-02,,2023-12-20,Lithium-Batterie,Batterie,Speicher,SSE963337429398,100.000
SEE912846973984,DELTIN Deggendorf,ABR979231223604,In Betrieb,Deutschland,Bayern,Deggendorf,Deggendorf,94469,Deggendorf,Großwalding,1,12.983055,48.849553,164.000,40.000,2024-07-04,,2024-05-03,Lithium-Batterie,Batterie,Speicher,SSE909921234214,164.000
SEE904299404337,PV Rooftop Offenburg,ABR927355944486,In Betrieb,Deutschland,Baden-Württemberg,Ortenaukreis,Offenburg,77656,Offenburg,Industriestraße,10,7.931019,48.441350,750.000,750.000,2024-07-04,,2024-06-12,Lithium-Batterie,Batterie,Speicher,SSE916221641123,1488.000
SEE923602351045,Speicher Witte,ABR933783638057,In Betrieb,Deutschland,Niedersachsen,Osnabrück,Bohmte,49163,Bohmte,Michelsweg,4 b,8.255908,52.427864,137.000,137.000,2024-07-05,,2023-07-04,Lithium-Batterie,Batterie,Speicher,SSE923437997395,135.000
SEE952373159499,Batterie Betriebsstätte Michelstadt,ABR993955176954,In Betrieb,Deutschland,Hessen,Odenwaldkreis,Michelstadt,64720,Michelstadt,Zeller Straße,22,9.008351,49.689134,104.000,104.000,2024-07-05,,2024-07-01,Lithium-Batterie,Batterie,Speicher,SSE951737137166,76.000
SEE904080856116,Batterie Eineborn Haus 1,ABR979472316868,In Betrieb,Deutschland,Thüringen,Saale-Holzland-Kreis,Eineborn,07646,Eineborn,Zu den Tannenwiesen,3,11.866575,50.845486,100.000,100.000,2024-07-08,,2024-07-05,Lithium-Batterie,Batterie,Speicher,SSE924744328070,277.000
SEE938180225213,IDF,ABR968329823765,In Betrieb,Deutschland,Nordrhein-Westfalen,Münster,Münster,48155,Münster,Wolbecker Straße,237,7.660498,51.956673,100.000,100.000,2024-07-09,,2024-07-01,Lithium-Batterie,Batterie,Speicher,SSE902052877961,131.200
SEE985466432063,Achen 14 PV Speicher,ABR911299254152,In Betrieb,Deutschland,Bayern,Rosenheim,Schonstett,83137,Schonstett,Achen,14,12.236501,47.978965,110.000,100.000,2024-07-09,,2023-10-27,Lithium-Batterie,Batterie,Speicher,SSE915195850920,100.000
SEE913280638989,Intilion Scalebloc Power,ABR985562598076,In Planung,Deutschland,Hessen,Main-Taunus-Kreis,Kelkheim (Taunus),65779,Kelkheim,Industriestraße,10,8.466204,50.121262,100.000,100.000,2024-07-10,2024-08-30,,Lithium-Batterie,Batterie,Speicher,SSE908857286588,131.200
SEE964441765907,Speicher 1 der Freiflächenanlage Deponie Edesheim,ABR945031589912,In Planung,Deutschland,Rheinland-Pfalz,Südliche Weinstraße,Edesheim,67483,Edesheim,In den Wiesen,1,8.145555,49.249722,1900.000,1900.000,2024-07-11,2025-06-01,,Sonstige Batterie,Batterie,Speicher,SSE940834192031,3841.000
SEE918635752303,Speicher Parkhaus,ABR951709329209,In Betrieb,Deutschland,Niedersachsen,Vechta,Lohne (Oldenburg),49393,Lohne,Franziskusstraße,1,8.242716,52.665226,100.000,90.000,2024-07-11,,2024-05-02,Lithium-Batterie,Batterie,Speicher,SSE939640339662,154.000
SEE980848606223,NL KF Batteriespeicher,ABR933914735150,In Betrieb,Deutschland,Bayern,Kaufbeuren,Kaufbeuren,87600,Kaufbeuren,Im Hart,13,10.606041,47.855963,176.000,176.000,2024-07-12,,2024-06-25,Lithium-Batterie,Batterie,Speicher,SSE901849955820,196.200
SEE935802817801,Batterie,ABR995112552373,In Betrieb,Deutschland,Bayern,Cham,Cham,93413,Cham,Am Taschinger Berg,8,12.664556,49.198975,100.000,100.000,2024-07-15,,2024-06-24,Lithium-Batterie,Batterie,Speicher,SSE915310912878,140.000
SEE945098615012,Batteriespeicher,ABR987809897218,In Betrieb,Deutschland,Baden-Württemberg,Alb-Donau-Kreis,Schelklingen,89601,Schelklingen,Urspring,5,9.718592,48.380855,104.000,104.000,2024-07-18,,2025-07-17,Lithium-Batterie,Batterie,Speicher,SSE909117645978,280.000
SEE920148679695,Pufferspeicher Schnellladeanlage für E-Auto,ABR917661187295,In Betrieb,Deutschland,Brandenburg,Elbe-Elster,Doberlug-Kirchhain,03253,Doberlug-Kirchhain,Südstraße,17,13.570733,51.623256,220.000,220.000,2024-07-20,,2022-05-06,Lithium-Batterie,Batterie,Speicher,SSE974758200756,140.000
SEE977131646653,Speicher,ABR931568848134,In Betrieb,Deutschland,Bayern,Miesbach,Bad Wiessee,83707,Bad Wiessee,Defreggerweg,2-6,11.732317,47.699110,108.928,88.000,2025-02-25,,2024-11-04,Lithium-Batterie,Batterie,Speicher,SSE992309764687,392.000
SEE923875197395,Varta Speicher Lauteracher Weg 10,ABR970591607479,In Betrieb,Deutschland,Baden-Württemberg,Alb-Donau-Kreis,Dornstadt,89160,Dornstadt,Lauteracher Weg,10,9.904782,48.479561,120.000,120.000,2024-07-23,,2025-11-04,Lithium-Batterie,Batterie,Speicher,SSE926615691627,450.000
SEE976973576968,PV Akku 2024,ABR935232540058,In Betrieb,Deutschland,Nordrhein-Westfalen,Kleve,Rees,46459,Rees,Halderner Straße,61,6.438818,51.792226,100.000,100.000,2024-07-23,,2024-06-19,Lithium-Batterie,Batterie,Speicher,SSE992895179483,112.000
SEE979635737127,Sturmwind 1.1,ABR934358045072,In Planung,Deutschland,Schleswig-Holstein,Stormarn,Rümpel,23843,Rümpel,Im Seybeck,,10.360580,53.782643,440.000,440.000,2024-07-24,2026-06-11,,Lithium-Batterie,Batterie,Speicher,SSE933385150568,900.000
SEE955867454018,Batterie I OL Schüttguthalle,ABR916201409699,In Betrieb,Deutschland,Bayern,Straubing-Bogen,Mallersdorf-Pfaffenberg,84066,Mallersdorf-Pfaffenberg,,,12.208530,48.747540,200.000,200.000,2024-07-25,,2024-09-27,Lithium-Batterie,Batterie,Speicher,SSE922479015388,277.200
SEE992160397383,BESS MLH R (Batteriespeicher),ABR946005608509,In Betrieb,Deutschland,Nordrhein-Westfalen,Mülheim an der Ruhr,Mülheim an der Ruhr,45478,Mülheim,Rheinstraße,100,6.847020,51.437835,3000.000,3000.000,2024-08-05,,2023-11-15,Lithium-Batterie,Batterie,Speicher,SSE919914860894,4400.000
SEE921991215009,Neubau Quast Speicher,ABR977220593431,In Betrieb,Deutschland,Niedersachsen,Stade,Jork,21635,Jork,Neuenfelder Straße,6,9.734551,53.518515,150.000,150.000,2024-07-25,,2024-01-22,Lithium-Batterie,Batterie,Speicher,SSE976611976259,240.000
SEE905867758128,"SIMONA BEES 2,5MW - Batteriespeicher",ABR946269317469,In Betrieb,Deutschland,Rheinland-Pfalz,Bad Kreuznach,Kirn,55606,Kirn,Teichweg,16,7.457122,49.785049,2500.000,2500.000,2024-09-17,,2024-09-11,Lithium-Batterie,Batterie,Speicher,SSE908826201031,2500.000
SEE953682502471,GH-Batt,ABR911398240476,In Betrieb,Deutschland,Bayern,Landshut,Ergolding,84030,Ergolding,Pfarrkofen,1 ,12.098355,48.600139,100.000,100.000,2024-07-29,,2024-07-02,Lithium-Batterie,Batterie,Speicher,SSE955161240416,217.900
SEE974964242328,Speicher 2022,ABR999289960399,In Betrieb,Deutschland,Nordrhein-Westfalen,Heinsberg,Waldfeucht,52525,Waldfeucht,Raiffeisenstraße,5,5.997292,51.058656,120.000,120.000,2024-07-29,,2022-10-22,Lithium-Batterie,Batterie,Speicher,SSE901138693570,130.000
SEE920118416138,Speicher Steyerberg,ABR927397646904,In Planung,Deutschland,Niedersachsen,Nienburg (Weser),Steyerberg,31595,Steyerberg,,,9.052070,52.563650,9900.000,9900.000,2024-07-29,2026-08-01,,Lithium-Batterie,Batterie,Speicher,SSE988686306831,19800.000
SEE977943088337,Kuhstall 2024,ABR978740260223,In Betrieb,Deutschland,Niedersachsen,Celle,Hohne,29362,Hohne,Feldmoor,500,10.386103,52.582165,164.000,164.000,2024-07-30,,2024-07-23,Lithium-Batterie,Batterie,Speicher,SSE917847295417,164.000
SEE920372088966,Batteriespeicher H8,ABR993793317663,In Betrieb,Deutschland,Nordrhein-Westfalen,Düsseldorf,Düsseldorf,40474,Düsseldorf,Flughafenstraße,105,6.781476,51.287347,1000.000,1000.000,2024-07-30,,2024-07-30,Lithium-Batterie,Batterie,Speicher,SSE956401689149,1400.000
SEE995561640713,Stromspeicher 1,ABR984850887625,In Betrieb,Deutschland,Bayern,Pfaffenhofen a.d. Ilm,Wolnzach,85283,Wolnzach,Dorfstraße,,11.581648,48.571234,100.000,100.000,2024-07-31,,2024-04-25,Lithium-Batterie,Batterie,Speicher,SSE941776521958,193.500
SEE987431751018,BS Glasewitz,ABR928481388199,In Planung,Deutschland,Mecklenburg-Vorpommern,Rostock,Glasewitz,18276,Glasewitz,,,12.303737,53.820361,5500.000,5500.000,2024-08-01,2026-06-30,,Lithium-Batterie,Batterie,Speicher,SSE924973190400,11000.000
SEE992995330784,Akku RS Trostberg,ABR904568080156,In Betrieb,Deutschland,Bayern,Traunstein,Trostberg,83308,Trostberg,Jahnstraße,11,12.547671,48.022918,219.000,75.000,2024-08-05,,2023-11-20,Lithium-Batterie,Batterie,Speicher,SSE950056210253,219.000
SEE916911688223,Schuby Speicher,ABR999648966048,In Betrieb,Deutschland,Schleswig-Holstein,Schleswig-Flensburg,Schuby,24850,Schuby,Osterdiek,3,9.496306,54.524200,100.000,100.000,2024-08-05,,2024-06-05,Lithium-Batterie,Batterie,Speicher,SSE944668143207,146.000
SEE933228415922,Energiepark Brandl eGbR,ABR907009264450,In Planung,Deutschland,Bayern,Freyung-Grafenau,Waldkirchen,94065,Waldkirchen,,,13.550266,48.735733,2236.000,2130.000,2024-08-06,2026-12-01,,Lithium-Batterie,Batterie,Speicher,SSE913141964769,4472.000
SEE949569053884,Batteriespeicher bmz 155kW,ABR930287066034,In Betrieb,Deutschland,Bayern,Bad Tölz-Wolfratshausen,Bad Heilbrunn,83670,Bad Heilbrunn,Karpfsee,10,11.430498,47.770585,100.000,100.000,2024-08-07,,2024-07-01,Lithium-Batterie,Batterie,Speicher,SSE911332593187,155.200
SEE907042319414,Föppl9,ABR976396254511,In Betrieb,Deutschland,Sachsen,Leipzig,Leipzig,04347,Leipzig,Föpplstraße,9,12.434155,51.367489,100.000,51.000,2024-08-08,,2024-08-07,Lithium-Batterie,Batterie,Speicher,SSE936029505397,102.000
SEE996575587568,Tesvolt Speicher,ABR948542009412,In Betrieb,Deutschland,Sachsen-Anhalt,Salzlandkreis,Schönebeck (Elbe),39218,Schönebeck,Industriestraße,6,11.765386,52.011957,174.000,174.000,2024-08-13,,2024-04-26,Lithium-Batterie,Batterie,Speicher,SSE911995694672,480.000
SEE964681388492,PV Golf 2,ABR965742408463,In Betrieb,Deutschland,Nordrhein-Westfalen,Heinsberg,Wassenberg,41849,Wassenberg,,,,,150.000,30.000,2024-08-08,,2024-07-25,Lithium-Batterie,Batterie,Speicher,SSE975680005310,135.000
SEE959371989257,Stromspeicher 1,ABR927721825197,In Betrieb,Deutschland,Bayern,Regensburg,Regensburg,93055,Regensburg,Leibnizstraße,4,12.160584,48.997427,704.000,704.000,2024-08-09,,2023-04-19,Lithium-Batterie,Batterie,Speicher,SSE990429243303,656.000
SEE953871207675,Höllfeld Solarpark Eppishausen Speicher,ABR978533633029,In Planung,Deutschland,Bayern,Unterallgäu,Eppishausen,87745,Eppishausen,,,10.536270,48.180300,5100.000,5100.000,2024-08-09,2026-09-30,,Lithium-Batterie,Batterie,Speicher,SSE914367181237,11520.000
SEE995199870315,Batterie Schönfeld,ABR941817334103,In Planung,Deutschland,Baden-Württemberg,Main-Tauber-Kreis,Großrinderfeld,97950,Großrinderfeld,,,9.778290,49.677226,2500.000,2500.000,2024-08-09,2027-02-11,,Lithium-Batterie,Batterie,Speicher,SSE905614401963,5000.000
SEE954144885392,Speicher Solarpark Zapel,ABR928046553604,In Planung,Deutschland,Berlin,Berlin,Berlin,10117,Berlin,Friedrichstraße,200,11.689482,53.555267,6670.000,6670.000,2024-08-13,2027-12-31,,Lithium-Batterie,Batterie,Speicher,SSE972451999779,13340.000
SEE903323142627,Riello HBS-HE 100,ABR914803378993,In Betrieb,Deutschland,Nordrhein-Westfalen,Rhein-Sieg-Kreis,Troisdorf,53844,Troisdorf,Wachtelweg,36,7.094695,50.807075,100.000,100.000,2024-08-09,,2023-10-18,Lithium-Batterie,Batterie,Speicher,SSE944286215799,100.000
SEE980278967635,Sturmwind 2.1,ABR934358045072,In Planung,Deutschland,Schleswig-Holstein,Stormarn,Rümpel,23843,Rümpel,Ruhmwiese,,10.358863,53.781028,5000.000,5000.000,2024-08-09,2026-06-11,,Lithium-Batterie,Batterie,Speicher,SSE956450961357,6800.000
SEE904434353421,Batteriespeicher Jagel,ABR905147749402,In Planung,Deutschland,Schleswig-Holstein,Schleswig-Flensburg,Jagel,24878,Jagel,,,9.556775,54.460841,10080.000,10000.000,2024-08-09,2026-08-28,,Lithium-Batterie,Batterie,Speicher,SSE923932370501,20060.000
SEE969767803531,Speicher Elsterheide,ABR997653303124,In Planung,Deutschland,Sachsen,Bautzen,Elsterheide,02979,Elsterheide,,,14.210472,51.476545,6700.000,6700.000,2024-08-14,2026-10-01,,Lithium-Batterie,Batterie,Speicher,SSE917323513882,8000.000
SEE958767120144,Batteriespeicher Dehnsen - Wohlenbüttel,ABR908837997749,In Planung,Deutschland,Niedersachsen,Lüneburg,Oldendorf (Luhe),21385,Oldendorf,,,10.181394,53.140320,6000.000,6000.000,2024-08-10,2026-08-28,,Lithium-Batterie,Batterie,Speicher,SSE999246790250,12000.000
SEE906749239827,Stromspeicher Jesow,ABR927157249000,In Planung,Deutschland,Mecklenburg-Vorpommern,Ludwigslust-Parchim,Vellahn,19260,Vellahn,,,11.016590,53.389265,25000.000,25000.000,2024-08-14,2026-08-31,,Lithium-Batterie,Batterie,Speicher,SSE955041006989,60000.000
SEE967231092726,Speicher Lübbenau AK 1,ABR901425457243,In Planung,Deutschland,Brandenburg,Oberspreewald-Lausitz,Lübbenau/Spreewald,03222,Lübbenau,,,13.903499,51.864779,6700.000,6700.000,2024-08-12,2024-10-01,,Lithium-Batterie,Batterie,Speicher,SSE942346849502,13400.000
SEE961037170008,Speicher Laubst AK 1,ABR968973170932,In Planung,Deutschland,Brandenburg,Spree-Neiße,Drebkau,03116,Drebkau,,,14.242616,51.668723,7000.000,7000.000,2024-08-28,2027-12-31,,Lithium-Batterie,Batterie,Speicher,SSE992334817136,14000.000
SEE995642800746,PV Anlage Bürdestr.,ABR965986272158,In Betrieb,Deutschland,Nordrhein-Westfalen,Viersen,Nettetal,41334,Nettetal,Bürdestraße,23,6.179746,51.319636,115.200,110.000,2024-08-13,,2024-08-13,Lithium-Batterie,Batterie,Speicher,SSE937905595723,103.680
SEE946705157512,PV Anlage Öhringen Speicher,ABR938933890415,In Betrieb,Deutschland,Baden-Württemberg,Hohenlohekreis,Öhringen,74613,Öhringen,,,9.563287,49.217846,4400.000,4400.000,2026-04-09,,2026-04-01,Lithium-Batterie,Batterie,Speicher,SSE977242833584,6140.000
SEE944368932064,BESS Sachsenkam,ABR902102537357,In Planung,Deutschland,Bayern,Bad Tölz-Wolfratshausen,Sachsenkam,83679,Sachsenkam,,,11.624235,47.805086,1400.000,1400.000,2024-08-13,2026-11-01,,Lithium-Batterie,Batterie,Speicher,SSE900806787375,2800.000
SEE923303931591,Agri-PV Johanniskirchen Innovationsspeicher,ABR909977513639,In Planung,Deutschland,Bayern,Rottal-Inn,Johanniskirchen,84381,Johanniskirchen,Oberstadl,1,12.898011,48.531602,6000.000,6000.000,2024-08-13,2026-12-31,,Lithium-Batterie,Batterie,Speicher,SSE934723897244,12000.000
SEE947273595928,Speicher PV Haselbach Süd1,ABR930827444711,In Planung,Deutschland,Bayern,Unterallgäu,Eppishausen,87745,Eppishausen,,,10.496900,48.195700,900.000,900.000,2024-08-14,2026-09-30,,Lithium-Batterie,Batterie,Speicher,SSE924224114452,2000.000
SEE904784515005,"PV-Anlage 3, SP",ABR941110560469,In Betrieb,Deutschland,Sachsen-Anhalt,Burgenlandkreis,Zeitz,06711,Zeitz,Hohenmölsener Straße,16,12.114366,51.093102,100.000,100.000,2024-08-14,,2024-08-14,Lithium-Batterie,Batterie,Speicher,SSE975022949869,374.400
SEE931696603735,Speicher PV Haselbach Nord,ABR930827444711,In Planung,Deutschland,Bayern,Unterallgäu,Eppishausen,87745,Eppishausen,,,10.497850,48.197540,2500.000,2500.000,2024-08-14,2026-10-31,,Lithium-Batterie,Batterie,Speicher,SSE964234332576,5300.000
SEE920698449090,Speicher Buchloe,ABR951619854730,In Planung,Deutschland,Bayern,Ostallgäu,Buchloe,86807,Buchloe,,,10.701970,48.014190,2500.000,2500.000,2024-08-14,2026-10-31,,Lithium-Batterie,Batterie,Speicher,SSE938862958361,5300.000
SEE948648168310,Speicher Lübbenau AK 2,ABR901425457243,In Planung,Deutschland,Brandenburg,Oberspreewald-Lausitz,Lübbenau/Spreewald,03222,Lübbenau,,,13.905430,51.860857,3000.000,3000.000,2024-08-14,2026-10-01,,Lithium-Batterie,Batterie,Speicher,SSE996523811547,6000.000
SEE970308490462,Speicher Lübbenau AK 3,ABR901425457243,In Planung,Deutschland,Brandenburg,Oberspreewald-Lausitz,Lübbenau/Spreewald,03222,Lübbenau,,,13.910580,51.855529,6600.000,6600.000,2024-08-14,2026-10-01,,Lithium-Batterie,Batterie,Speicher,SSE990257207157,13200.000
SEE900285844309,Solarpark Wangen im Allgäu Speicher,ABR938933890415,In Betrieb,Deutschland,Baden-Württemberg,Ravensburg,Wangen im Allgäu,88239,Wangen,,,9.789481,47.688507,2200.000,2200.000,2026-03-20,,2026-03-20,Lithium-Batterie,Batterie,Speicher,SSE928731530217,6140.000
SEE949202795522,BESS Reichertshofen,ABR955646497762,In Planung,Deutschland,Bayern,Pfaffenhofen a.d. Ilm,Reichertshofen,85084,Reichertshofen,,,11.485222,48.658813,1789.000,1789.000,2024-08-14,2026-09-30,,Lithium-Batterie,Batterie,Speicher,SSE968714244007,4000.000
SEE994937262139,Speicher NP Holter Hauptstr,ABR999737203498,In Betrieb,Deutschland,Niedersachsen,Emsland,Lähden,49774,Lähden,Holter Hauptstraße,14,7.618910,52.734010,300.000,200.000,2024-12-17,,2024-11-26,Lithium-Batterie,Batterie,Speicher,SSE999201511937,328.000
SEE964067269520,Speicher Am Markt 6,ABR999737203498,In Betrieb,Deutschland,Niedersachsen,Emsland,Lähden,49774,Lähden,Am Markt,6,7.621898,52.737805,300.000,100.000,2024-08-15,,2023-08-02,Lithium-Batterie,Batterie,Speicher,SSE965314756183,328.000
SEE927215806336,Speicher Am Markt 15,ABR999737203498,In Betrieb,Deutschland,Niedersachsen,Emsland,Lähden,49774,Lähden,Am Markt,15,7.621214,52.738806,300.000,300.000,2024-08-15,,2023-08-02,Lithium-Batterie,Batterie,Speicher,SSE929537431487,320.000
SEE962447774626,Speicher Lähdener Str. 8,ABR999737203498,In Betrieb,Deutschland,Niedersachsen,Emsland,Lähden,49774,Lähden,Lähdener Straße,8,7.615871,52.739553,300.000,100.000,2024-08-15,,2023-08-02,Lithium-Batterie,Batterie,Speicher,SSE938832380444,328.000
SEE930431012306,DULM01N (Dorsten),ABR971820806090,In Betrieb,Deutschland,Nordrhein-Westfalen,Recklinghausen,Dorsten,46286,Dorsten,Große Heide,2,7.057160,51.723226,460.000,460.000,2025-01-16,,2024-11-26,Lithium-Batterie,Batterie,Speicher,SSE990372056159,968.000
SEE946354761283,BAT-HUNG-6020,ABR909054335185,In Planung,Deutschland,Rheinland-Pfalz,Rhein-Hunsrück-Kreis,Hungenroth,56281,Hungenroth,,,7.597020,50.149303,3629.730,3629.730,2024-08-16,2026-08-31,,Lithium-Batterie,Batterie,Speicher,SSE961956486778,7259.460
SEE995498999885,Lübbenau - Speicher,ABR987534406877,In Planung,Deutschland,Brandenburg,Oberspreewald-Lausitz,Lübbenau/Spreewald,03222,Lübbenau,,,13.979600,51.835532,3000.000,3000.000,2024-08-16,2026-12-01,,Lithium-Batterie,Batterie,Speicher,SSE930441792076,6000.000
SEE962786745158,Stromspeicher Halberstadt,ABR908279458815,In Betrieb,Deutschland,Sachsen-Anhalt,Harz,Halberstadt,38820,Halberstadt,Gessnerstr.,1,11.105558,51.897825,1000.000,1000.000,2025-02-12,,2025-02-10,Lithium-Batterie,Batterie,Speicher,SSE939645094542,2000.000
SEE932770538899,Speicher Aicha Solar,ABR909133543524,In Planung,Deutschland,Bayern,Neumarkt i.d. OPf.,Postbauer-Heng,92353,Postbauer-Heng,,,11.360194,49.311881,300.000,300.000,2024-08-21,2026-09-30,,Lithium-Batterie,Batterie,Speicher,SSE961893799139,600.000
SEE995000951387,Speicher Sengenthal 2800 kW,ABR909568983049,In Planung,Deutschland,Bayern,Neumarkt i.d. OPf.,Sengenthal,92369,Sengenthal,,,11.398004,49.217793,2800.000,2800.000,2024-08-21,2026-08-31,,Lithium-Batterie,Batterie,Speicher,SSE925886144955,5600.000
SEE909014443639,ESS Krakow am See,ABR957990081246,In Planung,Deutschland,Mecklenburg-Vorpommern,Rostock,Krakow am See,18292,Krakow am See,Güstrower Str.,,12.266105,53.660753,800.000,800.000,2024-08-21,2026-06-01,,Lithium-Batterie,Batterie,Speicher,SSE969778392055,1600.000
SEE950334441102,Theilheim Speicher BA III Ino,ABR907506602984,In Planung,Deutschland,Bayern,Würzburg,Theilheim,97288,Theilheim,,,10.056100,49.758320,3000.000,3000.000,2024-08-22,2025-08-18,,Lithium-Batterie,Batterie,Speicher,SSE966795324380,8256.000
SEE956137155369,Basepohl Inno Speicher,ABR935192224425,In Planung,Deutschland,Mecklenburg-Vorpommern,Mecklenburgische Seenplatte,Stavenhagen,17153,Stavenhagen,,,12.910020,53.721260,1876.000,1000.000,2024-08-22,2026-09-30,,Lithium-Batterie,Batterie,Speicher,SSE985654495603,4690.000
SEE912155078967,"GG III 8.111,04 kWp (Teil I) Speicher",ABR963150956514,In Betrieb,Deutschland,Mecklenburg-Vorpommern,Ludwigslust-Parchim,Groß Godems,19372,Groß Godems,,,11.813595,53.350300,3000.000,3000.000,2026-01-13,,2025-11-06,Lithium-Batterie,Batterie,Speicher,SSE991126103129,7454.000
SEE970821371422,Beselin I,ABR935192224425,In Planung,Deutschland,Mecklenburg-Vorpommern,Rostock,Dummerstorf,18196,Dummerstorf,,,12.199068,54.053388,3000.000,1500.000,2024-08-23,2026-09-30,,Lithium-Batterie,Batterie,Speicher,SSE952934504461,17500.000
SEE942762388616,Bereich Süd Speicher,ABR901369586290,In Planung,Deutschland,Mecklenburg-Vorpommern,Mecklenburgische Seenplatte,Malchow,17213,Malchow,,,12.387244,53.493007,5200.000,5200.000,2024-08-23,2025-09-01,,Lithium-Batterie,Batterie,Speicher,SSE914900265073,10400.000
SEE921668391081,Bereich Nord Speicher,ABR901369586290,In Planung,Deutschland,Mecklenburg-Vorpommern,Mecklenburgische Seenplatte,Malchow,17213,Malchow,,,12.385700,53.494327,6500.000,6500.000,2024-08-23,2025-09-01,,Lithium-Batterie,Batterie,Speicher,SSE952937240632,13000.000
SEE983165554550,MJ 6. Speicher Zubau,ABR990968760699,In Planung,Deutschland,Bayern,Deggendorf,Moos,94554,Moos,,,12.975109,48.729834,662.000,662.000,2024-08-26,2024-12-31,,Lithium-Batterie,Batterie,Speicher,SSE964907719741,1324.000
SEE993172246942,Speicher Polt III  (Teil 2),ABR963150956514,In Betrieb,Deutschland,Mecklenburg-Vorpommern,Ludwigslust-Parchim,Ruhner Berge,19376,Ruhner Berge,,,11.833117,53.345173,4000.000,4000.000,2026-01-13,,2025-11-06,Lithium-Batterie,Batterie,Speicher,SSE978235648857,7454.000
SEE987978913696,MJ13. Speicher Zubau,ABR905133523580,In Planung,Deutschland,Bayern,Deggendorf,Moos,94554,Moos,,,12.935768,48.747838,530.000,530.000,2024-08-26,2026-06-01,,Lithium-Batterie,Batterie,Speicher,SSE978019972741,1060.000
SEE918093565491,Speicher GG III (Teil 2),ABR963150956514,In Betrieb,Deutschland,Mecklenburg-Vorpommern,Ludwigslust-Parchim,Groß Godems,19372,Groß Godems,,,11.806735,53.351223,7000.000,7000.000,2026-01-13,,2025-11-06,Lithium-Batterie,Batterie,Speicher,SSE930258103720,14908.000
SEE960710082959,Speicher Lohrmannshof Inn24-2-152,ABR937435410039,In Planung,Deutschland,Bayern,Eichstätt,Schernfeld,85132,Schernfeld,,,11.078920,48.953480,3060.000,3060.000,2024-08-26,2027-02-01,,Lithium-Batterie,Batterie,Speicher,SSE981954908881,6130.000
SEE913676481137,TEP Flora GmbH ＆ Co KG (Speicher),ABR977618448695,In Planung,Deutschland,Brandenburg,Potsdam-Mittelmark,Kloster Lehnin,14797,Kloster Lehnin,,,12.806326,52.349990,18400.000,18400.000,2024-08-26,2026-09-01,,Lithium-Batterie,Batterie,Speicher,SSE923969676768,37000.000
SEE937931183444,PV Lawitz Batterie,ABR941807947283,In Planung,Deutschland,Brandenburg,Oder-Spree,Lawitz,15898,Lawitz,,,14.641998,52.114287,9800.000,9800.000,2024-08-26,2026-12-31,,Lithium-Batterie,Batterie,Speicher,SSE913431938159,24000.000
SEE970668457754,Speicher-Fredenbeck23414,ABR924556367991,In Betrieb,Deutschland,Niedersachsen,Stade,Fredenbeck,21717,Fredenbeck,Eschhorn,1-1,9.357753,53.512229,4000.000,4000.000,2026-04-29,,2026-05-21,Lithium-Batterie,Batterie,Speicher,SSE991970778733,8128.000
SEE968876748832,BESS Manheimer Bucht 1,ABR916115096862,In Planung,Deutschland,Nordrhein-Westfalen,Rhein-Erft-Kreis,Kerpen,50170,Kerpen,,,6.596030,50.894766,40000.000,40000.000,2024-08-26,2026-10-01,,Lithium-Batterie,Batterie,Speicher,SSE960596133769,84800.000
SEE935322911287,TEP Vesta GmbH ＆ Co KG (Speicher),ABR940365157189,In Planung,Deutschland,Mecklenburg-Vorpommern,Ludwigslust-Parchim,Rom,19372,Rom,,,11.953564,53.457685,22563.000,22563.000,2024-08-26,2026-09-18,,Lithium-Batterie,Batterie,Speicher,SSE969199190452,42360.000
SEE986618506519,Stromspeicher Innovation GE 25,ABR906373291734,In Planung,Deutschland,Bayern,Mühldorf a. Inn,Neumarkt-Sankt Veit,84494,Neumarkt-Sankt Veit,,,12.566440,48.389790,500.000,500.000,2024-08-26,2025-07-11,,Lithium-Batterie,Batterie,Speicher,SSE967656037777,1000.000
SEE983207682227,Speicher-Leimersdorf,ABR911599361659,In Planung,Deutschland,Rheinland-Pfalz,Ahrweiler,Grafschaft,53501,Grafschaft,Landeskroner Straße,900Z,7.122327,50.588158,12000.000,12000.000,2024-08-26,2026-04-10,,Lithium-Batterie,Batterie,Speicher,SSE958226829144,28800.000
SEE974377312021,Bürgersolarpark Pattenham Speicher,ABR923107687434,In Planung,Deutschland,Bayern,Traunstein,Seeon-Seebruck,83376,Truchtlaching,,,12.519729,47.957469,750.000,750.000,2024-08-26,2027-06-30,,Lithium-Batterie,Batterie,Speicher,SSE927064600536,1500.000
SEE922526916453,Speicher PV1,ABR936825915031,In Planung,Deutschland,Baden-Württemberg,Biberach,Laupheim,88471,Laupheim,,,9.860114,48.259433,1550.000,1550.000,2024-08-26,2026-12-01,,Lithium-Batterie,Batterie,Speicher,SSE918573190724,3100.000
SEE930000992411,Batteriespeicher Solaranlage Adorf,ABR918799912353,In Planung,Deutschland,Sachsen,Vogtlandkreis,Adorf/Vogtl.,08626,Adorf,Sorger Straße,,12.271942,50.320066,4800.000,4800.000,2024-08-27,2025-12-31,,Lithium-Batterie,Batterie,Speicher,SSE949493204598,9600.000
SEE910033689748,Stromspeicher – Bad Orb,ABR924410946720,In Betrieb,Deutschland,Hessen,Main-Kinzig-Kreis,Bad Orb,63619,Bad Orb,,,9.306136,50.241044,13416.000,13416.000,2026-07-22,,2026-07-10,Lithium-Batterie,Batterie,Speicher,SSE940436557245,26832.000
SEE950332558314,Stromspeicher Bürger-PV Göritzberg,ABR949624102779,In Planung,Deutschland,Thüringen,Saale-Holzland-Kreis,Bürgel,07616,Bürgel,,,11.796017,50.956099,2200.000,2000.000,2024-08-27,2026-04-30,,Lithium-Batterie,Batterie,Speicher,SSE946341617821,4064.000
SEE906076976549,Felde 3 Speicher,ABR903284624705,In Planung,Deutschland,Schleswig-Holstein,Rendsburg-Eckernförde,Felde,24242,Felde,,,9.899498,54.314599,6800.000,6800.000,2024-08-27,2026-08-01,,Lithium-Batterie,Batterie,Speicher,SSE999874860509,24000.000
SEE932302721829,Hohwacht Schmiedendorf 2 Speicher,ABR913695116027,In Planung,Deutschland,Schleswig-Holstein,Plön,Hohwacht (Ostsee),24321,Hohwacht,,,10.606043,54.286997,5200.000,5200.000,2024-08-27,2028-01-31,,Lithium-Batterie,Batterie,Speicher,SSE994070545151,10400.000
SEE945446768476,Walle Speicher,ABR948478229762,In Betrieb,Deutschland,Niedersachsen,Verden,Langwedel,27299,Langwedel,,,9.238117,52.967517,1800.000,1800.000,2026-06-19,,2026-05-07,Lithium-Batterie,Batterie,Speicher,SSE922546688286,6096.000
SEE971047436391,Speicher zu Aufdach 2576kW,ABR923212667192,In Betrieb,Deutschland,Niedersachsen,Friesland,Wangerland,26434,Wangerland,Tengshausen,4,7.928991,53.704158,100.000,100.000,2025-05-27,,2025-05-15,Lithium-Batterie,Batterie,Speicher,SSE904875488775,193.500
SEE956443606111,Batteriespeicher Solarpark Nutteln,ABR909972678180,In Planung,Deutschland,Schleswig-Holstein,Steinburg,Nutteln,25594,Nutteln,,,9.376879,53.987743,2000.000,2000.000,2024-08-28,2025-03-03,,Lithium-Batterie,Batterie,Speicher,SSE998729831480,8128.000
SEE978797422308,PV-Anlage Dillenburg,ABR986962527291,In Betrieb,Deutschland,Hessen,Lahn-Dill-Kreis,Dillenburg,35683,Dillenburg,Am Rabenborn,1,8.275891,50.748043,154.000,154.000,2024-08-28,,2024-06-19,Lithium-Batterie,Batterie,Speicher,SSE991472107512,154.000
SEE995852778996,PV-Batterie-Vogelherd,ABR976444177694,In Planung,Deutschland,Baden-Württemberg,Enzkreis,Ölbronn-Dürrn,75248,Ölbronn-Dürrn,,,8.729013,48.955658,1016.000,1016.000,2024-08-28,2025-09-01,,Lithium-Batterie,Batterie,Speicher,SSE955983783177,2032.000
SEE989486448332,Stromspeicher,ABR987007137444,In Planung,Deutschland,Niedersachsen,Verden,Kirchlinteln,27308,Kirchlinteln,,,9.338675,52.873006,2400.000,2400.000,2024-08-29,2026-10-31,,Lithium-Batterie,Batterie,Speicher,SSE928363401640,2400.000
SEE929742020308,GrafingenergieStromspeiser2,ABR906373291734,In Planung,Deutschland,Bayern,Altötting,Winhöring,84543,Winhöring,Gewerbestraße,7,12.691323,48.258858,1000.000,500.000,2024-08-28,2025-05-30,,Lithium-Batterie,Batterie,Speicher,SSE920974478882,1000.000
SEE993332638914,BESS-Bennien,ABR922774405082,In Planung,Deutschland,Niedersachsen,Osnabrück,Melle,49328,Melle,Wellingstraße,66,8.488591,52.191309,3060.000,3060.000,2024-08-28,2027-03-01,,Lithium-Batterie,Batterie,Speicher,SSE945821266382,6120.000
SEE960057844975,24203 SP Passow II Speicher,ABR955964598189,In Planung,Deutschland,Mecklenburg-Vorpommern,Ludwigslust-Parchim,Passow,19386,Passow,,,12.055890,53.538620,3400.000,3400.000,2024-08-28,2025-12-31,,Lithium-Batterie,Batterie,Speicher,SSE999160278001,6800.000
SEE904833559837,BESS-Krukum,ABR988538048377,In Planung,Deutschland,Niedersachsen,Osnabrück,Melle,49328,Melle,,,8.417079,52.198700,3600.000,3600.000,2024-08-28,2027-03-01,,Lithium-Batterie,Batterie,Speicher,SSE900136188859,7200.000
SEE973756499988,Ramin 1 Speicher,ABR933546675602,In Planung,Deutschland,Mecklenburg-Vorpommern,Vorpommern-Greifswald,Ramin,17321,Ramin,,,14.323237,53.479587,6800.000,6800.000,2024-08-28,2026-08-01,,Lithium-Batterie,Batterie,Speicher,SSE965259377245,24000.000
SEE967303687751,Batteriespeicher BMW Werk Dingolfing,ABR929322061196,In Betrieb,Deutschland,Bayern,Dingolfing-Landau,Dingolfing,84130,Dingolfing,Karl-Dompert-Straße,7,12.470682,48.648370,120.000,120.000,2024-08-28,,2023-05-01,Lithium-Batterie,Batterie,Speicher,SSE909331150197,252.000
SEE929898204188,Hemhofen Speicher,ABR913494531991,In Planung,Deutschland,Bayern,Erlangen-Höchstadt,Hemhofen,91334,Hemhofen,,,10.957960,49.692349,2000.000,2000.000,2024-08-28,2028-01-31,,Lithium-Batterie,Batterie,Speicher,SSE946617803392,4000.000
SEE950538001645,Schauren Speicher,ABR999921065253,In Planung,Deutschland,Rheinland-Pfalz,Cochem-Zell,Schauren,56865,Schauren,,,7.263878,50.033798,3200.000,3200.000,2024-08-28,2026-08-01,,Lithium-Batterie,Batterie,Speicher,SSE936822808022,11000.000
SEE971669294270,Hesweiler 1.1 Speicher,ABR973249061883,In Betrieb,Deutschland,Rheinland-Pfalz,Cochem-Zell,Hesweiler,56865,Hesweiler,,,7.283739,50.034999,12780.000,12780.000,2026-07-24,,2026-07-22,Lithium-Batterie,Batterie,Speicher,SSE941439993948,22360.000
SEE959998758748,Speicher Solarpark Bad Bentheim,ABR945642702649,In Planung,Deutschland,Niedersachsen,Grafschaft Bentheim,Bad Bentheim,48455,Bad Bentheim,,,7.082673,52.332487,8128.000,6400.000,2024-08-30,2027-04-01,,Lithium-Batterie,Batterie,Speicher,SSE967222860778,16256.000
SEE984190254156,Zell 1.1 Speicher,ABR902595304665,In Betrieb,Deutschland,Rheinland-Pfalz,Cochem-Zell,Zell (Mosel),56856,Zell,,,7.238585,50.039862,12780.000,12780.000,2026-07-03,,2026-06-17,Lithium-Batterie,Batterie,Speicher,SSE981559706868,22360.000
SEE997127601664,Spoitgendorf I Speicher,ABR915969729179,In Planung,Deutschland,Mecklenburg-Vorpommern,Rostock,Plaaz,18276,Plaaz,Spoitgendorf,1 a,12.271989,53.850894,6500.000,6500.000,2024-08-28,2027-03-01,,Lithium-Batterie,Batterie,Speicher,SSE908978140608,13000.000
SEE948993143925,Spoitgendorf II Speicher,ABR915969729179,In Planung,Deutschland,Mecklenburg-Vorpommern,Rostock,Plaaz,18276,Plaaz,Spoitgendorf,1 a,12.270845,53.848944,6500.000,6500.000,2024-08-28,2027-03-01,,Lithium-Batterie,Batterie,Speicher,SSE994307099150,13000.000
SEE978504833045,Solarpark Breddin I BESS,ABR957864184622,In Planung,Deutschland,Brandenburg,Ostprignitz-Ruppin,Breddin,16845,Breddin,,,12.219603,52.887541,6900.000,6900.000,2024-08-28,2026-11-27,,Lithium-Batterie,Batterie,Speicher,SSE959776844175,18970.000
SEE924136070563,VENDO SOLAR BESS Salzbergen 1,ABR949013933595,In Planung,Deutschland,Niedersachsen,Emsland,Salzbergen,48499,Salzbergen,,,7.420319,52.326648,2500.000,2500.000,2024-08-28,2026-10-01,,Lithium-Batterie,Batterie,Speicher,SSE956517348954,5000.000
SEE916265547191,Aguti-Gebäude,ABR934821151200,In Betrieb,Deutschland,Bayern,Augsburg,Gersthofen,86368,Gersthofen,Messerschmittstraße,9,10.862499,48.435900,180.200,160.000,2024-08-29,,2024-07-05,Lithium-Batterie,Batterie,Speicher,SSE943512739115,67.500
SEE908489722096,Bereich Rest Speicher,ABR901369586290,In Planung,Deutschland,Mecklenburg-Vorpommern,Mecklenburgische Seenplatte,Malchow,17213,Malchow,,,12.385541,53.495350,1600.000,1600.000,2024-08-29,2025-09-01,,Lithium-Batterie,Batterie,Speicher,SSE988479325865,3200.000
SEE932693030883,SP Türkenfeld Speicher,ABR919478356932,In Planung,Deutschland,Bayern,Fürstenfeldbruck,Türkenfeld,82299,Türkenfeld,,,11.093390,48.118600,400.000,400.000,2024-08-29,2025-12-31,,Lithium-Batterie,Batterie,Speicher,SSE936695615079,800.000
SEE939396860748,Brickeln 2.1 Speicher,ABR940129426896,In Planung,Deutschland,Schleswig-Holstein,Dithmarschen,Brickeln,25712,Brickeln,,,9.223782,54.004707,3000.000,3000.000,2024-08-29,2026-08-01,,Lithium-Batterie,Batterie,Speicher,SSE963166342028,11000.000
SEE935611657568,Lensahn 1 Speicher,ABR905434000827,In Planung,Deutschland,Schleswig-Holstein,Ostholstein,Lensahn,23738,Lensahn,,,10.899009,54.224786,3800.000,3800.000,2024-08-29,2026-08-01,,Lithium-Batterie,Batterie,Speicher,SSE974918728748,14000.000
SEE905449831522,Sinzheim-Waldhof,ABR936797958821,In Planung,Deutschland,Baden-Württemberg,Rastatt,Sinzheim,76547,Sinzheim,,,8.143437,48.775382,2500.000,2500.000,2024-08-29,2026-10-01,,Lithium-Batterie,Batterie,Speicher,SSE920152664137,3858.000
SEE974657336006,SP Hörbach Speicher,ABR944185950340,In Planung,Deutschland,Bayern,Fürstenfeldbruck,Althegnenberg,82278,Althegnenberg,,,11.084920,48.227510,2600.000,2600.000,2024-08-29,2026-12-31,,Lithium-Batterie,Batterie,Speicher,SSE952953333028,5200.000
SEE908196244164,Looft 1.3 Speicher,ABR943625280245,In Planung,Deutschland,Schleswig-Holstein,Steinburg,Looft,25582,Looft,,,9.519576,54.033463,6600.000,6600.000,2024-08-29,2028-12-20,,Lithium-Batterie,Batterie,Speicher,SSE992540215306,13200.000
SEE911518268212,Schafstedt Speicher,ABR908657347762,In Planung,Deutschland,Schleswig-Holstein,Dithmarschen,Schafstedt,25725,Schafstedt,,,9.268591,54.081232,1900.000,1900.000,2024-08-29,2028-01-31,,Lithium-Batterie,Batterie,Speicher,SSE997205143932,4000.000
SEE925018613724,Wallerfangen Antonkreuz Speicher,ABR921198924445,In Planung,Deutschland,Saarland,Saarlouis,Wallerfangen,66798,Wallerfangen,,,6.664403,49.317117,2200.000,2200.000,2024-08-29,2026-08-01,,Lithium-Batterie,Batterie,Speicher,SSE922069223957,8000.000
SEE934784663215,Speicher Langendorf,ABR903249858015,In Planung,Deutschland,Bayern,Bad Kissingen,Elfershausen,97725,Elfershausen,,,9.981710,50.089770,3200.000,3200.000,2024-08-30,2027-04-01,,Lithium-Batterie,Batterie,Speicher,SSE917255535112,10160.000
SEE941620497576,Speicher,ABR933753814283,In Betrieb,Deutschland,Hessen,Frankfurt am Main,Frankfurt am Main,60549,Frankfurt,Cargo City Süd,566,8.583466,50.025741,100.000,100.000,2024-08-29,,2024-07-31,Lithium-Batterie,Batterie,Speicher,SSE977266012620,296.400
SEE986555714596,SP AEN Batteriespeicher 1,ABR926804836945,In Planung,Deutschland,Bayern,Freising,Au i.d. Hallertau,84072,Au,,,11.676536,48.553832,833.000,833.000,2024-08-29,2024-12-20,,Lithium-Batterie,Batterie,Speicher,SSE953900915137,1666.000
SEE969064590042,Stromspeicher 10MH BG1,ABR910821605929,In Planung,Deutschland,Bayern,Rottal-Inn,Unterdietfurt,84339,Unterdietfurt,,,12.662880,48.435650,1400.000,1400.000,2024-08-29,2026-12-16,,Lithium-Batterie,Batterie,Speicher,SSE911563504457,2800.000
SEE975270350486,Stromspeicher 10MH BG2,ABR910821605929,In Planung,Deutschland,Bayern,Rottal-Inn,Unterdietfurt,84339,Unterdietfurt,,,12.662880,48.435650,600.000,600.000,2024-08-29,2026-12-16,,Lithium-Batterie,Batterie,Speicher,SSE923254270633,1200.000
SEE966646410965,Speicher Schweitenkirchen II - P23-538 - 1.000 kW 2.032 kWh BESS Inn24-2/115,ABR962971336727,In Betrieb,Deutschland,Bayern,Pfaffenhofen a.d. Ilm,Schweitenkirchen,85301,Schweitenkirchen,,,11.593978,48.496896,1000.000,1000.000,2026-06-25,,2026-06-22,Lithium-Batterie,Batterie,Speicher,SSE922832769880,2032.000
SEE965068336488,Speicher Weil III - P23-508,ABR976710413822,In Planung,Deutschland,Bayern,Landsberg am Lech,Weil,86947,Weil,,,10.997324,48.103024,5000.000,5000.000,2024-08-30,2026-10-01,,Lithium-Batterie,Batterie,Speicher,SSE925277355144,10000.000
SEE981037701552,Speicher Schrobenhausen-Sandizell I - P20-105 - Teil 5.000 kW BESS Inn24-2/119,ABR963957358559,In Betrieb,Deutschland,Bayern,Neuburg-Schrobenhausen,Schrobenhausen,86529,Schrobenhausen,,,11.175511,48.559178,5000.000,5000.000,2026-06-08,,2026-06-08,Lithium-Batterie,Batterie,Speicher,SSE966148133973,10160.000
SEE912471870009,Speicher Schrobenhausen IX - P22-591 - Teil 1,ABR936525828228,In Planung,Deutschland,Bayern,Neuburg-Schrobenhausen,Schrobenhausen,86529,Schrobenhausen,,,11.299432,48.602855,5000.000,5000.000,2024-08-30,2026-10-01,,Lithium-Batterie,Batterie,Speicher,SSE997950009125,10160.000
SEE941053919201,Speicher Pondorf PR - P23-595 - 1.016kW Inn24-2/121,ABR955900731328,In Betrieb,Deutschland,Bayern,Eichstätt,Altmannstein,93336,Altmannstein,,,11.575445,48.936814,1016.000,1016.000,2026-02-12,,2026-02-02,Lithium-Batterie,Batterie,Speicher,SSE929282748090,2032.000
SEE905777151866,Speicher Siglohe - P24-035,ABR963324096879,In Planung,Deutschland,Bayern,Neuburg-Schrobenhausen,Rennertshofen,86643,Rennertshofen,,,11.073783,48.757729,4000.000,4000.000,2024-08-30,2026-10-01,,Lithium-Batterie,Batterie,Speicher,SSE960807739520,8128.000
SEE945579140859,"Speicher Camberg - P22-234 - 3.507,50 kW BESS Inn24-2/190",ABR994000452856,In Planung,Deutschland,Hessen,Limburg-Weilburg,Bad Camberg,65520,Bad Camberg,,,8.243594,50.292890,3507.500,3507.500,2024-08-30,2026-10-01,,Lithium-Batterie,Batterie,Speicher,SSE941510712703,7047.000
SEE944667645443,Speicher Freystadt - P23-131 - Teil 1,ABR944344162973,In Planung,Deutschland,Bayern,Neumarkt i.d. OPf.,Freystadt,92342,Freystadt,,,11.347756,49.139479,2550.000,2550.000,2024-08-30,2026-10-01,,Lithium-Batterie,Batterie,Speicher,SSE945062588885,5100.000
SEE991219389751,Speicher Werne - P23-335,ABR907611053503,In Planung,Deutschland,Nordrhein-Westfalen,Unna,Werne,59368,Werne,,,7.663028,51.706415,1750.000,1750.000,2024-08-30,2026-10-01,,Lithium-Batterie,Batterie,Speicher,SSE998930498786,3500.000
SEE949782776300,Speicher Seubersdorf V - P23-554,ABR927308990881,In Planung,Deutschland,Bayern,Neumarkt i.d. OPf.,Seubersdorf i.d. OPf.,92358,Seubersdorf,,,11.610575,49.180175,5000.000,5000.000,2024-08-30,2026-10-01,,Lithium-Batterie,Batterie,Speicher,SSE911291014020,10000.000
SEE999189233647,Speicher Meeder IV - P23-507,ABR968595670780,In Planung,Deutschland,Bayern,Coburg,Meeder,96484,Meeder,,,10.951791,50.321802,2250.000,2250.000,2024-08-30,2026-10-01,,Lithium-Batterie,Batterie,Speicher,SSE915785413474,4500.000
SEE954027057991,Speicher Wolnzach VI - P23-548,ABR911059599202,In Planung,Deutschland,Bayern,Pfaffenhofen a.d. Ilm,Wolnzach,85283,Wolnzach,,,11.688550,48.612320,3000.000,3000.000,2024-08-30,2026-10-01,,Lithium-Batterie,Batterie,Speicher,SSE927917985209,6096.000
SEE906006487756,Speicher Dasing II + IV - P24-137/P24-147,ABR921051859808,In Planung,Deutschland,Bayern,Aichach-Friedberg,Dasing,86453,Dasing,,,11.034794,48.395475,5000.000,5000.000,2024-08-30,2026-10-01,,Lithium-Batterie,Batterie,Speicher,SSE941283304051,10000.000
SEE945580911486,Speicher Feuchtwangen I + II - P24-164,ABR949557459377,In Planung,Deutschland,Bayern,Ansbach,Feuchtwangen,91555,Feuchtwangen,,,10.263518,49.152732,5000.000,5000.000,2024-08-30,2026-10-01,,Lithium-Batterie,Batterie,Speicher,SSE950393154302,10000.000
SEE998049946109,Speicher Kirchhaslach - P24-123,ABR953662193613,In Planung,Deutschland,Bayern,Unterallgäu,Kirchhaslach,87755,Kirchhaslach,,,10.349690,48.149214,3000.000,3000.000,2024-08-30,2026-10-01,,Lithium-Batterie,Batterie,Speicher,SSE905221714104,6096.000
SEE925007092943,Speicher Großrinderfeld III - P23-444,ABR903742656644,In Planung,Deutschland,Baden-Württemberg,Main-Tauber-Kreis,Großrinderfeld,97950,Großrinderfeld,,,9.772646,49.669289,1650.000,1650.000,2024-08-30,2026-10-01,,Lithium-Batterie,Batterie,Speicher,SSE931248227105,3300.000
SEE901082521295,Speicher Burkau - P23-574,ABR909728454747,In Planung,Deutschland,Sachsen,Bautzen,Burkau,01906,Burkau,,,14.252590,51.202653,2250.000,2250.000,2024-08-30,2026-10-01,,Lithium-Batterie,Batterie,Speicher,SSE911962347594,4500.000
SEE947721621049,"Speicher Allershausen - P23-268 - 2.000,00 kW 4.064 kWh BESS Inn24-2/131",ABR923376513298,In Betrieb,Deutschland,Bayern,Freising,Allershausen,85391,Allershausen,,,11.591579,48.403517,2000.000,2000.000,2026-05-05,,2026-05-01,Lithium-Batterie,Batterie,Speicher,SSE982682836989,4064.000
SEE989597559323,Speicher Solarpark Wernberg-Köblitz II - P24-130,ABR926820458572,In Planung,Deutschland,Bayern,Schwandorf,Wernberg-Köblitz,92533,Wernberg-Köblitz,,,12.201332,49.561080,3500.000,3500.000,2024-08-30,2026-10-01,,Lithium-Batterie,Batterie,Speicher,SSE929337734849,7000.000
SEE983742141098,Speicher Beratzhausen VI - P24-216 - Teil 1,ABR930389810047,In Planung,Deutschland,Bayern,Regensburg,Beratzhausen,93176,Beratzhausen,,,11.841750,49.151456,625.000,625.000,2024-08-30,2026-10-01,,Lithium-Batterie,Batterie,Speicher,SSE948595318929,1250.000
SEE989817426374,Speicher Vierkirchen - P23-105,ABR971457552339,In Planung,Deutschland,Bayern,Dachau,Vierkirchen,85256,Vierkirchen,,,11.454674,48.377177,1500.000,1500.000,2024-08-30,2026-10-01,,Lithium-Batterie,Batterie,Speicher,SSE931289716941,3000.000
SEE915795716527,Speicher Mallersdorf-Pfaffenberg II - P23-120 - Teil 1,ABR925344344279,In Planung,Deutschland,Bayern,Straubing-Bogen,Mallersdorf-Pfaffenberg,84066,Mallersdorf-Pfaffenberg,,,12.192965,48.772178,1250.000,1250.000,2024-08-30,2026-10-01,,Lithium-Batterie,Batterie,Speicher,SSE992240485283,2500.000
SEE962782663531,Speicher Lenting VI - P22-362,ABR995424731336,In Planung,Deutschland,Bayern,Eichstätt,Lenting,85101,Lenting,,,11.464723,48.796715,375.000,375.000,2024-08-30,2026-10-01,,Lithium-Batterie,Batterie,Speicher,SSE937983572913,750.000
SEE927216421675,Speicher Reichertshofen XIII - P23-524,ABR901855539182,In Planung,Deutschland,Bayern,Pfaffenhofen a.d. Ilm,Reichertshofen,85084,Reichertshofen,,,11.505420,48.654548,1125.000,1125.000,2024-08-30,2026-10-01,,Lithium-Batterie,Batterie,Speicher,SSE967389506984,2250.000
SEE907841890718,"Speicher Reichertshofen IV - P22-230 - 1.000,00 kW BESS Inn24-2/109",ABR941084678986,In Betrieb,Deutschland,Bayern,Pfaffenhofen a.d. Ilm,Reichertshofen,85084,Reichertshofen,,,11.530774,48.649160,1000.000,1000.000,2026-06-01,,2026-06-01,Lithium-Batterie,Batterie,Speicher,SSE972269401822,2032.000
SEE950623083891,Speicher Parsberg VI - P24-146 - Teil 1,ABR917971434263,In Planung,Deutschland,Bayern,Neumarkt i.d. OPf.,Parsberg,92331,Parsberg,,,11.683743,49.165054,1000.000,1000.000,2024-08-30,2026-10-01,,Lithium-Batterie,Batterie,Speicher,SSE969545738727,2032.000
SEE917106449803,Speicher Schnelldorf - P24-198,ABR950983256294,In Planung,Deutschland,Bayern,Ansbach,Schnelldorf,91625,Schnelldorf,,,10.243608,49.179049,1750.000,1750.000,2024-08-30,2026-10-01,,Lithium-Batterie,Batterie,Speicher,SSE906206343951,3500.000
SEE918118730583,Speicher Bann (RLP) - P23-283,ABR909591728464,In Planung,Deutschland,Rheinland-Pfalz,Kaiserslautern,Bann,66851,Bann,,,7.603267,49.380939,750.000,750.000,2024-08-30,2026-10-01,,Lithium-Batterie,Batterie,Speicher,SSE987170036605,1500.000
SEE950001809648,Speicher Ingolstadt II - P22-622 - 2.000 kW Inn24-2/113 BESS,ABR993758669783,In Planung,Deutschland,Bayern,Ingolstadt,Ingolstadt,85055,Ingolstadt,,,11.391766,48.793442,2000.000,2000.000,2024-08-30,2026-10-01,,Lithium-Batterie,Batterie,Speicher,SSE936219564951,4064.000
SEE976491035152,Speicher Petersberg III - P23-429,ABR946610316059,In Planung,Deutschland,Sachsen-Anhalt,Saalekreis,Petersberg,06193,Petersberg,,,11.898722,51.576100,2500.000,2500.000,2024-08-30,2026-10-01,,Lithium-Batterie,Batterie,Speicher,SSE913846437513,5000.000
SEE922829465337,Speicher Eching - P23-052,ABR985551949728,In Planung,Deutschland,Bayern,Freising,Eching,85386,Eching,,,11.596023,48.300960,1000.000,1000.000,2024-08-30,2026-10-01,,Lithium-Batterie,Batterie,Speicher,SSE992723256164,2000.000
SEE990597293131,Speicher EFTEX,ABR904251389955,In Betrieb,Deutschland,Niedersachsen,Vechta,Lohne (Oldenburg),49393,Lohne,Landwehrstraße,73,8.255888,52.661603,180.000,180.000,2024-08-30,,2021-12-08,Lithium-Batterie,Batterie,Speicher,SSE961486986731,201.000
SEE998788206953,SP Berngau Speicher,ABR960226776625,In Planung,Deutschland,Bayern,Neumarkt i.d. OPf.,Berngau,92361,Berngau,,,11.376910,49.261700,3800.000,3800.000,2024-08-30,2025-12-31,,Lithium-Batterie,Batterie,Speicher,SSE985836142042,7600.000
SEE917461513805,PV Sangerhausen Speicher,,Endgültig stillgelegt,Deutschland,Sachsen-Anhalt,Mansfeld-Südharz,Sangerhausen,06526,Sangerhausen,,,11.269433,51.472701,1125.000,1125.000,2025-07-07,,2025-02-14,Sonstige Batterie,Batterie,Speicher,SSE949934206471,2250.000
SEE956786447914,Halle,ABR910385240888,In Betrieb,Deutschland,Bayern,Weilheim-Schongau,Wessobrunn,82405,Wessobrunn,Schellschwang,3,11.019587,47.897904,135.000,120.000,2024-08-31,,2024-08-14,Lithium-Batterie,Batterie,Speicher,SSE931118505364,22.500
SEE968366322191,Anlage 1500 Batterie,ABR935582404611,In Planung,Deutschland,Rheinland-Pfalz,Westerwaldkreis,Oberhaid,56237,Oberhaid,,,7.735936,50.497532,500.000,500.000,2024-08-31,2024-12-31,,Lithium-Batterie,Batterie,Speicher,SSE978141885773,1000.000
SEE908902252759,Anlage 1725 Batterie,ABR935582404611,In Planung,Deutschland,Rheinland-Pfalz,Westerwaldkreis,Oberhaid,56237,Oberhaid,,,7.735928,50.497987,575.000,575.000,2024-08-31,2024-12-31,,Lithium-Batterie,Batterie,Speicher,SSE971133651400,1150.000
SEE922983390681,Anlage 1875 Batterie,ABR935582404611,In Planung,Deutschland,Rheinland-Pfalz,Westerwaldkreis,Oberhaid,56237,Oberhaid,,,7.735928,50.497987,625.000,625.000,2024-08-31,2024-12-31,,Lithium-Batterie,Batterie,Speicher,SSE995436131407,1250.000
SEE942507505377,Anlage 3750 Batterie,ABR936069718016,In Planung,Deutschland,Hessen,Vogelsbergkreis,Herbstein,36358,Herbstein,,,9.434310,50.570179,1250.000,1250.000,2024-08-31,2025-03-31,,Lithium-Batterie,Batterie,Speicher,SSE913815293188,2500.000
SEE963840635460,Laage 3MW Speicher,ABR935192224425,In Planung,Deutschland,Mecklenburg-Vorpommern,Rostock,Laage,18299,Laage,,,12.336060,53.928550,3000.000,1500.000,2024-09-02,2026-09-30,,Lithium-Batterie,Batterie,Speicher,SSE976580289541,6000.000
SEE957088205738,Stromspeicher 2024,ABR949481017889,In Betrieb,Deutschland,Bayern,Ansbach,Dinkelsbühl,91550,Dinkelsbühl,,,10.259460,49.068610,280.000,280.000,2024-09-02,,2024-09-02,Lithium-Batterie,Batterie,Speicher,SSE998231711812,1024.000
SEE974247615207,PV-Batteriespeicher Overath 1,ABR942491613195,In Planung,Deutschland,Nordrhein-Westfalen,Rheinisch-Bergischer Kreis,Overath,51491,Overath,Stich,10,7.257086,50.945900,20000.000,19800.000,2024-09-02,2026-09-30,,Lithium-Batterie,Batterie,Speicher,SSE909998398345,40120.000
SEE998446931319,Batteriespeicher GTC Hotel KL,ABR916786188101,In Betrieb,Deutschland,Mecklenburg-Vorpommern,Vorpommern-Rügen,Sassnitz,18546,Sassnitz,Neu Mukran,15,13.575630,54.479777,200.000,200.000,2024-09-03,,2024-07-11,Lithium-Batterie,Batterie,Speicher,SSE992982289712,520.000
SEE912602517384,Stromspeicher,ABR987471100852,In Betrieb,Deutschland,Schleswig-Holstein,Neumünster,Neumünster,24534,Neumünster,Hansaring,177,9.960456,54.080722,800.000,744.000,2024-12-19,,2024-12-01,Lithium-Batterie,Batterie,Speicher,SSE989862098502,1250.000
SEE930947431998,Notstrom_1,ABR924090117632,In Planung,Deutschland,Schleswig-Holstein,Lübeck,Lübeck,23560,Lübeck,Raabrede,,10.651981,53.809337,935.000,935.000,2024-10-01,2024-10-14,,Lithium-Batterie,Batterie,Speicher,SSE963526905634,1056.000
SEE980029018968,USV-Speicher Riello,ABR916893544449,In Betrieb,Deutschland,Mecklenburg-Vorpommern,Vorpommern-Greifswald,Koserow,17459,Koserow,Hauptstraße,58,13.997611,54.054209,100.000,100.000,2024-09-05,,2023-06-28,Lithium-Batterie,Batterie,Speicher,SSE989392320531,100.000
SEE945802587864,Photovoltaik Connext / Vivendi,ABR954758620969,In Betrieb,Deutschland,Nordrhein-Westfalen,Paderborn,Paderborn,33106,Paderborn,Balhorner Feld,11,8.714181,51.711020,100.000,100.000,2024-09-05,,2024-08-30,Lithium-Batterie,Batterie,Speicher,SSE936924290701,277.200
SEE901647748273,"PASM PV-Speicher Hannover, Industrieweg 19",ABR902428166637,In Betrieb,Deutschland,Niedersachsen,Region Hannover,Hannover,30179,Hannover,Industrieweg,19,9.720185,52.420975,150.000,150.000,2024-09-06,,2023-09-18,Lithium-Batterie,Batterie,Speicher,SSE913683136877,277.200
SEE973035138270,GroßspeicherHartheim2024,ABR959467309310,In Betrieb,Deutschland,Baden-Württemberg,Breisgau-Hochschwarzwald,Hartheim am Rhein,79258,Hartheim,Industriestraße,1,7.632168,47.940001,100.000,100.000,2024-09-06,,2024-05-14,Lithium-Batterie,Batterie,Speicher,SSE947406474762,277.200
SEE962925922662,Wolkow II Speicher,ABR981472808977,In Betrieb,Deutschland,Mecklenburg-Vorpommern,Mecklenburgische Seenplatte,Warrenzin,17111,Warrenzin,Wolkow,1,12.965550,53.899180,1472.000,1472.000,2024-09-09,,2024-05-23,Nickel-Cadmium- / Nickel-Metallhydridbatterie,Batterie,Speicher,SSE982945859878,2576.000
SEE942876546049,PV-Anlage IHK Weingarten Speicher,ABR916647240641,In Betrieb,Deutschland,Baden-Württemberg,Ravensburg,Weingarten,88250,Weingarten,Lindenstraße,2,9.621647,47.799402,462.000,100.000,2024-09-25,,2024-09-24,Lithium-Batterie,Batterie,Speicher,SSE928221345680,415.800
SEE977047245308,Stromspeicher 1,ABR964002114076,In Betrieb,Deutschland,Bayern,Deggendorf,Hengersberg,94491,Hengersberg,Zum Sägewerk,9,13.064070,48.765802,2500.000,2500.000,2024-09-11,,2024-01-01,Lithium-Batterie,Batterie,Speicher,SSE909010750199,5.796
SEE925042882646,PV-Anlage JCSBK Warburg,ABR957341373754,In Betrieb,Deutschland,Nordrhein-Westfalen,Höxter,Warburg,34414,Warburg,Stiepenweg,15,9.134398,51.486442,100.000,100.000,2024-09-12,,2024-08-01,Lithium-Batterie,Batterie,Speicher,SSE983294906718,161.000
SEE902432739483,Batteriespeicher  SMA,ABR908031637656,In Betrieb,Deutschland,Nordrhein-Westfalen,Coesfeld,Olfen,59399,Olfen,Lehmhegge,15,7.371730,51.682160,160.000,127.350,2024-09-12,,2024-09-05,Lithium-Batterie,Batterie,Speicher,SSE919075100051,160.000
SEE935051663884,BV-KIEZ_Schneeberg Speicher,ABR917973806938,In Betrieb,Deutschland,Sachsen,Erzgebirgskreis,Schneeberg,08289,Schneeberg,Am Filzteich,4 a,12.604622,50.574764,202.500,158.000,2025-05-06,,2025-04-17,Lithium-Batterie,Batterie,Speicher,SSE944078392127,202.500
SEE943592360049,Batteriespeicher I KA WAF,ABR945965997845,In Betrieb,Deutschland,Nordrhein-Westfalen,Warendorf,Warendorf,48231,Warendorf,Neuwarendorf,111,7.966746,51.961033,100.000,100.000,2024-09-16,,2024-06-27,Lithium-Batterie,Batterie,Speicher,SSE955798873346,225.000
SEE900721873092,Kopernikusstraße 4-8 - Batterie,ABR918591294886,In Betrieb,Deutschland,Sachsen-Anhalt,Salzlandkreis,Aschersleben,06449,Aschersleben,Kopernikusstraße,6,11.466073,51.763834,160.000,150.000,2024-10-02,,2024-09-26,Lithium-Batterie,Batterie,Speicher,SSE993531600187,160.000
SEE934943059439,LE15 PV Speicher Solarthermie,ABR996808053518,In Planung,Deutschland,Nordrhein-Westfalen,Lippe,Lemgo,32657,Lemgo,Liemer Weg,85,8.862654,52.025637,170.000,170.000,2024-09-19,2024-10-31,,Lithium-Batterie,Batterie,Speicher,SSE902208386941,160.000
SEE926423547888,Stromspeicher BMZ Container Gebäude B30 Weidenhecken 8 / 63639 Wörth,ABR911914438912,In Betrieb,Deutschland,Bayern,Miltenberg,Wörth a. Main,63939,Wörth,Weidenhecken,8,9.165877,49.783553,100.000,100.000,2024-09-19,,2024-02-14,Lithium-Batterie,Batterie,Speicher,SSE948893002117,240.000
SEE968798801837,Speicher Greußen 2,ABR979859092910,In Betrieb,Deutschland,Thüringen,Kyffhäuserkreis,Greußen,99718,Greußen,Grüninger Straße,1,10.954604,51.230049,3000.000,3000.000,2025-09-19,,2024-09-27,Lithium-Batterie,Batterie,Speicher,SSE936324117349,3000.000
SEE994160133589,"Batterie Gailroth Pramac  264/959,4",ABR988175828448,In Betrieb,Deutschland,Bayern,Ansbach,Schnelldorf,91625,Schnelldorf,Theuerbronner Straße,11,10.133793,49.234281,264.000,264.000,2025-11-17,,2024-08-05,Lithium-Batterie,Batterie,Speicher,SSE916890590692,959.400
SEE922315406363,"BKP Batterie Ladepark 264/959,4",ABR953915820051,In Betrieb,Deutschland,Bayern,Ansbach,Schnelldorf,91625,Schnelldorf,Birkenbergstraße,3A,10.170173,49.207748,264.000,264.000,2024-10-07,,2024-10-02,Lithium-Batterie,Batterie,Speicher,SSE900255970540,959.400
SEE981161942005,I42 Speicher,ABR989141766726,In Betrieb,Deutschland,Nordrhein-Westfalen,Herford,Rödinghausen,32289,Rödinghausen,Industriestraße,42,8.466396,52.200420,120.000,120.000,2024-09-25,,2023-12-23,Lithium-Batterie,Batterie,Speicher,SSE998263139974,144.000
SEE963917257229,PV Speicher Hauptgebäude,ABR922865757595,In Betrieb,Deutschland,Hessen,Hochtaunuskreis,Oberursel (Taunus),61440,Oberursel,An den Drei Hasen,3,8.595286,50.203351,100.000,100.000,2024-09-26,,2024-06-12,Lithium-Batterie,Batterie,Speicher,SSE955219608878,140.000
SEE952471300915,K-Ego-Clausthal-Zellerfeld,ABR921064487487,In Betrieb,Deutschland,Niedersachsen,Goslar,Clausthal-Zellerfeld,38678,Clausthal-Zellerfeld,Berliner Straße,8,10.333149,51.811706,100.000,100.000,2025-06-11,,2025-04-18,Lithium-Batterie,Batterie,Speicher,SSE956614949498,122.880
SEE928918716410,Notstrom_2,ABR924090117632,In Planung,Deutschland,Schleswig-Holstein,Lübeck,Lübeck,23560,Lübeck,Rigastraße,10,10.667027,53.840053,340.000,340.000,2024-10-01,2025-02-17,,Lithium-Batterie,Batterie,Speicher,SSE953965138687,320.000
SEE989191940435,BAT Halle Gewerbegebiet,ABR979788647847,In Betrieb,Deutschland,Niedersachsen,Harburg,Marschacht,21436,Marschacht,Herrenhagen,3,10.338394,53.379188,100.000,100.000,2024-10-08,,2024-10-01,Lithium-Batterie,Batterie,Speicher,SSE995718927230,112.000
SEE943412256910,MuLI-Batteriespeicher,ABR905599705735,In Betrieb,Deutschland,Nordrhein-Westfalen,Köln,Köln,50829,Köln,Venloer Str.,1150,6.872926,50.969912,500.000,500.000,2024-10-09,,2021-09-30,Lithium-Batterie,Batterie,Speicher,SSE928943589232,255.000
SEE907374915292,PV Speicher Bork,ABR909045214611,In Betrieb,Deutschland,Hessen,Gießen,Langgöns,35428,Langgöns,Auf dem Hüttenberg,9,8.629814,50.474494,100.000,100.000,2024-10-09,,2023-09-07,Lithium-Batterie,Batterie,Speicher,SSE911630410049,292.000
SEE968176237470,Actrada,ABR939201625807,In Betrieb,Deutschland,Bayern,Eichstätt,Dollnstein,91795,Dollnstein,Rieder Tal,12,11.075989,48.862770,1120.000,500.000,2024-10-09,,2023-12-05,Lithium-Batterie,Batterie,Speicher,SSE974355480919,1120.000
SEE912761208901,10012 Gütersloh Batterie,ABR973319622440,In Betrieb,Deutschland,Nordrhein-Westfalen,Gütersloh,Gütersloh,33334,Gütersloh,Hülsbrockstraße,87,8.410440,51.918797,800.000,800.000,2024-10-09,,2024-09-12,Lithium-Batterie,Batterie,Speicher,SSE990490113499,1152.000
SEE908018235400,Speicher,ABR948843387370,In Betrieb,Deutschland,Bayern,Augsburg,Gersthofen,86368,Gersthofen,Dieselstraße,15,10.865342,48.427465,150.000,150.000,2024-10-09,,2024-01-20,Lithium-Batterie,Batterie,Speicher,SSE996443877753,372.000
SEE967183492001,Speicher Aengenesch 3a - C.S.,ABR995831841710,In Betrieb,Deutschland,Nordrhein-Westfalen,Kleve,Geldern,47608,Geldern,Aengenesch,3,6.371505,51.538234,118.960,50.000,2024-10-09,,2024-04-16,Lithium-Batterie,Batterie,Speicher,SSE995466325371,16.560
SEE998561350132,Batterie neu,ABR974820348720,In Betrieb,Deutschland,Sachsen,Bautzen,Göda,02633,Göda,Liebon,1,14.282914,51.211499,125.000,125.000,2024-10-15,,2024-09-09,Lithium-Batterie,Batterie,Speicher,SSE967923474861,261.000
SEE920963364875,ECO POWER SIX,ABR967916671758,In Planung,Deutschland,Baden-Württemberg,Rottweil,Deißlingen,78056,Villingen-Schwenningen,,,8.617168,48.059227,300000.000,300000.000,2024-10-10,2029-10-01,,Lithium-Batterie,Batterie,Speicher,SSE938370123299,660000.000
SEE994599216471,Quartier Am Medembogen Batterie,ABR966575202082,In Betrieb,Deutschland,Niedersachsen,Cuxhaven,Otterndorf,21762,Otterndorf,Am Medembogen,55 A,8.886820,53.818590,150.000,150.000,2025-02-26,,2025-02-26,Lithium-Batterie,Batterie,Speicher,SSE995495434839,462.000
SEE966630715298,Gewerbestromspeicher,ABR990746166842,In Betrieb,Deutschland,Rheinland-Pfalz,Mainz,Mainz,55129,Mainz,Nikolaus-Kopernikus-Straße,9,8.256561,49.966350,100.000,100.000,2025-08-06,,2025-07-30,Lithium-Batterie,Batterie,Speicher,SSE902371070913,200.000
SEE908067273408,Sachsen Fahnen Speicher Neubau,ABR983021379488,In Betrieb,Deutschland,Sachsen,Bautzen,Kamenz,01917,Kamenz,Am Wiesengrund,2,14.099688,51.296579,200.000,200.000,2026-02-11,,2024-10-10,Lithium-Batterie,Batterie,Speicher,SSE946526605155,387.000
SEE987919343902,Sachsen Fahnen Speicher Altbau,ABR983021379488,In Betrieb,Deutschland,Sachsen,Bautzen,Kamenz,01917,Kamenz,Am Wiesengrund,2,14.099688,51.296579,200.000,200.000,2026-02-11,,2024-10-16,Lithium-Batterie,Batterie,Speicher,SSE989530724467,387.000
SEE901813983309,Batteriespeicher-01 - Dorn,ABR993851548183,In Betrieb,Deutschland,Baden-Württemberg,Bodenseekreis,Tettnang,88069,Tettnang,Bleichnauer Straße,14,9.662165,47.625147,264.000,264.000,2024-10-13,,2024-08-29,Lithium-Batterie,Batterie,Speicher,SSE978188327076,588.600
SEE941266029643,"RKH Rheinbacher Kraftwagen Meckenheimer Str. 12, 53359 Rheinbach (Speicher)",ABR974899475440,In Betrieb,Deutschland,Nordrhein-Westfalen,Rhein-Sieg-Kreis,Rheinbach,53359,Rheinbach,Meckenheimer Straße,12,6.962501,50.625022,150.000,150.000,2024-10-15,,2024-05-04,Lithium-Batterie,Batterie,Speicher,SSE962905632604,240.000
SEE950317396443,Speichersystem · Edisonstraße 1 · Sennestadt,ABR929179330643,In Betrieb,Deutschland,Nordrhein-Westfalen,Bielefeld,Bielefeld,33689,Bielefeld,Edisonstraße,1,8.575367,51.955269,150.000,150.000,2025-01-30,,2024-10-15,Lithium-Batterie,Batterie,Speicher,SSE914181433444,240.000
SEE907270059632,Batterieanlage Lastspitzenreduktion Goodyear Riesa,ABR911518293085,In Betrieb,Deutschland,Sachsen,Meißen,Riesa,01591,Riesa,Paul-Greifzu-Straße,20,13.265531,51.315321,400.000,400.000,2024-10-18,,2022-04-01,Lithium-Batterie,Batterie,Speicher,SSE936587071808,400.000
SEE969232996331,BÄKO Türkheim 320 kWh Stromspeicher,ABR958277620332,In Betrieb,Deutschland,Baden-Württemberg,Göppingen,Geislingen an der Steige,73312,Geislingen,Am Heusteig,5,9.794855,48.579844,200.000,50.000,2024-11-06,,2024-10-24,Lithium-Batterie,Batterie,Speicher,SSE997440818343,320.000
SEE902802276174,Detmold Residenz Werreterrassen,ABR980017028085,In Betrieb,Deutschland,Nordrhein-Westfalen,Lippe,Detmold,32756,Detmold,Heldmanstraße,39,8.888323,51.932973,130.000,88.000,2024-10-22,,2024-03-11,Lithium-Batterie,Batterie,Speicher,SSE948541453186,130.000
SEE919521498107,Speicher Wirtshaus Dodo,ABR940765870718,In Betrieb,Deutschland,Mecklenburg-Vorpommern,Vorpommern-Rügen,Marlow,18337,Marlow,Kölzower Chaussee,1,12.573941,54.142045,148.800,92.000,2024-10-23,,2024-09-04,Lithium-Batterie,Batterie,Speicher,SSE987865656804,93.000
SEE948693070460,Speicher_Ladestation_CvB8a,ABR985097669579,In Betrieb,Deutschland,Sachsen,Chemnitz,Chemnitz,09116,Chemnitz,Carl-von-Bach-Straße,8 a,12.852153,50.802513,100.000,100.000,2024-10-23,,2023-03-27,Lithium-Batterie,Batterie,Speicher,SSE902508878269,140.000
SEE934859860990,PV Ladepark Heinrichshof,ABR910026261609,In Betrieb,Deutschland,Nordrhein-Westfalen,Köln,Köln,50769,Köln,Heinrichshofweg,6,6.904139,51.040186,460.000,460.000,2024-10-25,,2024-10-23,Lithium-Batterie,Batterie,Speicher,SSE908138109612,495.000
SEE902515136208,TBV EVO-Speicher,ABR921007813250,In Betrieb,Deutschland,Nordrhein-Westfalen,Mettmann,Velbert,42549,Velbert,Am Lindenkamp,33,7.040099,51.327795,100.000,100.000,2024-12-06,,2024-12-06,Lithium-Batterie,Batterie,Speicher,SSE945446905574,320.000
SEE921443667073,WGH BAT 80  kWh 2024,ABR973066201837,In Betrieb,Deutschland,Mecklenburg-Vorpommern,Vorpommern-Rügen,Grimmen,18507,Grimmen,Greifswalder Str.,42,12.981596,54.105752,100.000,100.000,2024-10-29,,2024-10-28,Lithium-Batterie,Batterie,Speicher,SSE902845617538,80.000
SEE971957802385,PV Ebinger,ABR909125203054,In Betrieb,Deutschland,Nordrhein-Westfalen,Lippe,Lage,32791,Lage,Benzstraße,4,8.819892,51.978865,200.000,190.000,2024-10-29,,2024-09-16,Lithium-Batterie,Batterie,Speicher,SSE962238115041,198.000
SEE980703611409,MWZ_BESS_1,ABR978248396691,In Betrieb,Deutschland,Baden-Württemberg,Bodenseekreis,Friedrichshafen,88048,Friedrichshafen,Markus-von-Kienlin-Straße,2,9.392579,47.685777,975.000,975.000,2026-06-02,,2025-11-27,Lithium-Batterie,Batterie,Speicher,SSE972390934459,2137.000
SEE985486884019,Gebäudedach,ABR942919281951,In Betrieb,Deutschland,Baden-Württemberg,Rhein-Neckar-Kreis,Brühl,68782,Brühl,Anton-Langlotz-Straße,5,8.536225,49.407509,100.000,100.000,2024-10-30,,2024-07-11,Lithium-Batterie,Batterie,Speicher,SSE970525226271,154.000
SEE949260804747,Batteriespeicher BMW Taunusstraße,ABR929322061196,In Betrieb,Deutschland,Bayern,München,München,80807,München,Taunusstraße,47,11.581376,48.188740,500.000,500.000,2024-11-06,,2018-12-01,Lithium-Batterie,Batterie,Speicher,SSE912949450009,2940.000
SEE943331549230,Batteriespeicher BMW VZ Garching,ABR929322061196,In Betrieb,Deutschland,Bayern,München,Garching b. München,85748,Garching,Robert-Bosch-Straße,3,11.609559,48.253175,150.000,150.000,2024-11-06,,2024-05-13,Lithium-Batterie,Batterie,Speicher,SSE978828116114,420.000
SEE971974885439,PV Großspeicher,ABR973911353827,In Betrieb,Deutschland,Thüringen,Unstrut-Hainich-Kreis,Mühlhausen/Thüringen,99998,Mühlhausen,Wiesenstraße,17 b,10.524226,51.167335,100.000,100.000,2024-11-06,,2024-10-28,Lithium-Batterie,Batterie,Speicher,SSE935121326022,217.080
SEE905716958785,trlyr 2,ABR956594845537,In Betrieb,Deutschland,Bayern,Passau,Tittling,94104,Tittling,Gehersberger Straße,,13.381452,48.735391,10000.000,10000.000,2025-02-11,,2024-12-10,Lithium-Batterie,Batterie,Speicher,SSE915762060981,22360.000
SEE905476126820,Halle Wiese | Zentrallager,ABR910956089823,In Betrieb,Deutschland,Nordrhein-Westfalen,Coesfeld,Senden,48308,Senden,Industriestraße,10,7.475894,51.848613,120.000,120.000,2024-11-07,,2024-09-20,Lithium-Batterie,Batterie,Speicher,SSE990352779412,300.000
SEE986591921057,IW Lauchhammer Speicher,ABR997228250389,In Betrieb,Deutschland,Brandenburg,Oberspreewald-Lausitz,Lauchhammer,01979,Lauchhammer,Am Gewerbehof,4,13.782257,51.471580,200.000,200.000,2025-08-01,,2025-08-01,Lithium-Batterie,Batterie,Speicher,SSE996021543742,442.000
SEE945577776722,Speicher,ABR949753938560,In Betrieb,Deutschland,Mecklenburg-Vorpommern,Rostock,Rostock,18146,Rostock,Am Liepengraben,1,12.163372,54.129272,138.000,100.000,2025-07-01,,2025-06-10,Lithium-Batterie,Batterie,Speicher,SSE921544375037,387.000
SEE951222945535,S+K Batterie 170kWh,ABR938841529292,In Betrieb,Deutschland,Thüringen,Gotha,Gotha,99867,Gotha,Uelleber Straße,13 a,10.699467,50.936713,120.000,120.000,2024-11-12,,2024-09-19,Lithium-Batterie,Batterie,Speicher,SSE954900762578,169.200
SEE901349369226,Teut49 Akku,ABR985730668761,In Betrieb,Deutschland,Nordrhein-Westfalen,Märkischer Kreis,Lüdenscheid,58509,Lüdenscheid,Teutonenstraße,49,7.607099,51.214385,100.000,100.000,2024-11-12,,2024-11-11,Blei-Batterie,Batterie,Speicher,SSE932153195053,72.000
SEE920298267124,Preckel Automobile,ABR954718454474,In Betrieb,Deutschland,Nordrhein-Westfalen,Mönchengladbach,Mönchengladbach,41068,Mönchengladbach,Monschauer Straße,34,6.409537,51.193862,100.000,100.000,2024-11-13,,2024-10-31,Lithium-Batterie,Batterie,Speicher,SSE900491683860,233.000
SEE965618456482,ABR980748679150,ABR959086747142,In Betrieb,Deutschland,Bayern,Pfaffenhofen a.d. Ilm,Vohburg a.d. Donau,85088,Vohburg,Gewerbestraße,,11.634352,48.767522,276.000,276.000,2024-11-13,,2023-09-13,Lithium-Batterie,Batterie,Speicher,SSE910358797647,520.000
SEE984034747967,Batteriespeicher OV,ABR950473226783,In Betrieb,Deutschland,Nordrhein-Westfalen,Ennepe-Ruhr-Kreis,Gevelsberg,58285,Gevelsberg,Rosendahler Straße,98,7.318043,51.315740,264.000,264.000,2024-12-16,,2024-12-16,Lithium-Batterie,Batterie,Speicher,SSE984026275874,558.000
SEE954992957029,SP266-2024,ABR977559086154,In Betrieb,Deutschland,Bayern,Cham,Waldmünchen,93449,Waldmünchen,Zillendorf,7,12.668433,49.349269,132.000,132.000,2024-11-15,,2024-08-14,Lithium-Batterie,Batterie,Speicher,SSE958003516489,266.000
SEE962496130121,BEE Merseburg GmbH,ABR957063689461,In Betrieb,Deutschland,Sachsen-Anhalt,Saalekreis,Merseburg,06217,Merseburg,An den Rohrackern,,11.979279,51.318139,12000.000,12000.000,2025-09-01,,2025-08-14,Lithium-Batterie,Batterie,Speicher,SSE916227921489,16256.000
SEE944820572838,PV Hardy Barth,ABR961386886131,In Betrieb,Deutschland,Bayern,Coburg,Coburg,96450,Coburg,Hahnweg,139,10.982152,50.272175,550.000,550.000,2024-11-15,,2024-11-05,Lithium-Batterie,Batterie,Speicher,SSE990415506009,870.000
SEE903057960733,BESS Langenamming,ABR905451556727,In Planung,Deutschland,Bayern,Deggendorf,Osterhofen,94486,Osterhofen,,,12.997883,48.664368,9864.000,9864.000,2024-11-18,2026-04-01,,Lithium-Batterie,Batterie,Speicher,SSE953201743873,25920.000
SEE997347263154,Pv-Anlage Parkdeck 3,ABR956214485679,In Betrieb,Deutschland,Bayern,Kelheim,Kelheim,93309,Kelheim,,,11.915202,48.905329,180.000,180.000,2024-11-18,,2023-10-12,Lithium-Batterie,Batterie,Speicher,SSE974180932744,210.000
SEE919151256290,Speicher Winterbach II - P21-474 - Speicher,ABR968740042271,In Betrieb,Deutschland,Bayern,Günzburg,Winterbach,89368,Winterbach,,,10.521826,48.467393,2000.000,2000.000,2025-09-22,,2025-08-29,Lithium-Batterie,Batterie,Speicher,SSE900337598365,2032.000
SEE938667914845,PV-Green,ABR920279738346,In Betrieb,Deutschland,Niedersachsen,Region Hannover,Langenhagen,30855,Langenhagen,Ernst-Hugo-Weg,,9.739472,52.470099,120.000,120.000,2024-11-21,,2024-11-21,Lithium-Batterie,Batterie,Speicher,SSE915989935666,130.400
SEE913649299011,PVA LMu 2024_Akku,ABR989782293971,In Betrieb,Deutschland,Brandenburg,Barnim,Schorfheide,16244,Schorfheide,Museumsstraße,1,13.677573,52.831430,100.000,100.000,2024-11-27,,2024-11-27,Lithium-Batterie,Batterie,Speicher,SSE997294482233,193.500
SEE968384953223,Speicher,ABR936344706202,In Betrieb,Deutschland,Baden-Württemberg,Ravensburg,Weingarten,88250,Weingarten,Franz-Beer-Straße,105,9.626303,47.797195,100.000,100.000,2024-11-27,,2024-10-30,Lithium-Batterie,Batterie,Speicher,SSE985575352986,295.680
SEE932460525246,Aldrup Speicher,ABR941336253008,In Betrieb,Deutschland,Niedersachsen,Oldenburg,Wildeshausen,27793,Wildeshausen,Bauerschaft Aldrup,2,8.443896,52.831442,1090.000,1090.000,2025-02-05,,2025-01-29,Lithium-Batterie,Batterie,Speicher,SSE984688845385,1242.000
SEE968933985491,Second Foundation BESS Königsee,ABR940470825270,In Betrieb,Deutschland,Thüringen,Saalfeld-Rudolstadt,Königsee,07426,Königsee,,,11.108005,50.658818,10350.000,10350.000,2025-02-25,,2025-02-07,Lithium-Batterie,Batterie,Speicher,SSE953455780624,22362.000
SEE990255927736,Stromspeicher Anlage Fraeserei,ABR958948761647,In Betrieb,Deutschland,Bayern,Straubing-Bogen,Perkam,94368,Perkam,Geiselhöringer Straße,1,12.439498,48.859205,736.000,736.000,2024-11-28,,2024-11-27,Nickel-Cadmium- / Nickel-Metallhydridbatterie,Batterie,Speicher,SSE947498810387,1288.000
SEE987124974649,10035 OS-Sutthauser Batterie,ABR973319622440,In Betrieb,Deutschland,Niedersachsen,Osnabrück,Osnabrück,49080,Osnabrück,Sutthauser Straße,292,8.035805,52.247540,736.000,736.000,2024-12-10,,2024-12-07,Lithium-Batterie,Batterie,Speicher,SSE916382854110,1224.000
SEE970038846652,10010 Bad Homburg Batterie,ABR973319622440,In Planung,Deutschland,Hessen,Hochtaunuskreis,Bad Homburg v.d. Höhe,61352,Bad Homburg,Ober-Eschbacher Straße,153,8.656350,50.210597,736.000,736.000,2024-11-28,2026-11-01,,Lithium-Batterie,Batterie,Speicher,SSE919948426950,1224.000
SEE977011446397,BESS Kelchham 1,ABR958347571779,In Betrieb,Deutschland,Bayern,Passau,Thyrnau,94136,Thyrnau,,,13.550299,48.648061,2500.000,2500.000,2025-01-13,,2025-01-07,Lithium-Batterie,Batterie,Speicher,SSE907545977678,5152.000
SEE930177608740,Isaarleitenweg,ABR963330650638,In Betrieb,Deutschland,Bayern,Bad Tölz-Wolfratshausen,Bad Tölz,83646,Bad Tölz,Isarleitenweg,10,11.555143,47.756936,200.000,200.000,2024-11-28,,2024-11-02,Lithium-Batterie,Batterie,Speicher,SSE947321400419,192.000
SEE980518702026,"Batteriespeicher, Auf dem Hundsrück 6, 36088 Hünfeld",ABR916716865782,In Betrieb,Deutschland,Hessen,Fulda,Hünfeld,36088,Hünfeld,Auf dem Hundsrück,6,9.757100,50.694005,6416.000,6416.000,2024-11-29,,2024-11-26,Lithium-Batterie,Batterie,Speicher,SSE966162371009,20520.000
SEE948840887729,Rehl-Solar,ABR985766738865,In Betrieb,Deutschland,Rheinland-Pfalz,Mayen-Koblenz,Andernach,56626,Andernach,Am Weißen Haus,,7.245906,50.250252,500.000,500.000,2024-11-29,,2024-11-29,Lithium-Batterie,Batterie,Speicher,SSE903694243268,1632.000
SEE977263367099,Normfest GmbH Standort Velbert I,ABR968893282951,In Betrieb,Deutschland,Nordrhein-Westfalen,Mettmann,Velbert,42551,Velbert,Siemensstraße,23,7.071023,51.350068,184.000,184.000,2024-11-29,,2024-11-29,Lithium-Batterie,Batterie,Speicher,SSE970584562563,328.000
SEE956160430297,Batterie-Con Kart,ABR986984664097,In Betrieb,Deutschland,Bayern,Kaufbeuren,Kaufbeuren,87600,Kaufbeuren,Daniel-Kohler-Straße,2,10.654403,47.891959,176.000,176.000,2024-12-01,,2024-11-27,Lithium-Batterie,Batterie,Speicher,SSE939816406914,213.000
SEE962941410976,Grund- und Mittelschule,ABR959475809970,In Betrieb,Deutschland,Bayern,Pfaffenhofen a.d. Ilm,Hohenwart,86558,Hohenwart,Schulstraße,5,11.385844,48.599604,100.000,100.000,2024-12-02,,2024-10-08,Lithium-Batterie,Batterie,Speicher,SSE934670943452,280.000
SEE997440194782,URENCO-Battery I,ABR925052145762,In Betrieb,Deutschland,Nordrhein-Westfalen,Borken,Gronau (Westf.),48599,Gronau,Röntgenstraße,4,7.081535,52.216115,2175.000,2175.000,2026-02-06,,2025-03-17,Lithium-Batterie,Batterie,Speicher,SSE907388092019,5184.000
SEE959939336967,"OBERHOF, Tambacher Strasse 4 Batterie",ABR905460254744,In Betrieb,Deutschland,Thüringen,Schmalkalden-Meiningen,Oberhof,98559,Oberhof,Tambacher Straße,4,10.722138,50.705423,200.000,200.000,2024-12-04,,2022-09-22,Lithium-Batterie,Batterie,Speicher,SSE954509639660,216.400
SEE906811022074,PV-Speicher_bei_Trafostation,ABR929913395396,In Planung,Deutschland,Brandenburg,Potsdam,Potsdam,14469,Potsdam,Max-Eyth-Allee,100,13.012817,52.437707,736.000,736.000,2024-12-04,2025-02-28,,Sonstige Batterie,Batterie,Speicher,SSE953759592152,1288.000
SEE990956438869,PVA_GEKAP_BÜH_Spei,ABR979278671536,In Betrieb,Deutschland,Baden-Württemberg,Ravensburg,Bad Wurzach,88410,Bad Wurzach,Bühlerhof,1,9.850862,47.939044,100.000,100.000,2024-12-05,,2024-08-26,Lithium-Batterie,Batterie,Speicher,SSE928385348060,102.000
SEE993899268814,Batterie Weißenthurm-Kettig,ABR932212103470,In Planung,Deutschland,Rheinland-Pfalz,Mayen-Koblenz,Kettig,56220,Kettig,,,7.448940,50.405050,50000.000,50000.000,2024-12-06,2026-12-31,,Lithium-Batterie,Batterie,Speicher,SSE996167513340,100000.000
SEE994667206199,area766 Speicher,ABR911047426497,In Betrieb,Deutschland,Hessen,Fulda,Eichenzell,36124,Eichenzell,Bürgermeister-Ebert-Straße,22,9.727428,50.480640,176.000,176.000,2025-01-20,,2025-01-20,Lithium-Batterie,Batterie,Speicher,SSE983658035153,654.000
SEE959140088693,BESS Rackwitz RE,ABR927355944486,In Betrieb,Deutschland,Sachsen,Nordsachsen,Rackwitz,04519,Rackwitz,August-Horch-Straße,2,12.381479,51.439050,1500.000,1500.000,2025-01-06,,2024-12-19,Lithium-Batterie,Batterie,Speicher,SSE939032502773,2608.000
SEE975496705275,PV-Oberhaid 2024 Tracker und Speicher Anlage,ABR902311113670,In Betrieb,Deutschland,Rheinland-Pfalz,Westerwaldkreis,Oberhaid,56237,Oberhaid,,,7.735888,50.498520,100.000,100.000,2025-01-01,,2024-12-21,Lithium-Batterie,Batterie,Speicher,SSE935643248864,240.000
SEE964332185647,Speicher Japo Chemnitz,ABR940314332438,In Betrieb,Deutschland,Sachsen,Chemnitz,Chemnitz,09113,Chemnitz,Blankenauer Straße,61,12.929091,50.853022,100.000,100.000,2025-04-23,,2025-04-01,Lithium-Batterie,Batterie,Speicher,SSE995236154101,193.500
SEE917120851040,Speicher Steyer,ABR912898167478,In Planung,Deutschland,Sachsen,Mittelsachsen,Halsbrücke,09633,Halsbrücke,Schwarze Kiefern,3,13.349557,50.936435,400.000,100.000,2024-12-18,2025-04-30,,Sonstige Batterie,Batterie,Speicher,SSE961891039831,400.000
SEE905436027228,Batteriecontainer TecAlliance,ABR910924876363,In Betrieb,Deutschland,Baden-Württemberg,Main-Tauber-Kreis,Weikersheim,97990,Weikersheim,Kreuzstraße,10,9.889571,49.458451,120.000,120.000,2024-12-18,,2024-04-01,Lithium-Batterie,Batterie,Speicher,SSE978109241658,500.000
SEE920645449548,Stromspeicher1,ABR998085640634,In Betrieb,Deutschland,Bayern,Landshut,Pfeffenhausen,84076,Pfeffenhausen,Sachsenhausen,11,12.011247,48.645561,100.000,100.000,2024-12-18,,2024-11-21,Lithium-Batterie,Batterie,Speicher,SSE912032065219,161.300
SEE925503376790,Speicher AM 2024,ABR999120192033,In Betrieb,Deutschland,Niedersachsen,Vechta,Vechta,49377,Vechta,Am Osterfeld,1,8.219082,52.776409,250.000,250.000,2026-06-25,,2026-04-13,Lithium-Batterie,Batterie,Speicher,SSE929596970880,500.000
SEE950291445717,Speicher Hansestr. 1,ABR994385937450,In Betrieb,Deutschland,Niedersachsen,Emsland,Papenburg,26871,Papenburg,Hansestraße,1,7.386632,53.097637,120.000,120.000,2025-01-06,,2024-12-20,Lithium-Batterie,Batterie,Speicher,SSE931212739665,234.000
SEE909957207633,Liebenwalde Hammerallee Eigenverbrauch Stromspeicher,ABR963766780350,In Betrieb,Deutschland,Brandenburg,Oberhavel,Liebenwalde,16559,Liebenwalde,Hammerallee,30,13.405872,52.873148,110.000,110.000,2024-12-19,,2024-12-18,Lithium-Batterie,Batterie,Speicher,SSE908594047688,97.000
SEE911168218926,GK_Spitzenlast_Li-Ionen,ABR942124872487,In Betrieb,Deutschland,Bayern,Passau,Hauzenberg,94051,Hauzenberg,Langheinrichstraße,1,13.660344,48.621863,400.000,400.000,2024-12-20,,2022-06-23,Lithium-Batterie,Batterie,Speicher,SSE921627082463,554.000
SEE904044668533,Speicher conneKT 47 2024,ABR907767652759,In Betrieb,Deutschland,Bayern,Kitzingen,Kitzingen,97318,Kitzingen,conneKT,47,10.192401,49.742874,126.000,126.000,2024-12-20,,2024-11-29,Lithium-Batterie,Batterie,Speicher,SSE920105824564,672.000
SEE927427265327,GK_Spitzenlast_VFRB,ABR942124872487,In Betrieb,Deutschland,Bayern,Passau,Hauzenberg,94051,Hauzenberg,Langheinrichstraße,1,13.660344,48.621863,350.000,350.000,2024-12-20,,2022-11-28,Redox-Flow-Batterie,Batterie,Speicher,SSE915997413354,1500.000
SEE987734929602,Stall,ABR903644098306,In Betrieb,Deutschland,Mecklenburg-Vorpommern,Vorpommern-Rügen,Ummanz,18569,Ummanz,Mursewiek,1,13.190192,54.449472,100.000,100.000,2024-12-20,,2024-12-16,Lithium-Batterie,Batterie,Speicher,SSE901186124804,112.000
SEE969178864190,Fachmarktzentrum Neue Mitte,ABR909974918079,In Betrieb,Deutschland,Bayern,Straubing-Bogen,Mallersdorf-Pfaffenberg,84066,Mallersdorf-Pfaffenberg,Straubinger Straße,38,12.088233,48.532956,184.000,184.000,2024-12-20,,2024-11-20,Lithium-Batterie,Batterie,Speicher,SSE945214245000,164.000
SEE901013376239,Batterie Carport Auggen,ABR957164973513,In Betrieb,Deutschland,Baden-Württemberg,Breisgau-Hochschwarzwald,Auggen,79424,Auggen,An der Sonnberghalle, bei 2,7.593125,47.791049,360.000,360.000,2024-12-24,,2024-06-13,Lithium-Batterie,Batterie,Speicher,SSE991097876220,360.000
SEE989754856395,MFH_Alter_Uentroper_Weg_28,ABR947755111394,In Betrieb,Deutschland,Nordrhein-Westfalen,Hamm,Hamm,59071,Hamm,,,,,100.000,25.000,2024-12-31,,2024-12-01,Lithium-Batterie,Batterie,Speicher,SSE929391862656,57.340
SEE959988726436,BESS Issigau,ABR971381091898,In Betrieb,Deutschland,Bayern,Hof,Issigau,95188,Issigau,,,11.716860,50.366640,8000.000,8000.000,2025-01-05,,2024-12-10,Lithium-Batterie,Batterie,Speicher,SSE996048797937,25343.600
SEE918267678149,Speicher Siemensstraße 17a,ABR925260128243,In Betrieb,Deutschland,Bayern,Bamberg,Strullendorf,96129,Strullendorf,Siemensstraße,17 a,10.955638,49.841144,704.000,704.000,2025-01-07,,2024-07-30,Lithium-Batterie,Batterie,Speicher,SSE983392195021,2388.000
SEE983807627352,Speicher Lange Länge 10 2025,ABR986073454738,In Betrieb,Deutschland,Bayern,Kitzingen,Dettelbach,97337,Dettelbach,Lange Länge,10,10.198234,49.800469,180.000,180.000,2025-01-13,,2025-01-14,Lithium-Batterie,Batterie,Speicher,SSE978505378170,365.000
SEE913441311966,Röser Essingen,ABR999818794624,In Betrieb,Deutschland,Baden-Württemberg,Ostalbkreis,Essingen,73457,Essingen,Streichhoffeld,4,10.023761,48.822033,100.000,100.000,2025-01-13,,2025-01-13,Lithium-Batterie,Batterie,Speicher,SSE936614777697,129.000
SEE983717311730,Speicher 120 kW,ABR961012968712,In Betrieb,Deutschland,Niedersachsen,Wittmund,Friedeburg,26446,Friedeburg,Industriestraße,24,7.802731,53.450645,120.000,110.000,2025-01-14,,2024-12-19,Lithium-Batterie,Batterie,Speicher,SSE933358149490,358.200
SEE979567937886,"BESS Tanne Kunststofftechnik, Hunderdorf",ABR982320839334,In Betrieb,Deutschland,Bayern,Straubing-Bogen,Hunderdorf,94336,Hunderdorf,Thananger Straße,9,12.719576,48.946546,150.000,150.000,2025-01-15,,2023-12-19,Lithium-Batterie,Batterie,Speicher,SSE998213580894,162.000
SEE983646428196,"BESS Becks, Bremen",ABR982320839334,In Betrieb,Deutschland,Bremen,Bremen,Bremen,28199,Bremen,Am Deich,20,8.791732,53.078461,1310.000,1310.000,2025-01-15,,2024-03-01,Lithium-Batterie,Batterie,Speicher,SSE967621968358,1600.000
SEE906133177711,"BESS Hasseröder, Wernigerode",ABR982320839334,In Planung,Deutschland,Sachsen-Anhalt,Harz,Wernigerode,38855,Wernigerode,Auerhahnring,1,10.754872,51.845591,940.000,940.000,2025-01-15,2026-09-30,,Lithium-Batterie,Batterie,Speicher,SSE944549181502,1500.000
SEE982147622898,"BESS Agru-Frank, Wölfersheim",ABR982320839334,In Betrieb,Deutschland,Hessen,Wetteraukreis,Wölfersheim,61200,Wölfersheim,Dieselstraße,1,8.853376,50.425547,526.000,526.000,2026-01-12,,2025-12-17,Lithium-Batterie,Batterie,Speicher,SSE972950299851,672.000
SEE935590017827,"BESS Löwenbräu, München",ABR982320839334,In Betrieb,Deutschland,Bayern,München,München,80335,München,Marsstraße,46,11.554085,48.145024,1640.000,1640.000,2025-09-22,,2025-09-02,Lithium-Batterie,Batterie,Speicher,SSE966994727715,2009.000
SEE924200514986,"BESS OPMobility, Reinsdorf",ABR982320839334,In Planung,Deutschland,Niedersachsen,Helmstedt,Helmstedt,38372,Büddenstedt,An der Kreisstr.,22,11.040881,52.153645,920.000,920.000,2025-01-15,2026-09-30,,Lithium-Batterie,Batterie,Speicher,SSE909099013529,1423.000
SEE917776800188,Batteriespeicher,ABR938602396798,In Betrieb,Deutschland,Niedersachsen,Lüneburg,Amt Neuhaus,19273,Neuhaus,Am Alten Bahnhof,9,10.936415,53.289246,100.000,100.000,2025-01-15,,2024-04-17,Lithium-Batterie,Batterie,Speicher,SSE988387256251,135.000
SEE948966034922,PV-Anlage C＆P,ABR979887187299,In Betrieb,Deutschland,Baden-Württemberg,Schwarzwald-Baar-Kreis,Villingen-Schwenningen,78050,Villingen-Schwenningen,Unterer Dammweg,6-1,8.464343,48.047645,245.600,200.000,2025-01-18,,2024-12-20,Lithium-Batterie,Batterie,Speicher,SSE905291374789,245.760
SEE978591738612,Preckel Automobile GmbH - Heiligenhaus - Batteriespeicher,ABR956831899897,In Betrieb,Deutschland,Nordrhein-Westfalen,Mettmann,Heiligenhaus,42579,Heiligenhaus,Pinner Straße,46,7.006001,51.330121,100.000,100.000,2025-01-20,,2024-12-12,Lithium-Batterie,Batterie,Speicher,SSE993055682683,209.000
SEE989502017429,"Speicher BYD 122,88 kWh",ABR919853585537,In Betrieb,Deutschland,Bayern,Ostallgäu,Obergünzburg,87634,Obergünzburg,,,,,122.880,18.000,2025-01-20,,2024-03-01,Lithium-Batterie,Batterie,Speicher,SSE941719859803,122.880
SEE982962006323,Speicher,ABR974239027599,In Betrieb,Deutschland,Niedersachsen,Cloppenburg,Essen (Oldenburg),49632,Essen,Zum Feldkamp,11,8.000967,52.742807,704.000,704.000,2025-01-30,,2025-01-29,Lithium-Batterie,Batterie,Speicher,SSE970000548867,1075.000
SEE979595639073,BESS-1-Speira-GV,ABR937200644409,In Betrieb,Deutschland,Nordrhein-Westfalen,Rhein-Kreis Neuss,Grevenbroich,41515,Grevenbroich,Aluminiumstraße,1,6.630313,51.072370,3000.000,1500.000,2025-01-20,,2024-12-20,Lithium-Batterie,Batterie,Speicher,SSE946692941576,3040.000
SEE902932530221,Second Foundation BESS Oberröblingen,ABR989079290348,In Betrieb,Deutschland,Sachsen-Anhalt,Mansfeld-Südharz,Sangerhausen,06526,Sangerhausen,Handelsweg,18,11.294836,51.446981,13800.000,13800.000,2025-12-01,,2025-07-29,Lithium-Batterie,Batterie,Speicher,SSE903339172984,29820.000
SEE983768221194,Helmbold Speicher,ABR946354954838,In Betrieb,Deutschland,Sachsen,Zwickau,Meerane,08393,Meerane,Crotenlaider Straße,65,12.456469,50.862045,100.000,100.000,2025-01-21,,2025-01-21,Lithium-Batterie,Batterie,Speicher,SSE961896707599,161.300
SEE935891876918,Batteriespeicher,ABR934757447156,In Betrieb,Deutschland,Niedersachsen,Göttingen,Hörden am Harz,37412,Hörden,Gänsewinkel,2,10.296594,51.670782,120.000,120.000,2025-04-22,,2025-04-01,Lithium-Batterie,Batterie,Speicher,SSE925974623980,270.000
SEE953738810581,Tramin Trankstelle Heinsberg Speicher,ABR976858856826,In Planung,Deutschland,Nordrhein-Westfalen,Heinsberg,Heinsberg,52525,Heinsberg,Gladbacher Straße,17,6.156811,51.047070,189.000,189.000,2025-01-24,2025-01-31,,Lithium-Batterie,Batterie,Speicher,SSE961307031688,353.000
SEE966114511231,Rabe Moden - Nordel Akku,ABR959624789955,In Betrieb,Deutschland,Niedersachsen,Osnabrück,Hilter am Teutoburger Wald,49176,Hilter,Nordel,9,8.158812,52.131754,200.000,200.000,2025-01-27,,2025-01-01,Lithium-Batterie,Batterie,Speicher,SSE965319307762,267.000
SEE964895220588,Batteriespeicher Sumitomo Cyclo,ABR936794057619,In Betrieb,Deutschland,Bayern,Dachau,Markt Indersdorf,85229,Markt Indersdorf,Cyclostraße,92,11.402860,48.366154,736.000,736.000,2025-04-14,,2025-04-03,Lithium-Batterie,Batterie,Speicher,SSE956711488968,1288.000
SEE926196894646,Speicher 2,ABR944647310927,In Betrieb,Deutschland,Niedersachsen,Diepholz,Barnstorf,49406,Barnstorf,Rudolf-Diesel-Straße,2,8.494448,52.699741,828.000,828.000,2025-01-27,,2024-06-25,Lithium-Batterie,Batterie,Speicher,SSE972078999763,1344.000
SEE905174596413,Speicher 3,ABR944647310927,In Betrieb,Deutschland,Niedersachsen,Diepholz,Barnstorf,49406,Barnstorf,Rudolf-Diesel-Straße,2,8.494448,52.699741,828.000,828.000,2025-01-27,,2024-06-25,Lithium-Batterie,Batterie,Speicher,SSE981148052574,1344.000
SEE948838495004,Speicher 4,ABR944647310927,In Betrieb,Deutschland,Niedersachsen,Diepholz,Barnstorf,49406,Barnstorf,Rudolf-Diesel-Straße,2,8.494448,52.699741,828.000,828.000,2025-01-27,,2024-06-25,Lithium-Batterie,Batterie,Speicher,SSE923360910218,1344.000
SEE924231530399,Speicher 1,ABR944647310927,In Betrieb,Deutschland,Niedersachsen,Diepholz,Barnstorf,49406,Barnstorf,Rudolf-Diesel-Straße,2,8.494448,52.699741,828.000,828.000,2025-01-27,,2024-06-25,Lithium-Batterie,Batterie,Speicher,SSE936249391435,1344.000
SEE901271534327,Speicher Waldzimmern SJS GbR,ABR971623325194,In Betrieb,Deutschland,Baden-Württemberg,Hohenlohekreis,Niedernhall,74676,Niedernhall,Am Käppele,4,9.629812,49.266781,100.000,100.000,2025-01-28,,2024-12-02,Lithium-Batterie,Batterie,Speicher,SSE952751302929,240.000
SEE939552770706,BREMEN_PC1,ABR948343575833,In Betrieb,Deutschland,Bremen,Bremen,Bremen,28237,Bremen,Gröpelinger Fährweg,4,8.751515,53.110553,640.000,640.000,2025-01-29,,2024-10-07,Lithium-Batterie,Batterie,Speicher,SSE930412011601,1000.000
SEE913084816262,Stromspeicher TesV Betrieb,ABR905353134238,In Betrieb,Deutschland,Hamburg,Hamburg,Hamburg,21129,Hamburg,Nincoper Straße,18,9.821581,53.512864,100.000,90.000,2025-01-29,,2025-01-27,Lithium-Batterie,Batterie,Speicher,SSE939808561577,160.000
SEE916272567144,Stromspeicher-12.2025,ABR926455242782,In Betrieb,Deutschland,Hessen,Main-Kinzig-Kreis,Biebergemünd,63599,Biebergemünd,Wirtheimer Straße,17,9.270905,50.215673,324.000,324.000,2025-01-30,,2025-01-27,Lithium-Batterie,Batterie,Speicher,SSE938057993573,645.000
SEE952700506446,ChargeFarm Speicher - Energiepark Schäftlarn,ABR993416198099,In Planung,Deutschland,Bayern,München,Schäftlarn,82069,Hohenschäftlarn,,,11.429610,47.995310,2236.000,1290.000,2025-01-30,2026-05-31,,Lithium-Batterie,Batterie,Speicher,SSE926443777500,4472.000
SEE997691650815,Speicher,ABR933549407934,In Betrieb,Deutschland,Baden-Württemberg,Biberach,Warthausen,88447,Warthausen,Bogenwiesen,1,9.795924,48.143509,120.000,120.000,2025-01-30,,2025-01-29,Lithium-Batterie,Batterie,Speicher,SSE999051372320,270.000
SEE901401072729,Big Battery Oberlausitz,ABR932926516955,In Planung,Deutschland,Sachsen,Görlitz,Boxberg/O.L.,02943,Boxberg,Am Kraftwerk,1,14.567034,51.419203,100000.000,100000.000,2025-01-31,2026-12-31,,Lithium-Batterie,Batterie,Speicher,SSE969074224944,137000.000
SEE918983654779,Speicher PV-Anlage Kläranlage,ABR995993355223,In Betrieb,Deutschland,Bayern,Kelheim,Langquaid,84085,Langquaid,Alte Schulstraße,19,12.095499,48.830761,100.000,100.000,2025-01-31,,2025-01-30,Lithium-Batterie,Batterie,Speicher,SSE999076202022,193.600
SEE909289372214,Lohemilch,ABR910895086426,In Betrieb,Deutschland,Niedersachsen,Stade,Hammah,21714,Hammah,An der Lohe,7,9.362685,53.618195,264.000,264.000,2025-01-31,,2026-03-17,Lithium-Batterie,Batterie,Speicher,SSE919382569831,320.000
SEE944939544504,Speicher Tesvolt,ABR993509820111,In Betrieb,Deutschland,Baden-Württemberg,Alb-Donau-Kreis,Ehingen (Donau),89584,Ehingen,Weidach,9,9.722723,48.264720,400.000,400.000,2025-02-03,,2025-01-21,Lithium-Batterie,Batterie,Speicher,SSE906137743882,640.000
SEE948466841679,FRANKFURT_PC1,ABR948343575833,In Betrieb,Deutschland,Hessen,Frankfurt am Main,Frankfurt am Main,60386,Frankfurt,Orber Straße,4 a,8.755759,50.131544,640.000,640.000,2025-02-04,,2024-02-06,Lithium-Batterie,Batterie,Speicher,SSE968507470576,1000.000
SEE954252697900,W2_Powergrid_1,ABR978248396691,In Planung,Deutschland,Baden-Württemberg,Bodenseekreis,Friedrichshafen,88048,Friedrichshafen,Domänenstraße,44,9.428673,47.663471,3800.000,3800.000,2025-02-05,2027-09-01,,Lithium-Batterie,Batterie,Speicher,SSE985657020116,4472.400
SEE937492609568,Speicher,ABR951218329035,In Planung,Deutschland,Brandenburg,Oberhavel,Hennigsdorf,16761,Hennigsdorf,Am Alten Walzwerk,2,13.211213,52.646370,552.000,552.000,2025-02-05,2025-03-31,,Lithium-Batterie,Batterie,Speicher,SSE947989491408,492.000
SEE914501164539,Batterie,ABR967786713350,In Betrieb,Deutschland,Rheinland-Pfalz,Mainz-Bingen,Dexheim,55278,Dexheim,Dalheimer Straße,70,8.308576,49.840874,276.000,276.000,2025-02-06,,2025-01-29,Lithium-Batterie,Batterie,Speicher,SSE963777329302,435.000
SEE924290691406,Petzenbach Speicher 1,ABR922973028617,In Planung,Deutschland,Bayern,Dingolfing-Landau,Eichendorf,94428,Eichendorf,Petzenbach,,12.879511,48.619784,1500.000,1500.000,2025-02-08,2026-08-01,,Nickel-Cadmium- / Nickel-Metallhydridbatterie,Batterie,Speicher,SSE969179619140,3664.800
SEE910428050481,Großbatteriespeicher Nersingen,ABR988410854447,In Planung,Deutschland,Bayern,Neu-Ulm,Nersingen,89278,Nersingen,,,10.110850,48.421320,10000.000,10000.000,2025-02-11,2026-02-11,,Lithium-Batterie,Batterie,Speicher,SSE948754174281,20000.000
SEE969925691253,Industriestromspeicher Chammünster Süd,ABR988553867670,In Betrieb,Deutschland,Bayern,Cham,Cham,93413,Cham,Gewerbepark Chammünster Süd,2,12.679005,49.205598,736.000,736.000,2025-07-22,,2025-02-28,Lithium-Batterie,Batterie,Speicher,SSE915832061962,1288.000
SEE905120862159,Großbatteriespeicher Lauben,ABR962767237566,In Planung,Deutschland,Bayern,Unterallgäu,Lauben,87761,Lauben,,,10.289140,48.065030,10080.000,10080.000,2025-02-11,2027-12-31,,Lithium-Batterie,Batterie,Speicher,SSE962566580559,20060.000
SEE929971866050,Großbatteriespeicher Illertissen,ABR962767237566,In Planung,Deutschland,Bayern,Neu-Ulm,Auwald,89257,Illertissen,,,10.081510,48.228810,10080.000,10080.000,2025-02-11,2025-12-31,,Lithium-Batterie,Batterie,Speicher,SSE964317102676,20060.000
SEE903493941488,Großbatteriespeicher Illertissen,ABR962767237566,In Planung,Deutschland,Bayern,Neu-Ulm,Auwald,89257,Illertissen,,,10.080870,48.225100,10080.000,10080.000,2025-02-11,2025-12-31,,Lithium-Batterie,Batterie,Speicher,SSE903353375798,20060.000
SEE988375252012,Großbatteriespeicher Nersingen,ABR962767237566,In Planung,Deutschland,Bayern,Neu-Ulm,Nersingen,89278,Nersingen,,,10.114620,48.424240,10080.000,10080.000,2025-02-11,2025-12-31,,Lithium-Batterie,Batterie,Speicher,SSE926754339855,20060.000
SEE979588797124,Großbatteriespeicher Untereichen,ABR962767237566,In Planung,Deutschland,Bayern,Neu-Ulm,Altenstadt,89281,Altenstadt,,,10.098780,48.172600,10080.000,10080.000,2025-02-11,2025-12-31,,Lithium-Batterie,Batterie,Speicher,SSE946120217037,20060.000
SEE920822203574,Großbatteriespeicher Burgau,ABR962767237566,In Planung,Deutschland,Bayern,Günzburg,Burgau,89331,Burgau,,,10.429340,48.423370,10080.000,10080.000,2025-02-11,2025-12-31,,Lithium-Batterie,Batterie,Speicher,SSE993671640272,20060.000
SEE964433486438,Großbatteriespeicher Bubesheim,ABR962767237566,In Planung,Deutschland,Bayern,Günzburg,Bubesheim,89347,Bubesheim,,,10.249260,48.425480,10080.000,10080.000,2025-02-11,2025-12-31,,Lithium-Batterie,Batterie,Speicher,SSE930715806898,20060.000
SEE949756550103,Großbatteriespeicher Höchstädt,ABR962767237566,In Planung,Deutschland,Bayern,Dillingen a.d. Donau,Höchstädt a.d. Donau,89420,Höchstädt,,,10.570790,48.605850,10080.000,10080.000,2025-02-11,2025-12-31,,Lithium-Batterie,Batterie,Speicher,SSE910120083787,20060.000
SEE983528455999,Großbatteriespeicher Heimertingen,ABR962767237566,In Planung,Deutschland,Bayern,Unterallgäu,Heimertingen,87751,Heimertingen,,,10.153290,48.051910,10080.000,10080.000,2025-02-11,2025-12-31,,Lithium-Batterie,Batterie,Speicher,SSE982350398030,20060.000
SEE941998832306,Großbatteriespeicher Horgau,ABR962767237566,In Planung,Deutschland,Bayern,Augsburg,Horgau,86497,Horgau,,,10.676000,48.398020,10080.000,10080.000,2025-02-11,2025-12-31,,Lithium-Batterie,Batterie,Speicher,SSE955290655938,20060.000
SEE972325761129,Großbatteriespeicher Langerringen,ABR962767237566,In Planung,Deutschland,Bayern,Augsburg,Langerringen,86853,Langerringen,,,10.700200,48.099580,10080.000,10080.000,2025-02-12,2025-12-31,,Lithium-Batterie,Batterie,Speicher,SSE926257101706,20060.000
SEE933151681364,Dach Rinderstall,ABR944221642666,In Betrieb,Deutschland,Hessen,Wetteraukreis,Altenstadt,63674,Altenstadt,Zum Kerlesgrund,55,8.947116,50.292884,122.880,33.000,2025-02-12,,2024-11-29,Lithium-Batterie,Batterie,Speicher,SSE979548851804,61.440
SEE957244253771,KMW Hauptwerk,ABR943293443805,In Betrieb,Deutschland,Sachsen,Vogtlandkreis,Klingenthal,08248,Klingenthal,Markneukirchner Straße,81,12.449819,50.355327,125.000,125.000,2025-02-12,,2025-02-06,Lithium-Batterie,Batterie,Speicher,SSE984147389115,261.000
SEE981421770027,Speicher SE Solutions Müssinger Straße,ABR993682640575,In Betrieb,Deutschland,Nordrhein-Westfalen,Warendorf,Warendorf,48231,Warendorf,Müssinger Straße,1,7.971121,51.952287,100.000,100.000,2025-02-13,,2025-02-09,Lithium-Batterie,Batterie,Speicher,SSE957498867410,129.000
SEE939848044306,SMA_Powerstation Batterieanlage,ABR981501008910,In Betrieb,Deutschland,Niedersachsen,Braunschweig,Braunschweig,38110,Braunschweig,Gerhard-Borchers-Straße,1,10.536700,52.316479,1000.000,1000.000,2025-02-13,,2025-02-13,Lithium-Batterie,Batterie,Speicher,SSE947839162205,1000.000
SEE941340244788,Großbatteriespeicher Irsingen,ABR962767237566,In Planung,Deutschland,Bayern,Unterallgäu,Türkheim,86842,Türkheim,,,10.637560,48.026110,20160.000,20160.000,2025-02-14,2025-12-31,,Lithium-Batterie,Batterie,Speicher,SSE940224614051,40120.000
SEE958262376688,Großbatteriespeicher Irsingen,ABR962767237566,In Planung,Deutschland,Bayern,Unterallgäu,Türkheim,86842,Türkheim,,,10.639770,48.027840,25200.000,25200.000,2025-02-14,2025-12-31,,Lithium-Batterie,Batterie,Speicher,SSE960389743229,50150.000
SEE935898651709,Großbatteriespeicher,ABR962767237566,In Planung,Deutschland,Bayern,Unterallgäu,Türkheim,86842,Türkheim,,,10.642550,48.029170,30240.000,30240.000,2025-02-14,2025-12-31,,Lithium-Batterie,Batterie,Speicher,SSE996774597856,60180.000
SEE968966886543,Speicher Ostseecamp,ABR962763878718,In Betrieb,Deutschland,Schleswig-Holstein,Ostholstein,Scharbeutz,23683,Scharbeutz,Bormwiese,1,10.730410,54.055070,430.000,216.000,2025-02-26,,2025-02-20,Lithium-Batterie,Batterie,Speicher,SSE915166552358,82.800
SEE979913375829,Batteriespeicher Kläranlage Hünfeld,ABR966732386419,In Betrieb,Deutschland,Hessen,Fulda,Hünfeld,36088,Hünfeld,Breitzbacher Weg,,9.754915,50.681164,535.000,535.000,2025-02-18,,2025-01-21,Lithium-Batterie,Batterie,Speicher,SSE993918093113,1390.000
SEE936145920623,WP Häusern Speicher,ABR986645205263,In Betrieb,Deutschland,Baden-Württemberg,Waldshut,Häusern,79837,Häusern,,,8.176970,47.758740,2300.000,2300.000,2025-02-19,,2024-12-13,Lithium-Batterie,Batterie,Speicher,SSE922615269132,4600.000
SEE956954085191,Walheim Speicher,ABR915068942295,In Betrieb,Deutschland,Baden-Württemberg,Ludwigsburg,Walheim,74399,Walheim,Mühlstraße,,9.159500,49.015611,100.000,100.000,2025-02-19,,2025-01-01,Lithium-Batterie,Batterie,Speicher,SSE933647574149,120.000
SEE960456931061,Graustromspeicher Taiting II,ABR993403842417,In Planung,Deutschland,Bayern,Aichach-Friedberg,Dasing,86453,Dasing,,,11.036241,48.396954,2400.000,2400.000,2025-02-20,2026-06-01,,Lithium-Batterie,Batterie,Speicher,SSE990354456021,5000.000
SEE947987417462,Batteriespeicher Michelau,ABR950361345398,In Betrieb,Deutschland,Bayern,Lichtenfels,Michelau i. OFr.,96247,Michelau,Bahnhofstraße,21,11.116350,50.156900,405.000,405.000,2025-02-21,,2024-11-15,Lithium-Batterie,Batterie,Speicher,SSE935997222275,1109.000
SEE962311804787,Großbatteriespeicher Schwenningen,ABR962767237566,In Planung,Deutschland,Bayern,Dillingen a.d. Donau,Schwenningen,89443,Schwenningen,,,10.648700,48.633040,20160.000,20160.000,2025-02-24,2025-12-31,,Lithium-Batterie,Batterie,Speicher,SSE942652826181,40120.000
SEE944683273552,PV-Batterie Wittekind Gymnasium,ABR964593176583,In Betrieb,Deutschland,Nordrhein-Westfalen,Minden-Lübbecke,Lübbecke,32312,Lübbecke,Ziegeleiweg,14,8.622635,52.302527,175.000,100.000,2025-02-24,,2025-02-21,Lithium-Batterie,Batterie,Speicher,SSE993771832256,175.000
SEE960836954925,Nüßing GmbH,ABR947682661221,In Betrieb,Deutschland,Nordrhein-Westfalen,Gütersloh,Verl,33415,Verl,Aluminiumstraße,1,8.464883,51.877064,100.000,100.000,2025-02-24,,2024-06-26,Lithium-Batterie,Batterie,Speicher,SSE900369356575,160.000
SEE962669292434,Speicher_Studienhaus_Grafschaft,ABR988773511315,In Betrieb,Deutschland,Rheinland-Pfalz,Ahrweiler,Grafschaft,53501,Grafschaft,Graf-Blankard-Straße,12-22,7.104805,50.554726,100.000,100.000,2025-02-25,,2025-03-24,Lithium-Batterie,Batterie,Speicher,SSE958898904323,66.240
SEE921068308450,Speicher Tangermünde,ABR989495737847,In Betrieb,Deutschland,Sachsen-Anhalt,Stendal,Tangermünde,39590,Tangermünde,Langensalzwedeler Weg,9,11.967276,52.569684,15800.000,15800.000,2025-02-25,,2024-11-11,Lithium-Batterie,Batterie,Speicher,SSE916230550683,31600.000
SEE962962813954,656kWh - TB,ABR939171537148,In Betrieb,Deutschland,Niedersachsen,Diepholz,Drebber,49457,Drebber,In der Osterwöhrde,1,8.431873,52.651271,704.000,704.000,2025-08-11,,2025-08-11,Lithium-Batterie,Batterie,Speicher,SSE958382759095,656.000
SEE988380197452,Batterie-Speicher-System,ABR981932671356,In Betrieb,Deutschland,Mecklenburg-Vorpommern,Vorpommern-Rügen,Pantelitz,18442,Pantelitz,Lindenstr.,20,12.971483,54.297970,176.000,176.000,2025-02-27,,2025-02-14,Lithium-Batterie,Batterie,Speicher,SSE971597067229,196.000
SEE922296644211,Speicher Rieda,ABR915286122073,In Planung,Deutschland,Sachsen-Anhalt,Anhalt-Bitterfeld,Zörbig,06780,Zörbig,,,12.074705,51.602765,6800.000,6800.000,2025-02-27,2028-02-01,,Lithium-Batterie,Batterie,Speicher,SSE963796219240,13700.000
SEE956467788275,Großspeicher,ABR973893381917,In Betrieb,Deutschland,Nordrhein-Westfalen,Steinfurt,Lienen,49536,Lienen,Mühlenweg,1,7.905715,52.110952,100.000,100.000,2025-02-28,,2025-01-15,Lithium-Batterie,Batterie,Speicher,SSE999777954343,217.900
SEE920867421032,Körber Pharma Inspection Speicher,ABR916509079921,In Betrieb,Deutschland,Bayern,Ebersberg,Markt Schwaben,85570,Markt Schwaben,Lilienthalstraße,8,11.853920,48.194837,210.300,210.300,2025-02-28,,2025-02-18,Lithium-Batterie,Batterie,Speicher,SSE998045886584,324.000
SEE904850273822,BESS Zixdorf,ABR932267201930,In Betrieb,Deutschland,Brandenburg,Potsdam-Mittelmark,Rabenstein/Fläming,14823,Zixdorf,,,12.677072,52.022817,110.000,110.000,2025-03-03,,2025-02-20,Lithium-Batterie,Batterie,Speicher,SSE974573917389,160.000
SEE960393507862,Speicher Container,ABR906123816941,In Betrieb,Deutschland,Sachsen,Mittelsachsen,Hartha,04746,Hartha,Sonnenstraße,31,12.977882,51.092704,179.200,179.200,2025-03-03,,2024-10-19,Lithium-Batterie,Batterie,Speicher,SSE997451711985,350.000
SEE904977691752,Scharf OHG 0-Einspeisung Batterie,ABR990418563740,In Betrieb,Deutschland,Bayern,Erding,Fraunberg,85447,Fraunberg,An der Erdinger Straße,1,11.956134,48.347626,180.000,180.000,2025-04-28,,2025-03-17,Lithium-Batterie,Batterie,Speicher,SSE914808699819,540.000
SEE973606398058,Gigahertz GmbH - Outdoor-Batterie 1,ABR950625065208,In Betrieb,Deutschland,Baden-Württemberg,Karlsruhe,Forst,76694,Forst,Hermann-von-Rautenkranz-Straße,1,8.578543,49.159327,150.000,150.000,2025-10-14,,2025-10-13,Lithium-Batterie,Batterie,Speicher,SSE995681240190,300.000
SEE954443424087,Erweiterung 2024 Speicher,ABR993009179351,In Betrieb,Deutschland,Hamburg,Hamburg,Hamburg,21079,Hamburg,Moorburger Elbdeich,399,9.896215,53.498858,100.000,100.000,2025-03-06,,2025-02-19,Lithium-Batterie,Batterie,Speicher,SSE931332291005,160.000
SEE984306445164,Speicher Wollomoos,ABR958060585749,In Planung,Deutschland,Bayern,Dachau,Altomünster,85250,Altomünster,,,11.189560,48.399970,6800.000,6800.000,2025-03-06,2028-02-01,,Lithium-Batterie,Batterie,Speicher,SSE961984214336,13610.000
SEE919027890450,Speicher,ABR981768272956,In Betrieb,Deutschland,Thüringen,Erfurt,Erfurt,99092,Erfurt,Witterdaer Weg,3,11.006009,50.978498,100.000,100.000,2025-03-07,,2025-03-06,Lithium-Batterie,Batterie,Speicher,SSE957000292563,153.000
SEE999175519960,Solaranlage Erweiterung,ABR919950269071,In Betrieb,Deutschland,Rheinland-Pfalz,Speyer,Speyer,67346,Speyer,Industriestraße,17,8.447730,49.304745,100.000,100.000,2025-03-07,,2023-12-01,Lithium-Batterie,Batterie,Speicher,SSE981072159158,166.000
SEE927468255394,BESS Fischbach,ABR987142862492,In Betrieb,Deutschland,Bayern,Kronach,Kronach,96317,Kronach,,,11.385010,50.225311,5500.000,5500.000,2025-07-21,,2025-07-18,Lithium-Batterie,Batterie,Speicher,SSE918809409798,11000.000
SEE982402060380,PV-Anlage Sonderpädagogisches Förderzentrum Kösching,ABR933709267217,In Betrieb,Deutschland,Bayern,Eichstätt,Kösching,85092,Kösching,Ingolstädter Straße,3,11.495810,48.810342,144.000,144.000,2025-09-25,,2025-09-15,Lithium-Batterie,Batterie,Speicher,SSE977534376072,144.000
SEE969402572525,BESS_Klevenow,ABR949076866342,In Planung,Deutschland,Mecklenburg-Vorpommern,Vorpommern-Rügen,Süderholz,18516,Süderholz,,,13.054327,54.074639,25000.000,25000.000,2025-03-11,2027-01-01,,Lithium-Batterie,Batterie,Speicher,SSE909430049446,50000.000
SEE932517266092,BESS_Werle,ABR941615518163,In Planung,Deutschland,Mecklenburg-Vorpommern,Rostock,Kassow,18258,Kassow,,,12.081012,53.879435,25000.000,25000.000,2025-03-11,2027-01-01,,Lithium-Batterie,Batterie,Speicher,SSE978515301946,50000.000
SEE945707098120,SK-Solar Lütke Feld 15_2025_Speicher,ABR953121760554,In Betrieb,Deutschland,Nordrhein-Westfalen,Coesfeld,Havixbeck,48329,Havixbeck,Lütke Feld,15,7.425498,51.965091,108.000,108.000,2025-03-11,,2025-01-13,Lithium-Batterie,Batterie,Speicher,SSE922244222201,215.000
SEE929812973206,BESS Pakendorf/Jütrichau,ABR975436196279,In Betrieb,Deutschland,Sachsen-Anhalt,Anhalt-Bitterfeld,Zerbst/Anhalt,39264,Jütrichau,,,12.104980,51.913466,3000.000,3000.000,2026-02-16,,2026-02-06,Lithium-Batterie,Batterie,Speicher,SSE951919540302,6096.000
SEE921449622304,KAN641808,ABR907921669401,In Betrieb,Deutschland,Sachsen,Vogtlandkreis,Markneukirchen,08258,Markneukirchen,Gewerbepark,46,12.336730,50.316909,900.000,900.000,2025-04-14,,2025-04-04,Lithium-Batterie,Batterie,Speicher,SSE943895126748,1634.000
SEE997823302629,Batterieanlage Werneuchen,ABR918399699449,In Planung,Deutschland,Brandenburg,Barnim,Werneuchen,16356,Werneuchen,,,13.666243,52.591495,10000.000,10000.000,2025-03-14,2025-03-31,,Lithium-Batterie,Batterie,Speicher,SSE967446353841,20000.000
SEE968839349878,Batteriespeicher Neubau,ABR900576436602,In Planung,Deutschland,Hessen,Rheingau-Taunus-Kreis,Oestrich-Winkel,65375,Oestrich-Winkel,Schloß Vollrads,1 ,7.995588,50.013997,240.000,240.000,2025-03-16,2025-03-28,,Lithium-Batterie,Batterie,Speicher,SSE900696559250,220.000
SEE971028502831,Batteriespeicher Rieste Meppener Str,ABR939800988914,In Betrieb,Deutschland,Niedersachsen,Osnabrück,Rieste,49597,Rieste,Meppener Straße,2,8.053713,52.482671,400.000,400.000,2025-03-17,,2025-03-17,Lithium-Batterie,Batterie,Speicher,SSE959306209382,640.000
SEE909817813806,"Speicher -Anlage 1, Fa. Schorch – 235 kWh",ABR931076875899,In Betrieb,Deutschland,Nordrhein-Westfalen,Mönchengladbach,Mönchengladbach,41238,Mönchengladbach,Breite Straße,131,6.452970,51.180080,110.000,110.000,2025-03-17,,2025-03-03,Lithium-Batterie,Batterie,Speicher,SSE900613012912,235.000
SEE921320372496,Speicher Batterie100 Marbach am Neckar,ABR915068942295,In Planung,Deutschland,Baden-Württemberg,Ludwigsburg,Marbach am Neckar,71672,Marbach,Thomas-Alva-Edison-Ring,6,9.230220,48.926900,100000.000,100000.000,2025-03-18,2026-12-31,,Lithium-Batterie,Batterie,Speicher,SSE981325618128,100000.000
SEE987046348528,Speicher Stuttgart-Münster,ABR915068942295,In Planung,Deutschland,Baden-Württemberg,Stuttgart,Stuttgart,70376,Stuttgart,Voltastraße,45,9.224607,48.817362,9730.000,9730.000,2025-03-18,2025-06-30,,Lithium-Batterie,Batterie,Speicher,SSE901589415530,13410.000
SEE972827452136,Dachanlage,ABR956772387910,In Betrieb,Deutschland,Bayern,Fürstenfeldbruck,Fürstenfeldbruck,82256,Fürstenfeldbruck,Am Fuchsbogen,9,11.222904,48.163127,119.600,119.600,2025-03-19,,2024-09-30,Lithium-Batterie,Batterie,Speicher,SSE948492389909,115.660
SEE967459235615,BESS_Sabel,ABR970023203286,In Planung,Deutschland,Mecklenburg-Vorpommern,Rostock,Hohen Sprenz,18299,Hohen Sprenz,,,12.181939,53.933060,210000.000,210000.000,2025-03-20,2027-01-01,,Lithium-Batterie,Batterie,Speicher,SSE981904729894,1000000.000
SEE945139252978,Energiespeicher KA-Oebisfelde,ABR989311342750,In Betrieb,Deutschland,Sachsen-Anhalt,Börde,Oebisfelde-Weferlingen,39646,Oebisfelde,Zum Klärwerk,5 A,10.984546,52.444429,100.000,100.000,2025-03-20,,2025-02-17,Lithium-Batterie,Batterie,Speicher,SSE925898448119,160.000
SEE928418200631,SKDD-Stromspeicher-Friedrichstadt,ABR961641445394,In Betrieb,Deutschland,Sachsen,Dresden,Dresden,01067,Dresden,Friedrichstrasse,41,13.719525,51.057800,300.000,300.000,2025-03-20,,2022-07-07,Lithium-Batterie,Batterie,Speicher,SSE981535586255,438.000
SEE941869606388,BESS_Bentwisch,ABR926222717024,In Planung,Deutschland,Mecklenburg-Vorpommern,Rostock,Bentwisch,18182,Bentwisch,,,12.214034,54.108729,150000.000,150000.000,2025-03-21,2027-01-01,,Lithium-Batterie,Batterie,Speicher,SSE975259706587,300000.000
SEE911524940737,Speicher Besucherparkplatz Luisenburgfestspiele,ABR946080368961,In Betrieb,Deutschland,Bayern,Wunsiedel i. Fichtelgebirge,Wunsiedel,95632,Wunsiedel,Luisenburg,1,11.991642,50.013308,200.000,200.000,2025-03-24,,2025-02-14,Lithium-Batterie,Batterie,Speicher,SSE927700996139,400.000
SEE991039363757,Gersthofen BS1,ABR921440481122,In Betrieb,Deutschland,Bayern,Augsburg,Gersthofen,86368,Gersthofen,Adolf-von-Baeyer-Straße,1,10.884260,48.449329,12520.000,12520.000,2025-09-10,,2025-06-02,Lithium-Batterie,Batterie,Speicher,SSE973090689571,12140.000
SEE908728930466,QWB COE Batterie,ABR915392228539,In Betrieb,Deutschland,Nordrhein-Westfalen,Coesfeld,Coesfeld,48653,Coesfeld,Letter Bruch,13,7.121261,51.867997,644.000,644.000,2025-04-28,,2025-04-28,Lithium-Batterie,Batterie,Speicher,SSE909793553666,1266.000
SEE943624506292,Gewerbespeicher,ABR913380972341,In Planung,Deutschland,Niedersachsen,Diepholz,Drentwede,49406,Drentwede,Rüstingen,10,8.569974,52.753800,1840.000,1840.000,2025-03-26,2026-12-31,,Lithium-Batterie,Batterie,Speicher,SSE992799644674,3680.000
SEE951614705440,Speicher SE Solutions Überschusseinspeiser,ABR952264742663,In Betrieb,Deutschland,Nordrhein-Westfalen,Warendorf,Oelde,59302,Oelde,Linzel,19,8.252457,51.787099,100.000,100.000,2025-03-26,,2025-02-20,Lithium-Batterie,Batterie,Speicher,SSE929122479313,129.000
SEE908532778407,Preckel Automobile GmbH - Geldern - PV Anlage,ABR954718454474,In Betrieb,Deutschland,Nordrhein-Westfalen,Kleve,Geldern,47608,Geldern,Weseler Straße,144,6.345920,51.522051,233.000,100.000,2025-03-27,,2025-03-14,Lithium-Batterie,Batterie,Speicher,SSE956936503224,209.700
SEE945253223496,Stromspeicher Dietzenbach,ABR936841499218,In Betrieb,Deutschland,Hessen,Offenbach,Dietzenbach,63128,Dietzenbach,Gottlieb-Daimler-Straße,14,8.805370,50.021385,108.000,108.000,2025-08-28,,2025-08-21,Lithium-Batterie,Batterie,Speicher,SSE926451908491,215.000
SEE933114764769,Großenaspe A7,ABR903160560455,In Planung,Deutschland,Schleswig-Holstein,Segeberg,Fuhlendorf,24649,Fuhlendorf,,,9.949065,53.963017,6667.000,4800.000,2025-03-28,2027-03-03,,Lithium-Batterie,Batterie,Speicher,SSE912115765388,20000.000
SEE969901278188,Speicher,ABR970654365766,In Planung,Deutschland,Niedersachsen,Leer,Filsum,26849,Filsum,,,7.663947,53.247595,2000.000,2000.000,2025-03-29,2026-09-01,,Lithium-Batterie,Batterie,Speicher,SSE944328131421,4000.000
SEE983488937429,BESS - Inno Energiepark Rohrbach,ABR952730231028,In Planung,Deutschland,Bayern,Pfaffenhofen a.d. Ilm,Rohrbach,85296,Rohrbach,,,11.520430,48.623460,10000.000,10000.000,2025-03-31,2027-04-30,,Lithium-Batterie,Batterie,Speicher,SSE984233518726,40120.000
SEE995069831668,Speicher Milkersdorf,ABR957124676058,In Betrieb,Deutschland,Brandenburg,Spree-Neiße,Kolkwitz,03099,Kolkwitz,Schloßstraße,33,14.168110,51.782910,100.000,100.000,2026-04-14,,2025-12-18,Lithium-Batterie,Batterie,Speicher,SSE915457257580,193.500
SEE993699031472,Batteriespeicher Tibo Photovoltaik Gottesgabe GmbH ＆ Co. KG,ABR989575879061,In Planung,Deutschland,Brandenburg,Märkisch-Oderland,Neuhardenberg,15320,Neuhardenberg,,,14.121038,52.384800,3500.000,3500.000,2025-04-01,2026-12-31,,Lithium-Batterie,Batterie,Speicher,SSE919804549366,7000.000
SEE921529631929,Kettenheim BESS,ABR913828044937,In Planung,Deutschland,Rheinland-Pfalz,Alzey-Worms,Kettenheim,55234,Kettenheim,,,8.137608,49.721816,10000.000,10000.000,2025-04-01,2027-06-01,,Lithium-Batterie,Batterie,Speicher,SSE916717283493,28269.000
SEE992944761270,PV-Anlage - Moselstraße 10-16,ABR914306497276,In Betrieb,Deutschland,Nordrhein-Westfalen,Rhein-Sieg-Kreis,Niederkassel,53859,Niederkassel,Moselstraße,10,7.057921,50.776953,134.000,120.000,2025-08-19,,2025-08-19,Lithium-Batterie,Batterie,Speicher,SSE955355968669,134.000
SEE926601790327,Batteriespeicher,ABR917399798121,In Betrieb,Deutschland,Niedersachsen,Leer,Leer (Ostfriesland),26789,Leer,Zinnstraße,21,7.424714,53.266463,736.000,736.000,2025-07-04,,2024-09-14,Lithium-Batterie,Batterie,Speicher,SSE971067609195,1312.000
SEE914187288024,Batteriespeicher Photovoltaik Tibo Solar Oderland,ABR992400909772,In Planung,Deutschland,Brandenburg,Märkisch-Oderland,Märkische Höhe,15377,Märkische Höhe,,,14.142348,52.629221,8000.000,8000.000,2025-04-02,2026-12-31,,Lithium-Batterie,Batterie,Speicher,SSE912975247833,16000.000
SEE966769248636,Batteriespeicher Photovoltaik LAKO Angern,ABR934638879540,In Planung,Deutschland,Sachsen-Anhalt,Börde,Angern,39326,Angern,,,11.762349,52.350958,24000.000,24000.000,2025-04-02,2026-12-31,,Lithium-Batterie,Batterie,Speicher,SSE930950834656,48000.000
SEE943622225836,Kyon-29 Battery Storage,ABR927908209154,In Betrieb,Deutschland,Nordrhein-Westfalen,Hochsauerlandkreis,Arnsberg,59821,Arnsberg,,,8.076160,51.406795,8280.000,8280.000,2026-03-10,,2025-12-11,Lithium-Batterie,Batterie,Speicher,SSE907445997257,19800.000
SEE940901431742,Huawei Speicher,ABR947659432618,In Betrieb,Deutschland,Schleswig-Holstein,Schleswig-Flensburg,Eggebek,24852,Eggebek,Ginsterweg,2,9.373459,54.626923,100.000,100.000,2025-04-02,,2025-03-21,Lithium-Batterie,Batterie,Speicher,SSE911339906164,6.900
SEE911001268972,Speicher,ABR921827058220,In Betrieb,Deutschland,Mecklenburg-Vorpommern,Ludwigslust-Parchim,Göhlen,19288,Göhlen,Straße der Jugend,3 a,11.371125,53.308977,150.000,150.000,2025-04-03,,2025-04-02,Lithium-Batterie,Batterie,Speicher,SSE971386150996,300.000
SEE959344367174,Speicher Allwatt,ABR938664968841,In Betrieb,Deutschland,Baden-Württemberg,Böblingen,Grafenau,71120,Grafenau,Bertha-Benz-Straße,6,8.922572,48.713697,270.000,270.000,2025-04-03,,2024-07-01,Lithium-Batterie,Batterie,Speicher,SSE969196210436,132.000
SEE946512874428,PVA-7＆8 Baterie - BAB,ABR913916565160,In Betrieb,Deutschland,Hessen,Darmstadt-Dieburg,Babenhausen,64832,Babenhausen,Edmund-Lang-Straße,30 A,8.957321,49.949717,184.000,184.000,2025-04-04,,2025-03-24,Lithium-Batterie,Batterie,Speicher,SSE952395496855,466.000
SEE948311385259,Stromspeicher-49.2025,ABR964264193284,In Betrieb,Deutschland,Hessen,Wetteraukreis,Altenstadt,63674,Altenstadt,Heegwaldstraße,22,8.974700,50.276113,100.000,100.000,2025-04-07,,2025-03-31,Lithium-Batterie,Batterie,Speicher,SSE905264393168,129.000
SEE990001531392,Voltfang Speicheranlage 180kw,ABR966277866568,In Betrieb,Deutschland,Baden-Württemberg,Schwäbisch Hall,Untermünkheim,74547,Untermünkheim,Am Richtbach,12,9.710360,49.179145,180.000,100.000,2025-04-07,,2024-11-01,Lithium-Batterie,Batterie,Speicher,SSE997618314240,180.000
SEE947267685758,DDLBS,ABR919351275183,In Betrieb,Deutschland,Bayern,Neumarkt i.d. OPf.,Postbauer-Heng,92353,Postbauer-Heng,Gewerbegebiet Ost,15 d,11.361747,49.301534,107.000,100.000,2025-08-26,,2025-08-26,Lithium-Batterie,Batterie,Speicher,SSE946445073714,215.000
SEE941637512859,BESS Putzbrunn - InnoAus,ABR924853681547,In Planung,Deutschland,Bayern,München,Putzbrunn,85640,Putzbrunn,,,11.719207,48.067128,1247.000,1247.000,2025-04-08,2026-12-15,,Lithium-Batterie,Batterie,Speicher,SSE939262753945,2500.000
SEE934064203216,BESS Maisach Ost - InnoAus,ABR987961514701,In Planung,Deutschland,Bayern,Fürstenfeldbruck,Maisach,82216,Maisach,,,11.242167,48.218013,1750.000,1750.000,2025-04-08,2026-11-30,,Lithium-Batterie,Batterie,Speicher,SSE967839014083,2100.000
SEE932060710219,Solarpark Westerode 1 - Batterie,ABR962391906036,In Planung,Deutschland,Niedersachsen,Goslar,Bad Harzburg,38667,Bad Harzburg,Schäferstieg,,10.556597,51.910432,1400.000,1400.000,2025-04-08,2026-09-01,,Lithium-Batterie,Batterie,Speicher,SSE960127067334,2800.000
SEE975589067112,Kyon-100 Battery Storage,ABR994860618744,In Planung,Deutschland,Schleswig-Holstein,Schleswig-Flensburg,Großenwiehe,24969,Großenwiehe,,,9.231799,54.682939,20000.000,20000.000,2025-04-09,2026-04-30,,Lithium-Batterie,Batterie,Speicher,SSE940842521717,46200.000
SEE954807594395,Kyon-42 Battery Storage,ABR960029253064,In Planung,Deutschland,Sachsen-Anhalt,Magdeburg,Magdeburg,39110,Magdeburg,,,11.561603,52.123979,57960.000,57960.000,2025-04-09,2026-10-31,,Lithium-Batterie,Batterie,Speicher,SSE983082250641,133790.000
SEE914862084439,Kyon-38 Battery Storage Ost,ABR907324430387,In Planung,Deutschland,Nordrhein-Westfalen,Euskirchen,Dahlem,53949,Dahlem,,,6.527243,50.387721,48570.000,48570.000,2025-04-10,2026-10-31,,Lithium-Batterie,Batterie,Speicher,SSE970695879314,98503.000
SEE997196953947,BESS Trading Hallbergmoos,ABR910091337148,In Betrieb,Deutschland,Bayern,Freising,Hallbergmoos,85399,Hallbergmoos,Ismaninger Straße,100,11.725315,48.336761,3000.000,3000.000,2025-10-30,,2025-10-29,Lithium-Batterie,Batterie,Speicher,SSE989182403147,6096.000
SEE941773957149,BESS Trading Obersöchering,ABR981246366290,In Betrieb,Deutschland,Bayern,Weilheim-Schongau,Obersöchering,82395,Obersöchering,,,11.213370,47.733653,3000.000,3000.000,2025-06-02,,2025-05-27,Lithium-Batterie,Batterie,Speicher,SSE975455418932,6096.000
SEE929503530374,Neue-Mitte,ABR907882557649,In Betrieb,Deutschland,Baden-Württemberg,Karlsruhe,Graben-Neudorf,76676,Graben-Neudorf,Eichendorffstraße,,8.488350,49.163740,1096.000,80.000,2025-04-09,,2023-05-25,Lithium-Batterie,Batterie,Speicher,SSE940712712764,160.000
SEE950105505293,Batteriespeicher,ABR933128959151,In Planung,Deutschland,Niedersachsen,Diepholz,Weyhe,28844,Weyhe,Im Bruch,62,8.848764,52.990153,184.000,184.000,2025-04-10,2025-08-31,,Sonstige Batterie,Batterie,Speicher,SSE999727501269,164.000
SEE976287162826,Speicher 2025 136 kWh,ABR972353773996,In Betrieb,Deutschland,Hessen,Hersfeld-Rotenburg,Bad Hersfeld,36251,Bad Hersfeld,Carl-Benz-Straße,2,9.722379,50.857461,100.000,100.000,2025-04-10,,2025-04-10,Lithium-Batterie,Batterie,Speicher,SSE968117455871,136.000
SEE952092447563,BESS_Gransee_klein,ABR951581837830,In Planung,Deutschland,Brandenburg,Oberhavel,Gransee,16775,Gransee,,,13.182066,53.013525,5000.000,5000.000,2025-04-10,2027-01-01,,Lithium-Batterie,Batterie,Speicher,SSE902963048962,10000.000
SEE957078902784,FFPVA Calvörde West InnoVA-Speicher,ABR913803785305,In Planung,Deutschland,Sachsen-Anhalt,Börde,Calvörde,39359,Calvörde,,,11.269810,52.388912,6372.000,6372.000,2025-04-10,2027-03-30,,Lithium-Batterie,Batterie,Speicher,SSE940976911538,20060.000
SEE930842265841,BESS Halle (Saale),ABR987292969263,In Betrieb,Deutschland,Sachsen-Anhalt,Halle (Saale),Halle (Saale),06116,Halle,,,12.017650,51.476366,11263.000,11263.000,2026-01-05,,2025-10-28,Lithium-Batterie,Batterie,Speicher,SSE954971037476,22811.000
SEE900289711263,9050 SP St. Georgen Brogen BESS,ABR990136809885,In Planung,Deutschland,Baden-Württemberg,Schwarzwald-Baar-Kreis,St. Georgen im Schwarzwald,78112,St. Georgen,,,8.339754,48.152942,2580.000,2580.000,2025-04-15,2026-06-01,,Lithium-Batterie,Batterie,Speicher,SSE964605693060,7440.000
SEE991482064027,Speicher Winterbach (RLP) - P22-252,ABR951994156597,In Planung,Deutschland,Rheinland-Pfalz,Südwestpfalz,Winterbach (Pfalz),66484,Winterbach,,,7.484940,49.312353,4000.000,4000.000,2025-04-30,2026-10-01,,Lithium-Batterie,Batterie,Speicher,SSE963139996135,8000.000
SEE953450151016,Speicher Rohrbach XI - P24-207,ABR959186997386,In Planung,Deutschland,Bayern,Pfaffenhofen a.d. Ilm,Rohrbach,85296,Rohrbach,,,11.510280,48.608570,2975.000,2975.000,2025-04-30,2026-10-01,,Lithium-Batterie,Batterie,Speicher,SSE994494526606,5950.000
SEE967961803142,Agri-Photovoltaik Bonndorf BESS,ABR945391943256,In Planung,Deutschland,Baden-Württemberg,Waldshut,Bonndorf im Schwarzwald,79848,Bonndorf,Auenhöfe,3,8.322221,47.828101,950.000,950.000,2025-04-15,2026-04-01,,Lithium-Batterie,Batterie,Speicher,SSE961212563731,2500.000
SEE932730411897,CEES200 Rastatt,ABR975024024380,In Betrieb,Deutschland,Baden-Württemberg,Rastatt,Rastatt,76437,Rastatt,Im Rheinfeld,5,8.188362,48.847628,100.000,100.000,2025-05-20,,2026-03-30,Lithium-Batterie,Batterie,Speicher,SSE991999041757,233.000
SEE989818794809,Speicher Jetzendorf - P22-513,ABR983762465167,In Planung,Deutschland,Bayern,Pfaffenhofen a.d. Ilm,Jetzendorf,85305,Jetzendorf,,,11.371111,48.443795,2500.000,2500.000,2025-04-30,2026-10-01,,Lithium-Batterie,Batterie,Speicher,SSE933594952663,5000.000
SEE925987328520,Speicher Ingolstadt VII - P24-309,ABR967592683113,In Planung,Deutschland,Bayern,Ingolstadt,Ingolstadt,85051,Ingolstadt,,,11.364930,48.714620,1350.000,1350.000,2025-04-30,2026-10-01,,Lithium-Batterie,Batterie,Speicher,SSE977377767679,2700.000
SEE945036905830,PVA Lippetal Speicher,ABR990943381901,In Betrieb,Deutschland,Nordrhein-Westfalen,Soest,Lippetal,59510,Lippetal,Breslauer Straße,3,8.047861,51.661760,432.000,432.000,2026-08-06,,2026-07-28,Lithium-Batterie,Batterie,Speicher,SSE917428502583,860.000
SEE912580321386,Pfaffenklinge Speicher,ABR996159873315,In Planung,Deutschland,Baden-Württemberg,Rems-Murr-Kreis,Weissach im Tal,71554,Weissach,,,9.486773,48.933949,10320.000,215.000,2025-08-25,2026-09-01,,Lithium-Batterie,Batterie,Speicher,SSE994274817443,20063.840
SEE932665417469,"MFA_Speichererweiterung 134,4 kWh",ABR967088716011,In Betrieb,Deutschland,Bayern,Neustadt a.d. Aisch-Bad Windsheim,Gutenstetten,91468,Gutenstetten,Am Bahnhof,2,10.632828,49.610128,120.000,120.000,2025-04-16,,2024-12-16,Lithium-Batterie,Batterie,Speicher,SSE905459945325,134.400
SEE998930227171,Agri-Photovoltaik Camino Adorf BESS,ABR931819733677,In Planung,Deutschland,Sachsen,Erzgebirgskreis,Neukirchen/Erzgeb.,09221,Neukirchen,,,12.869906,50.756339,1700.000,1700.000,2025-04-16,2026-04-01,,Lithium-Batterie,Batterie,Speicher,SSE995612834498,5000.000
SEE900552012332,Speicher,ABR936563142409,In Planung,Deutschland,Niedersachsen,Emsland,Twist,49767,Twist,,,7.172813,52.670506,3500.000,3500.000,2025-04-16,2026-08-01,,Lithium-Batterie,Batterie,Speicher,SSE965271774305,7200.000
SEE995648037771,Speicher Hilgertshausen-Tandern - P23-320,ABR964557926353,In Planung,Deutschland,Bayern,Dachau,Hilgertshausen-Tandern,86567,Hilgertshausen-Tandern,,,11.371111,48.443795,4150.000,4150.000,2025-04-30,2026-10-01,,Lithium-Batterie,Batterie,Speicher,SSE922117712471,8300.000
SEE909631699518,BESS Ohhof - InnoAuss,ABR958347571779,In Planung,Deutschland,Bayern,Freyung-Grafenau,Innernzell,94548,Innernzell,,,13.304630,48.851051,1350.000,1350.000,2025-04-16,2026-12-15,,Lithium-Batterie,Batterie,Speicher,SSE924304576569,2700.000
SEE963339488126,BESS Steinau,ABR983985332208,In Planung,Deutschland,Hessen,Fulda,Petersberg,36100,Petersberg,Wiesenweg,,9.724743,50.582537,2630.000,2630.000,2025-04-16,2026-09-01,,Lithium-Batterie,Batterie,Speicher,SSE902329695663,5260.000
SEE991120310776,Speicher Achstetten,ABR970895808169,In Planung,Deutschland,Baden-Württemberg,Biberach,Achstetten,88480,Achstetten,,,9.912765,48.265286,4420.000,4420.000,2025-04-16,2028-02-01,,Lithium-Batterie,Batterie,Speicher,SSE931572039313,8900.000
SEE932817881759,SP Kottgeisering vier Jauchert Speicher,ABR949581990631,In Planung,Deutschland,Bayern,Fürstenfeldbruck,Kottgeisering,82288,Kottgeisering,,,11.128430,48.127450,5200.000,5200.000,2025-04-17,2026-12-31,,Lithium-Batterie,Batterie,Speicher,SSE977153006824,10400.000
SEE901482444699,Stockstadt 2 Speicher,ABR925301753915,In Planung,Deutschland,Bayern,Aschaffenburg,Stockstadt a. Main,63811,Stockstadt,Seligenstädter Str.,,9.058087,49.993491,3000.000,3000.000,2025-04-17,2026-08-10,,Lithium-Batterie,Batterie,Speicher,SSE990012102659,20000.000
SEE926013503096,BESS Geisfeld,ABR988258427018,In Planung,Deutschland,Rheinland-Pfalz,Trier-Saarburg,Geisfeld,54413,Geisfeld,,,6.947585,49.694576,6700.000,6700.000,2025-04-29,2027-04-30,,Lithium-Batterie,Batterie,Speicher,SSE961384376443,17888.000
SEE915349102790,Batteriespeicher Waldmattensee,ABR924432964771,In Planung,Deutschland,Baden-Württemberg,Ortenaukreis,Lahr/Schwarzwald,77933,Lahr,Am Waldmattensee,11,7.801421,48.316075,2500.000,2500.000,2025-04-17,2025-09-01,,Lithium-Batterie,Batterie,Speicher,SSE975475633216,5015.000
SEE982314140088,PV_Speicher_Freyung,ABR928633909999,In Planung,Deutschland,Bayern,Freyung-Grafenau,Freyung,94078,Freyung,,,13.552918,48.801926,400.000,400.000,2025-04-18,2026-08-31,,Lithium-Batterie,Batterie,Speicher,SSE926391021991,900.000
SEE990823623190,EA-1724073 Westerkappeln Velpe,ABR950782991549,In Planung,Deutschland,Nordrhein-Westfalen,Steinfurt,Westerkappeln,49492,Westerkappeln,Industriestr.,1,7.861867,52.260619,6708.000,6708.000,2025-04-18,2026-08-01,,Sonstige Batterie,Batterie,Speicher,SSE959611081031,13416.000
SEE908241038649,PV_Speicher_Metten,ABR928633909999,In Planung,Deutschland,Bayern,Deggendorf,Metten,94526,Metten,,,12.888494,48.844523,850.000,850.000,2025-04-21,2026-03-31,,Lithium-Batterie,Batterie,Speicher,SSE963945619570,1700.000
SEE919762412092,Speicher Solarpark Großburgwedel,ABR986789497432,In Planung,Deutschland,Niedersachsen,Region Hannover,Burgwedel,30938,Burgwedel,,,9.816393,52.490613,1400.000,1400.000,2025-04-22,2026-03-03,,Lithium-Batterie,Batterie,Speicher,SSE947379661435,2800.000
SEE945259007410,Speicher Solarpark Jatznick,ABR989708109911,In Planung,Deutschland,Mecklenburg-Vorpommern,Vorpommern-Greifswald,Jatznick,17309,Jatznick,,,13.944346,53.562675,1400.000,1400.000,2025-04-22,2026-03-03,,Lithium-Batterie,Batterie,Speicher,SSE986903572717,2800.000
SEE914458006289,Speicher Solarpark Langeland 1,ABR981270322064,In Planung,Deutschland,Nordrhein-Westfalen,Höxter,Bad Driburg,33014,Bad Driburg,,,8.985570,51.788540,1400.000,1400.000,2025-04-22,2026-03-03,,Lithium-Batterie,Batterie,Speicher,SSE923365572985,2800.000
SEE971577023283,Speicher Solarpark Langeland 2,ABR963311570733,In Planung,Deutschland,Nordrhein-Westfalen,Höxter,Bad Driburg,33014,Bad Driburg,,,8.987070,51.789720,1400.000,1400.000,2025-04-22,2026-03-03,,Lithium-Batterie,Batterie,Speicher,SSE931127499883,2800.000
SEE991415234572,Speicher Solarpark Strasburg,ABR904162314015,In Planung,Deutschland,Mecklenburg-Vorpommern,Vorpommern-Greifswald,Strasburg (Uckermark),17335,Strasburg,,,13.758330,53.517200,1400.000,1400.000,2025-04-22,2026-03-03,,Lithium-Batterie,Batterie,Speicher,SSE974465731680,2800.000
SEE949769763309,Energiepark Diemelstadt Speicher,ABR994746734995,In Planung,Deutschland,Hessen,Waldeck-Frankenberg,Diemelstadt,34474,Diemelstadt,,,8.988220,51.495390,3000.000,3000.000,2025-04-23,2025-11-01,,Lithium-Batterie,Batterie,Speicher,SSE968294246163,6096.000
SEE998770854599,ABO Energy Batterie Euenheim,ABR928008549959,In Planung,Deutschland,Nordrhein-Westfalen,Euskirchen,Euskirchen,53881,Euskirchen,,,6.761903,50.649658,2194.000,2194.000,2025-04-23,2026-07-01,,Lithium-Batterie,Batterie,Speicher,SSE905154940779,6500.000
SEE938982062214,Lindau Speicher,ABR926523847604,In Planung,Deutschland,Bayern,Lindau (Bodensee),Lindau (Bodensee),88131,Lindau,,,9.709940,47.591280,1320.000,1320.000,2025-04-23,2027-06-10,,Lithium-Batterie,Batterie,Speicher,SSE929237187523,4914.000
SEE950337084849,MWZ_BESS_2,ABR978248396691,In Betrieb,Deutschland,Baden-Württemberg,Bodenseekreis,Friedrichshafen,88048,Friedrichshafen,Markus-von-Kienlin-Straße,2,9.392461,47.685735,975.000,975.000,2026-06-02,,2025-11-27,Lithium-Batterie,Batterie,Speicher,SSE947963808369,2137.000
SEE935423988881,WBS Tarzow II,ABR915969729179,In Planung,Deutschland,Mecklenburg-Vorpommern,Nordwestmecklenburg,Lübow,23972,Lübow,,,11.582944,53.816944,2000.000,2000.000,2025-04-23,2027-06-30,,Lithium-Batterie,Batterie,Speicher,SSE995088420256,4000.000
SEE933229902513,DGT-Batteriespeicher,ABR907452135376,In Betrieb,Deutschland,Nordrhein-Westfalen,Duisburg,Duisburg,47138,Duisburg,Schlickstr.,19,6.763812,51.454790,1500.000,1500.000,2025-04-23,,2025-04-22,Lithium-Batterie,Batterie,Speicher,SSE907639486765,1667.000
SEE985456081806,Großpaschleben I,ABR922212579542,In Planung,Deutschland,Sachsen-Anhalt,Anhalt-Bitterfeld,Osternienburger Land,06386,Osternienburger Land,,,11.890628,51.750216,2507.500,2507.500,2025-04-23,2026-10-01,,Lithium-Batterie,Batterie,Speicher,SSE982968827311,5000.000
SEE994897433815,Speicher Taiting II,ABR945172232777,In Planung,Deutschland,Bayern,Aichach-Friedberg,Dasing,86453,Dasing,,,11.036500,48.397350,2210.000,2210.000,2025-04-23,2028-02-01,,Lithium-Batterie,Batterie,Speicher,SSE951313053392,4430.000
SEE900757018122,Nonnenau BESS,ABR959382581372,In Betrieb,Deutschland,Bayern,Aichach-Friedberg,Rehling,86508,Rehling,Unteracher Straße,3,10.893910,48.503841,3150.000,3150.000,2026-07-03,,2026-06-15,Lithium-Batterie,Batterie,Speicher,SSE999253790311,9000.000
SEE917504583406,Batterie Coschütz,ABR932212103470,In Planung,Deutschland,Sachsen,Vogtlandkreis,Elsterberg,07985,Elsterberg,,,12.196247,50.609741,41400.000,41400.000,2025-04-23,2026-12-31,,Lithium-Batterie,Batterie,Speicher,SSE977526197661,82800.000
SEE993960672687,Freiflächen-Photovoltaikanlage Wittstock/Dosse Co-Located BESS,ABR939257548655,In Planung,Deutschland,Brandenburg,Ostprignitz-Ruppin,Heiligengrabe,16909,Heiligengrabe,,,12.444557,53.167815,4500.000,4500.000,2025-04-24,2026-03-01,,Lithium-Batterie,Batterie,Speicher,SSE959642284883,10000.000
SEE985726527133,Sonnenspeicher Düssel,ABR934708016851,In Planung,Deutschland,Nordrhein-Westfalen,Mettmann,Wülfrath,42489,Wülfrath,,,7.073712,51.277306,1600.000,1600.000,2025-04-24,2027-01-02,,Lithium-Batterie,Batterie,Speicher,SSE925051541190,6680.000
SEE958091177623,Batteriespeicher Klötze Böckwitz,ABR919435783320,In Planung,Deutschland,Sachsen-Anhalt,Altmarkkreis Salzwedel,Klötze,38486,Klötze,,,10.959129,52.566456,7000.000,7000.000,2025-04-25,2027-07-01,,Lithium-Batterie,Batterie,Speicher,SSE964992125595,14000.000
SEE963962333336,Batteriespeicher Tangerhütte,ABR991769380185,In Planung,Deutschland,Sachsen-Anhalt,Stendal,Tangerhütte,39517,Tangerhütte,,,11.792516,52.426888,7000.000,7000.000,2025-04-25,2027-07-01,,Lithium-Batterie,Batterie,Speicher,SSE922912723146,14000.000
SEE935780233716,PV-Park 2,ABR993421621421,In Planung,Deutschland,Bayern,Rottal-Inn,Tann,84367,Tann,,,12.885461,48.334964,10000.000,2500.000,2025-04-25,2026-12-18,,Lithium-Batterie,Batterie,Speicher,SSE956192873369,10000.000
SEE968609335797,Batteriespeicher Badem II,ABR920060680380,In Planung,Deutschland,Rheinland-Pfalz,Eifelkreis Bitburg-Prüm,Badem,54657,Badem,,,6.595972,50.015975,6475.000,6475.000,2025-04-25,2027-07-01,,Lithium-Batterie,Batterie,Speicher,SSE944167451551,12950.000
SEE956658777514,Batteriespeicher Orsfeld II,ABR920060680380,In Planung,Deutschland,Rheinland-Pfalz,Eifelkreis Bitburg-Prüm,Orsfeld,54655,Orsfeld,,,6.626689,50.021289,3010.000,3010.000,2025-04-25,2027-07-01,,Lithium-Batterie,Batterie,Speicher,SSE900430996280,6020.000
SEE940821338480,Agri-Photovoltaik Gersheim 1 BESS,ABR962676639147,In Planung,Deutschland,Saarland,Saarpfalz-Kreis,Gersheim,66453,Gersheim,Drehbrunnerhof,,7.235674,49.131296,2000.000,2000.000,2025-04-25,2026-04-01,,Lithium-Batterie,Batterie,Speicher,SSE923640867720,4472.000
SEE954185427155,Batteriespeicher Wilsecker II,ABR905314360300,In Planung,Deutschland,Rheinland-Pfalz,Eifelkreis Bitburg-Prüm,Wilsecker,54655,Wilsecker,,,6.603378,50.018534,4025.000,4025.000,2025-04-25,2027-07-01,,Lithium-Batterie,Batterie,Speicher,SSE962108995070,10990.000
SEE928480322309,Agri-Photovoltaik Gersheim 2 BESS,ABR962676639147,In Planung,Deutschland,Saarland,Saarpfalz-Kreis,Gersheim,66453,Gersheim,Drehbrunnerhof,,7.231779,49.132297,4600.000,4600.000,2025-04-25,2026-04-01,,Lithium-Batterie,Batterie,Speicher,SSE964147090303,10000.000
SEE951380506890,PVA Dirmingen II BESS,ABR989093512181,In Planung,Deutschland,Saarland,Neunkirchen,Eppelborn,66571,Eppelborn,Hierscheider Straße,,7.003639,49.412985,440.000,440.000,2025-04-25,2026-04-01,,Lithium-Batterie,Batterie,Speicher,SSE988154548084,1820.000
SEE952526727650,Speicherpark,ABR959654119876,In Planung,Deutschland,Baden-Württemberg,Rottweil,Dietingen,78661,Dietingen,Mühlweg,40,8.654615,48.240927,2032.000,2032.000,2025-04-25,2026-12-31,,Lithium-Batterie,Batterie,Speicher,SSE948047785217,4064.000
SEE996939965117,Speicher zwischen den Bahnen,ABR991989658507,In Planung,Deutschland,Niedersachsen,Osnabrück,Badbergen,49635,Badbergen,,,7.946394,52.662237,4472.000,4472.000,2025-04-26,2026-10-31,,Lithium-Batterie,Batterie,Speicher,SSE938793183733,8944.000
SEE971321520662,Speicher Schrobenhausen-Sandizell I - P20-105 - Teil 2.000 kW BESS Inn25-2/031,ABR963957358559,In Betrieb,Deutschland,Bayern,Neuburg-Schrobenhausen,Schrobenhausen,86529,Schrobenhausen,,,11.175511,48.559178,2000.000,2000.000,2026-06-08,,2026-06-08,Lithium-Batterie,Batterie,Speicher,SSE948221687795,4064.000
SEE912543602071,Speicher Schrobenhausen IX - P22-591 - Teil 2,ABR936525828228,In Planung,Deutschland,Bayern,Neuburg-Schrobenhausen,Schrobenhausen,86529,Schrobenhausen,,,11.299432,48.602855,2000.000,2000.000,2025-04-30,2026-10-01,,Lithium-Batterie,Batterie,Speicher,SSE981823141579,4064.000
SEE917004389140,Speicher Prosselsheim - P23-089 - Teil 2,ABR985560393888,In Planung,Deutschland,Bayern,Würzburg,Prosselsheim,97279,Prosselsheim,,,10.102511,49.858894,1425.000,1425.000,2025-04-30,2026-10-01,,Lithium-Batterie,Batterie,Speicher,SSE992511755336,2850.000
SEE907092423147,Speicher Uettingen - P24-344,ABR916828354235,In Planung,Deutschland,Bayern,Würzburg,Uettingen,97292,Uettingen,,,9.726988,49.776967,1200.000,1200.000,2025-04-30,2026-10-01,,Lithium-Batterie,Batterie,Speicher,SSE957478010263,2400.000
SEE968951365114,Batteriespeicher OFZ,ABR923694269778,In Betrieb,Deutschland,Bayern,Schwandorf,Schwandorf,92421,Schwandorf,Sitzenhof,1,12.063631,49.334869,184.000,184.000,2025-07-11,,2025-06-30,Lithium-Batterie,Batterie,Speicher,SSE991231352696,688.000
SEE993053136515,PV-Park Winterscheid (Schwalmstadt),ABR994319947715,In Planung,Deutschland,Hessen,Schwalm-Eder-Kreis,Gilserberg,34630,Gilserberg,,,9.025362,50.930419,900.000,900.000,2025-04-28,2026-06-01,,Lithium-Batterie,Batterie,Speicher,SSE928588369312,1800.000
SEE931682035649,Photovoltaik-Speicher-Kraftwerk Löwenberg,ABR922000826568,In Planung,Deutschland,Brandenburg,Oberhavel,Löwenberger Land,16775,Löwenberger Land,,,13.165345,52.886627,6667.000,6667.000,2025-04-28,2027-04-26,,Lithium-Batterie,Batterie,Speicher,SSE973987599778,13334.000
SEE905539686049,Speicher Inchenhofen III - P22-578,ABR903769667838,In Planung,Deutschland,Bayern,Aichach-Friedberg,Inchenhofen,86570,Inchenhofen,,,11.080780,48.540717,6670.000,6670.000,2025-04-30,2026-10-01,,Lithium-Batterie,Batterie,Speicher,SSE909708346901,13340.000
SEE989632861367,Photovoltaik-Speicher-Kraftwerk Vincenzenbronn,ABR910058815504,In Planung,Deutschland,Bayern,Fürth,Großhabersdorf,90613,Großhabersdorf,,,10.823331,49.419418,4000.000,4000.000,2025-04-28,2027-04-26,,Lithium-Batterie,Batterie,Speicher,SSE920868783061,8000.000
SEE931080105234,PVA Lalendorf BESS InnoAus,ABR991235685905,In Planung,Deutschland,Mecklenburg-Vorpommern,Rostock,Lalendorf,18279,Lalendorf,,,12.404000,53.755000,5800.000,5800.000,2025-04-28,2026-04-27,,Lithium-Batterie,Batterie,Speicher,SSE930636059434,15300.000
SEE952536412140,Photovoltaik-Speicher-Kraftwerk Marnitz 3 20MW,ABR903896520198,In Planung,Deutschland,Mecklenburg-Vorpommern,Ludwigslust-Parchim,Ruhner Berge,19376,Ruhner Berge,,,11.897350,53.318424,6250.000,6000.000,2025-04-28,2027-04-26,,Lithium-Batterie,Batterie,Speicher,SSE908946489227,12500.000
SEE900527256310,Photovoltaik-Speicher-Kraftwerk Marnitz 3 10MW,ABR903896520198,In Planung,Deutschland,Mecklenburg-Vorpommern,Ludwigslust-Parchim,Ruhner Berge,19376,Ruhner Berge,,,11.940370,53.300154,3125.000,3000.000,2025-04-28,2027-04-26,,Lithium-Batterie,Batterie,Speicher,SSE977715397902,6250.000
SEE991264623275,Photovoltaik-Speicher-Kraftwerk Gumtow Görike,ABR918537258415,In Planung,Deutschland,Brandenburg,Prignitz,Gumtow,16866,Gumtow,,,12.227347,52.958605,6000.000,6000.000,2025-04-28,2027-04-26,,Lithium-Batterie,Batterie,Speicher,SSE999887171807,12000.000
SEE943817698612,Photovoltaik-Speicher-Kraftwerk Gumtow TF SO 4 ,ABR918537258415,In Planung,Deutschland,Brandenburg,Prignitz,Gumtow,16866,Gumtow,,,12.270190,52.973233,6667.000,6667.000,2025-04-28,2027-04-26,,Lithium-Batterie,Batterie,Speicher,SSE976789473147,13334.000
SEE985187149936,SP Petzenberg Speicher,ABR929565567875,In Planung,Deutschland,Bayern,Passau,Hauzenberg,94051,Hauzenberg,,,13.589850,48.605340,2600.000,2600.000,2025-04-28,2026-12-31,,Lithium-Batterie,Batterie,Speicher,SSE916280054292,5200.000
SEE913720929677,Photovoltaik-Speicher-Kraftwerk Gumtow 3,ABR918537258415,In Planung,Deutschland,Brandenburg,Prignitz,Gumtow,16866,Gumtow,,,12.245375,52.998567,6667.000,6667.000,2025-04-28,2027-04-26,,Lithium-Batterie,Batterie,Speicher,SSE915541531398,13334.000
SEE991507979855,BESS Wefensleben - BESS I,ABR902566775586,In Planung,Deutschland,Sachsen-Anhalt,Börde,Wefensleben,39365,Wefensleben,,,11.148561,52.175347,1250.000,1250.000,2025-04-28,2027-02-15,,Lithium-Batterie,Batterie,Speicher,SSE919166505789,3000.000
SEE980153322382,Photovoltaik-Speicher-Kraftwerk Kempten,ABR982419938566,In Planung,Deutschland,Bayern,Oberallgäu,Waltenhofen,87448,Waltenhofen,,,10.271342,47.613993,5100.000,5100.000,2025-04-28,2027-04-26,,Lithium-Batterie,Batterie,Speicher,SSE916073222976,10200.000
SEE913171289412,Speicher Velburg VI - P24-288,ABR907327736813,In Planung,Deutschland,Bayern,Neumarkt i.d. OPf.,Velburg,92355,Velburg,,,11.641412,49.236191,4425.000,4425.000,2025-04-30,2026-10-01,,Lithium-Batterie,Batterie,Speicher,SSE987877619309,8850.000
SEE939775128452,Speicher Beratzhausen VI - P24-216 - Teil 2,ABR930389810047,In Planung,Deutschland,Bayern,Regensburg,Beratzhausen,93176,Beratzhausen,,,11.841750,49.151456,1750.000,1750.000,2025-04-30,2026-10-01,,Lithium-Batterie,Batterie,Speicher,SSE929222255282,3500.000
SEE995287264767,Speicher Schildau,ABR927555336890,In Planung,Deutschland,Sachsen,Nordsachsen,Belgern-Schildau,04889,Schildau,,,12.919697,51.473478,6800.000,6800.000,2025-04-28,2026-08-03,,Lithium-Batterie,Batterie,Speicher,SSE928512945506,22352.000
SEE960663719957,Speicher Dielkirchen - P19-028 - Teil 3,ABR993612869106,In Planung,Deutschland,Rheinland-Pfalz,Donnersbergkreis,Dielkirchen,67811,Dielkirchen,,,7.828373,49.655925,6450.000,6450.000,2025-04-30,2026-10-01,,Lithium-Batterie,Batterie,Speicher,SSE929604597481,12900.000
SEE902703692783,Speicher Mallersdorf-Pfaffenberg II - P23-120 - Teil 2,ABR925344344279,In Planung,Deutschland,Bayern,Straubing-Bogen,Mallersdorf-Pfaffenberg,84066,Mallersdorf-Pfaffenberg,,,12.192965,48.772178,1425.000,1425.000,2025-04-30,2026-10-01,,Lithium-Batterie,Batterie,Speicher,SSE993768959775,2850.000
SEE907990762690,Speicher Oberschleißheim - P24-056,ABR985721971351,In Planung,Deutschland,Bayern,München,Oberschleißheim,85764,Oberschleißheim,,,11.564610,48.266679,4150.000,4150.000,2025-04-30,2026-10-01,,Lithium-Batterie,Batterie,Speicher,SSE962817009648,8300.000
SEE965965496773,Speicher Dettelbach - P23-392,ABR999697982952,In Planung,Deutschland,Bayern,Kitzingen,Dettelbach,97337,Dettelbach,,,10.070042,49.822962,5400.000,5400.000,2025-04-30,2026-10-01,,Lithium-Batterie,Batterie,Speicher,SSE949302937044,10800.000
SEE974678637069,Batteriespeicher SP AEN A1,ABR926804836945,In Planung,Deutschland,Bayern,Freising,Au i.d. Hallertau,84072,Au,,,11.674334,48.554790,507.000,507.000,2025-04-28,2025-10-01,,Lithium-Batterie,Batterie,Speicher,SSE989854665163,1014.000
SEE911617160974,Speicher Reichertshofen XIV - P24-317,ABR946295542644,In Planung,Deutschland,Bayern,Pfaffenhofen a.d. Ilm,Reichertshofen,85084,Reichertshofen,,,11.518860,48.640155,966.000,966.000,2025-04-30,2026-10-01,,Lithium-Batterie,Batterie,Speicher,SSE956336360182,1932.000
SEE954300786594,Batteriespeicher SP AEN A2,ABR926804836945,In Planung,Deutschland,Bayern,Freising,Au i.d. Hallertau,84072,Au,,,11.672937,48.550888,619.000,619.000,2025-04-28,2025-10-01,,Lithium-Batterie,Batterie,Speicher,SSE908246632613,1238.000
SEE924228596292,Speicher Vohburg-Oberdolling - P22-494,ABR969976569280,In Planung,Deutschland,Bayern,Eichstätt,Oberdolling,85129,Oberdolling,,,11.614037,48.814996,6670.000,6670.000,2025-04-30,2026-10-01,,Lithium-Batterie,Batterie,Speicher,SSE946184835550,13340.000
SEE923857160171,Speicher Neustadt a.d. Donau - P23-019,ABR928827783930,In Planung,Deutschland,Bayern,Kelheim,Neustadt a.d. Donau,93333,Neustadt,,,11.723587,48.869303,3600.000,3600.000,2025-04-30,2026-10-01,,Lithium-Batterie,Batterie,Speicher,SSE967933563357,7200.000
SEE959153878991,Speicher Mögglingen  - P24-236,ABR903652930414,In Planung,Deutschland,Baden-Württemberg,Ostalbkreis,Mögglingen,73563,Mögglingen,,,9.979433,48.823719,3625.000,3625.000,2025-04-30,2026-10-01,,Lithium-Batterie,Batterie,Speicher,SSE963296939877,7250.000
SEE946814923480,Speicher Menning  - P22-033,ABR974862880516,In Planung,Deutschland,Bayern,Pfaffenhofen a.d. Ilm,Vohburg a.d. Donau,85088,Vohburg,,,11.575983,48.785674,2400.000,2400.000,2025-04-30,2026-10-01,,Lithium-Batterie,Batterie,Speicher,SSE975797799348,4800.000
SEE978358192312,Speicher Großmehring II - P22-071,ABR906475143344,In Planung,Deutschland,Bayern,Eichstätt,Großmehring,85098,Großmehring,,,11.575810,48.788762,4750.000,4750.000,2025-04-30,2026-10-01,,Lithium-Batterie,Batterie,Speicher,SSE900144764434,9500.000
SEE997803743657,Speicher Kühbach IV - P24-064,ABR994969661610,In Planung,Deutschland,Bayern,Aichach-Friedberg,Kühbach,86556,Kühbach,,,11.191090,48.501503,3375.000,3375.000,2025-04-30,2026-10-01,,Lithium-Batterie,Batterie,Speicher,SSE903227633665,6750.000
SEE984375957926,Lossewerk,ABR987977246948,In Betrieb,Deutschland,Hessen,Kassel,Kassel,34123,Kassel,Am Lossewerk,4,9.528275,51.314181,6800.000,6800.000,2025-07-02,,2025-06-23,Sonstige Batterie,Batterie,Speicher,SSE950404227056,13827.600
SEE946676030395,Batteriespeicher Bremen,ABR919956319381,In Planung,Deutschland,Bremen,Bremen,Bremen,28237,Bremen,Auf den Delben,37,8.711979,53.138700,60000.000,60000.000,2025-04-29,2028-04-29,,Lithium-Batterie,Batterie,Speicher,SSE939291083013,120000.000
SEE942155837196,Batterie Niederlamitz,ABR982399820578,In Planung,Deutschland,Bayern,Wunsiedel i. Fichtelgebirge,Kirchenlamitz,95158,Kirchenlamitz,,,11.980816,50.150788,6670.000,6670.000,2025-04-29,2027-09-09,,Lithium-Batterie,Batterie,Speicher,SSE995766580302,16932.000
SEE923465399536,Wallerfangen Drei Kapuziner 1.2 Speicher,ABR921198924445,In Planung,Deutschland,Saarland,Saarlouis,Wallerfangen,66798,Wallerfangen,,,6.652904,49.309563,5200.000,5200.000,2025-04-29,2027-05-31,,Lithium-Batterie,Batterie,Speicher,SSE985920377558,10400.000
SEE942598341311,"Meierhof, Dazendorf",ABR940842471586,In Betrieb,Deutschland,Schleswig-Holstein,Ostholstein,Gremersdorf,23758,Gremersdorf,Meierhof,7,10.925717,54.353325,100.000,100.000,2025-04-29,,2025-04-16,Lithium-Batterie,Batterie,Speicher,SSE970038506228,240.000
SEE997381344840,Geflügelhof Retzbach,ABR939894094584,In Planung,Deutschland,Baden-Württemberg,Main-Tauber-Kreis,Bad Mergentheim,97980,Bad Mergentheim,,,9.741710,49.445172,350.000,350.000,2025-04-29,2026-11-30,,Lithium-Batterie,Batterie,Speicher,SSE934485392841,700.000
SEE999714255243,Aasbüttel Speicher,ABR985623752263,In Betrieb,Deutschland,Schleswig-Holstein,Steinburg,Aasbüttel,25560,Aasbüttel,,,9.429473,54.065863,10224.000,10224.000,2026-07-17,,2026-07-15,Lithium-Batterie,Batterie,Speicher,SSE934081948725,17888.000
SEE980878446523,Warringholz Speicher,ABR985623752263,In Betrieb,Deutschland,Schleswig-Holstein,Steinburg,Warringholz,25560,Warringholz,,,9.462128,54.060395,7668.000,7668.000,2026-06-19,,2026-06-03,Lithium-Batterie,Batterie,Speicher,SSE936094602595,13416.000
SEE952410839506,Meppen Speicher,ABR908008414655,In Planung,Deutschland,Niedersachsen,Emsland,Meppen,49716,Meppen,,,7.311280,52.645779,2100.000,2100.000,2025-04-29,2027-05-31,,Lithium-Batterie,Batterie,Speicher,SSE903553662681,4200.000
SEE964935494047,Batteriespeicher Würges,ABR925722872707,In Planung,Deutschland,Hessen,Limburg-Weilburg,Bad Camberg,65520,Bad Camberg,,,8.244797,50.278175,13000.000,13000.000,2025-04-29,2027-09-30,,Lithium-Batterie,Batterie,Speicher,SSE996040241940,20000.000
SEE901251939616,Teutschenthal 4 Speicher,ABR965322288614,In Planung,Deutschland,Sachsen-Anhalt,Saalekreis,Teutschenthal,06179,Teutschenthal,,,11.757213,51.401920,5000.000,5000.000,2025-04-29,2027-05-31,,Lithium-Batterie,Batterie,Speicher,SSE995421686004,10000.000
SEE910799319798,Ahausen Speicher,ABR970034193828,In Planung,Deutschland,Niedersachsen,Rotenburg (Wümme),Ahausen,27367,Ahausen,,,9.344788,53.052714,6700.000,6700.000,2025-04-29,2027-05-31,,Lithium-Batterie,Batterie,Speicher,SSE992764683134,13400.000
SEE963066917562,Emkendorf Fischteich Speicher,ABR979637716694,In Planung,Deutschland,Schleswig-Holstein,Rendsburg-Eckernförde,Emkendorf,24802,Emkendorf,,,9.802900,54.234475,3000.000,3000.000,2025-04-29,2027-05-31,,Lithium-Batterie,Batterie,Speicher,SSE947863036862,6000.000
SEE961664690757,Wulkow Speicher,ABR909061504451,In Planung,Deutschland,Brandenburg,Märkisch-Oderland,Lebus,15326,Lebus,,,14.487220,52.400340,6700.000,6700.000,2025-04-29,2027-05-31,,Lithium-Batterie,Batterie,Speicher,SSE985176806949,13400.000
SEE994736612838,Bad Wünnenberg Speicher,ABR947974162689,In Planung,Deutschland,Nordrhein-Westfalen,Paderborn,Bad Wünnenberg,33181,Bad Wünnenberg,,,8.735912,51.570106,6700.000,6700.000,2025-04-29,2027-05-31,,Lithium-Batterie,Batterie,Speicher,SSE903152177562,13400.000
SEE929726183425,Verl Speicher,ABR983736529086,In Planung,Deutschland,Nordrhein-Westfalen,Gütersloh,Verl,33415,Verl,,,8.518613,51.918985,6800.000,6800.000,2025-04-29,2028-01-31,,Lithium-Batterie,Batterie,Speicher,SSE945833713799,13600.000
SEE906839076233,Agri-Photovoltaik Gersheim I BESS,ABR975744474137,In Planung,Deutschland,Saarland,Saarpfalz-Kreis,Gersheim,66453,Gersheim,Drehbrunnerhof,,7.234994,49.130490,1900.000,1900.000,2025-04-29,2027-04-01,,Lithium-Batterie,Batterie,Speicher,SSE950194666684,4472.000
SEE978044824213,SEE900480076284,ABR900235374566,In Planung,Deutschland,Bayern,Landsberg am Lech,Egling a.d. Paar,86492,Egling,,,10.967573,48.198263,250.000,250.000,2025-04-30,2025-06-02,,Lithium-Batterie,Batterie,Speicher,SSE986957339458,500.000
SEE995057442869,VENDO SOLAR Park Salzbergen ll Speicher,ABR955846577202,In Planung,Deutschland,Niedersachsen,Emsland,Salzbergen,48499,Salzbergen,,,7.393603,52.344051,5500.000,5500.000,2025-04-30,2027-04-30,,Lithium-Batterie,Batterie,Speicher,SSE988855296598,11000.000
SEE966259863189,WBS Bakendorf I,ABR915969729179,In Planung,Deutschland,Mecklenburg-Vorpommern,Ludwigslust-Parchim,Gammelin,19230,Gammelin,,,11.236367,53.488218,6700.000,6700.000,2025-04-30,2026-07-30,,Lithium-Batterie,Batterie,Speicher,SSE981912648910,13400.000
SEE943019351872,WBS Borg I,ABR915969729179,In Planung,Deutschland,Mecklenburg-Vorpommern,Vorpommern-Rügen,Ribnitz-Damgarten,18311,Ribnitz-Damgarten,,,12.389986,54.227087,6700.000,6700.000,2025-04-30,2027-08-31,,Lithium-Batterie,Batterie,Speicher,SSE900222474019,13400.000
SEE919980523068,BESS Langwieder Feld,ABR922220306949,In Planung,Deutschland,Bayern,München,München,80999,München,,,11.437734,48.186565,5015.000,2782.000,2025-05-03,2025-12-17,,Lithium-Batterie,Batterie,Speicher,SSE975293234664,4012.000
SEE901159724048,Batteriespeicher Ladeinfrastruktur Fracht Süd,ABR910225755251,In Betrieb,Deutschland,Baden-Württemberg,Esslingen,Leinfelden-Echterdingen,70629,Stuttgart,Flughafenstraße,,9.210653,48.683054,552.000,552.000,2025-05-05,,2025-05-05,Lithium-Batterie,Batterie,Speicher,SSE944121423006,534.000
SEE954986580356,Batteriespeicher TEAtherm,ABR918894170337,In Planung,Deutschland,Bayern,Ansbach,Dinkelsbühl,91550,Dinkelsbühl,Innovativ-Ring,5,10.253099,49.105825,7740.000,7740.000,2025-05-06,2026-09-01,,Lithium-Batterie,Batterie,Speicher,SSE990399028245,15047.000
SEE911861295200,Speicher Friedland,ABR981472808977,In Betrieb,Deutschland,Brandenburg,Oder-Spree,Friedland,15848,Friedland,Pestalozzistraße,26,14.267271,52.108687,736.000,736.000,2025-05-06,,2025-04-24,Nickel-Cadmium- / Nickel-Metallhydridbatterie,Batterie,Speicher,SSE923331440010,1288.000
SEE957664004120,"PV Anlage Überschussanlage 105,66 kWp BOLZWERK Spiegelau B866123",ABR928715693433,In Betrieb,Deutschland,Bayern,Freyung-Grafenau,Spiegelau,94518,Spiegelau,Auf der List,23,13.359148,48.917002,184.000,184.000,2025-05-07,,2025-01-15,Nickel-Cadmium- / Nickel-Metallhydridbatterie,Batterie,Speicher,SSE915381126730,164.000
SEE967076530902,SMAREG12 Vöhringen I,ABR965334605621,In Betrieb,Deutschland,Bayern,Neu-Ulm,Vöhringen,89269,Vöhringen,Memminger Straße,,10.083922,48.266282,19600.000,19600.000,2025-09-16,,2025-08-29,Lithium-Batterie,Batterie,Speicher,SSE930545054865,41649.000
SEE934134866563,Schul- und Sportzentrum Iphofen,ABR941813186263,In Betrieb,Deutschland,Bayern,Kitzingen,Iphofen,97346,Iphofen,Boverystraße,2,10.264183,49.708112,120.000,120.000,2025-05-14,,2025-07-01,Lithium-Batterie,Batterie,Speicher,SSE919003240842,266.000
SEE918424302351,Zentral-E-Batterie-Speicher,ABR946414509886,In Betrieb,Deutschland,Nordrhein-Westfalen,Coesfeld,Dülmen,48249,Dülmen,Heinrich-Leggewie-Straße,10,7.294633,51.813318,640.000,640.000,2025-05-14,,2025-03-31,Lithium-Batterie,Batterie,Speicher,SSE951826308095,12.880
SEE901160953888,Batteriespeicher Intilion,ABR942948507497,In Betrieb,Deutschland,Nordrhein-Westfalen,Borken,Borken,46325,Borken,Benningsweg,27,6.865004,51.906896,400.000,150.000,2025-05-15,,2025-03-08,Lithium-Batterie,Batterie,Speicher,SSE914326980185,462.000
SEE971176732258,Fitz Interior Eigenverbrauchanlge,ABR925158771308,In Betrieb,Deutschland,Bayern,Donau-Ries,Mertingen,86690,Mertingen,Dr.-Steichele-Straße,48,10.812575,48.657130,120.000,120.000,2025-05-15,,2024-11-13,Lithium-Batterie,Batterie,Speicher,SSE915166301727,300.000
SEE981536851116,Stephan-Solar,ABR970630977952,In Betrieb,Deutschland,Rheinland-Pfalz,Mayen-Koblenz,Andernach,56626,Andernach,Theodor-Heuss-Straße,6,7.398065,50.421143,100.000,100.000,2025-05-15,,2024-11-12,Lithium-Batterie,Batterie,Speicher,SSE978746148181,200.000
SEE939735350800,Containerspeicher,ABR957620957439,In Betrieb,Deutschland,Nordrhein-Westfalen,Hochsauerlandkreis,Hallenberg,59969,Hallenberg,,,8.643148,51.103899,1102.200,1102.200,2026-06-09,,2026-05-21,Lithium-Batterie,Batterie,Speicher,SSE945117119859,1016.000
SEE987601922651,Speicher Agri PV,ABR948827974039,In Betrieb,Deutschland,Bayern,Deggendorf,Oberpöring,94562,Oberpöring,Oberpöringermoos,69,12.811232,48.712751,1200.000,1200.000,2025-05-16,,2025-04-09,Lithium-Batterie,Batterie,Speicher,SSE925213218441,1200.000
SEE919571724447,Batteriespeicher Marzill,ABR954255933579,In Betrieb,Deutschland,Bayern,Kelheim,Mainburg,84048,Mainburg,Braasstraße,6,11.730681,48.628555,736.000,736.000,2026-07-23,,2026-07-23,Lithium-Batterie,Batterie,Speicher,SSE920753701408,1288.000
SEE926119491686,HB114 Speicher,ABR994839396970,In Planung,Deutschland,Rheinland-Pfalz,Mainz,Mainz,55128,Mainz,Hans-Böckler-Straße,114,8.237330,49.974594,108.000,108.000,2025-05-19,2027-03-01,,Lithium-Batterie,Batterie,Speicher,SSE969980124932,215.100
SEE932264441759,Wohnen mit Genuss Speicher,ABR976711560426,In Betrieb,Deutschland,Bayern,Unterallgäu,Bad Wörishofen,86825,Bad Wörishofen,Königsberger Straße,30,10.615018,48.010106,250.000,250.000,2025-06-27,,2025-06-05,Lithium-Batterie,Batterie,Speicher,SSE920074743439,516.000
SEE948011928985,Campus Illenauwiesen / Illenauer Straße 43-53/2,ABR961244737360,In Planung,Deutschland,Baden-Württemberg,Ortenaukreis,Achern,77855,Achern,Julius-Hirsch-Platz,1,8.079810,48.625155,134.000,134.000,2025-05-21,2025-06-01,,Lithium-Batterie,Batterie,Speicher,SSE946180180128,168.000
SEE903713713390,KAP Diedorf,ABR973546689391,In Planung,Deutschland,Thüringen,Wartburgkreis,Dermbach,36466,Dermbach,,,10.120363,50.663803,10000.000,10000.000,2025-07-12,2026-01-01,,Lithium-Batterie,Batterie,Speicher,SSE909504125502,30000.000
SEE975689801395,BESS Brietlingen,ABR914871779159,In Planung,Deutschland,Niedersachsen,Lüneburg,Brietlingen,21382,Brietlingen,,,10.465967,53.335388,13272.000,13272.000,2025-05-22,2026-11-30,,Lithium-Batterie,Batterie,Speicher,SSE955193344939,26544.000
SEE901006068844,Solax Speicher 200KW 429kWh IBN 20.05.2025,ABR983937828254,In Betrieb,Deutschland,Bayern,Weißenburg-Gunzenhausen,Pappenheim,91788,Pappenheim,Am Solnhofer Weg,3,11.032166,48.922603,200.000,200.000,2025-05-22,,2025-05-20,Lithium-Batterie,Batterie,Speicher,SSE918498824315,429.000
SEE946150393480,Speicher 1 Gahry,ABR928705054077,In Betrieb,Deutschland,Brandenburg,Spree-Neiße,Wiesengrund,03149,Wiesengrund,Gahryer Hauptstraße,1 a,14.548836,51.681477,100.000,100.000,2025-05-22,,2025-05-20,Lithium-Batterie,Batterie,Speicher,SSE936422579575,193.500
SEE916131257131,"Solax Seicher 100KW 214,5 IBN;20.05.2025",ABR973200491872,In Betrieb,Deutschland,Bayern,Weißenburg-Gunzenhausen,Alesheim,91793,Alesheim,Weißenburger Straße,28,10.875527,49.030031,100.000,100.000,2025-05-22,,2025-05-20,Lithium-Batterie,Batterie,Speicher,SSE944775030681,214.500
SEE987910467942,Batteriespeicher Railbeton,ABR919064952944,In Betrieb,Deutschland,Sachsen,Chemnitz,Chemnitz,09114,Chemnitz,Fischweg,27,12.913612,50.864811,200.000,200.000,2025-05-26,,2025-05-16,Lithium-Batterie,Batterie,Speicher,SSE972890825660,387.000
SEE998603368286,Barsbüttel Speicher,ABR929443335282,In Betrieb,Deutschland,Schleswig-Holstein,Stormarn,Barsbüttel,22885,Barsbüttel,Rahlstedter Straße,,10.192657,53.580704,100.000,100.000,2025-05-27,,2025-01-31,Lithium-Batterie,Batterie,Speicher,SSE983436791509,192.000
SEE961755990636,Dieselstr. 4A,ABR901109340199,In Betrieb,Deutschland,Hessen,Wetteraukreis,Bad Nauheim,61231,Bad Nauheim,Dieselstraße,4,8.752287,50.363047,100.000,100.000,2025-05-28,,2024-04-25,Lithium-Batterie,Batterie,Speicher,SSE980156617775,100.000
SEE944810301530,Ladepark,ABR901856551756,In Betrieb,Deutschland,Baden-Württemberg,Böblingen,Leonberg,71229,Leonberg,Hertichstraße,10,9.005920,48.786526,150.000,150.000,2025-06-01,,2024-09-20,Lithium-Batterie,Batterie,Speicher,SSE904126247946,308.000
SEE969072857106,Speicher 2022,ABR916014989562,In Betrieb,Deutschland,Bayern,Augsburg,Schwabmünchen,86830,Schwabmünchen,Luitpoldstraße,8,10.757361,48.178513,225.000,63.300,2025-06-03,,2022-12-01,Lithium-Batterie,Batterie,Speicher,SSE937666482287,225.000
SEE974165539906,PV Speicher M-Tec,ABR945023677450,In Betrieb,Deutschland,Niedersachsen,Emsland,Sögel,49751,Sögel,Hinterm Bahnhof,20,7.513664,52.831902,264.000,264.000,2025-06-03,,2025-04-28,Lithium-Batterie,Batterie,Speicher,SSE910694932511,217.800
SEE914845982691,BESS Waltershausen,ABR932367683483,In Betrieb,Deutschland,Thüringen,Gotha,Waltershausen,99880,Waltershausen,,,10.568082,50.910014,10350.000,10350.000,2025-07-04,,2025-02-20,Lithium-Batterie,Batterie,Speicher,SSE938675532918,22364.000
SEE956376291712,Speicher 2025,ABR955104507026,In Betrieb,Deutschland,Nordrhein-Westfalen,Rhein-Erft-Kreis,Erftstadt,50374,Erftstadt,Albert-Einstein-Ring,16 a,6.784650,50.797409,121.650,60.000,2025-09-29,,2025-03-18,Lithium-Batterie,Batterie,Speicher,SSE908320024440,120.000
SEE902172697609,BESS Rackwitz EE,ABR927355944486,In Betrieb,Deutschland,Sachsen,Nordsachsen,Rackwitz,04519,Rackwitz,Am Wasserwerk,1,12.377583,51.438778,1500.000,1500.000,2025-11-10,,2025-10-31,Lithium-Batterie,Batterie,Speicher,SSE958177903337,2608.000
SEE911749565579,BESS Uphusen,ABR927355944486,In Planung,Deutschland,Niedersachsen,Verden,Achim,28832,Achim,Uphuser Heerstraße,7,8.985009,53.024989,1500.000,1500.000,2025-06-04,2025-07-31,,Lithium-Batterie,Batterie,Speicher,SSE943151007163,1488.000
SEE907315793415,Kyon-50 Battery Storage,ABR935182969404,In Planung,Deutschland,Nordrhein-Westfalen,Wesel,Hamminkeln,46499,Hamminkeln,,,6.600102,51.773981,12420.000,12420.000,2025-06-06,2027-06-01,,Lithium-Batterie,Batterie,Speicher,SSE970629739257,29300.000
SEE967119422706,Kyon-51 Battery Storage,ABR924011581795,In Planung,Deutschland,Nordrhein-Westfalen,Hochsauerlandkreis,Brilon,59929,Brilon,,,8.622017,51.428921,102960.000,102960.000,2025-06-06,2027-05-01,,Lithium-Batterie,Batterie,Speicher,SSE944226687334,208100.000
SEE981060528867,PV-Batteriespeicher Heinrichsberg 1,ABR915199952408,In Betrieb,Deutschland,Bayern,Traunstein,Pittenhart,83132,Pittenhart,Heinrichsberg,1,12.354616,47.994493,107.520,81.000,2025-06-07,,2025-06-07,Lithium-Batterie,Batterie,Speicher,SSE910858004290,86.000
SEE940678297886,Kyon-41 Battery Storage,ABR985968818044,In Betrieb,Deutschland,Rheinland-Pfalz,Cochem-Zell,Faid,56814,Faid,,,7.111334,50.152386,19800.000,19800.000,2026-07-15,,2026-04-24,Lithium-Batterie,Batterie,Speicher,SSE995318973811,41000.000
SEE983696422564,Stromspeicher 2,ABR984850887625,In Betrieb,Deutschland,Bayern,Pfaffenhofen a.d. Ilm,Wolnzach,85283,Wolnzach,Dorfstraße,,11.581648,48.571234,100.000,100.000,2025-06-12,,2024-04-25,Lithium-Batterie,Batterie,Speicher,SSE989893755405,193.500
SEE969901553261,Stromspeicher 3,ABR984850887625,In Betrieb,Deutschland,Bayern,Pfaffenhofen a.d. Ilm,Wolnzach,85283,Wolnzach,Dorfstraße,,11.581648,48.571234,100.000,100.000,2025-06-12,,2024-04-25,Lithium-Batterie,Batterie,Speicher,SSE901582220575,193.500
SEE920613334678,Stromspeicher 4,ABR984850887625,In Betrieb,Deutschland,Bayern,Pfaffenhofen a.d. Ilm,Wolnzach,85283,Wolnzach,Dorfstraße,,11.581648,48.571234,100.000,100.000,2025-06-12,,2025-04-25,Lithium-Batterie,Batterie,Speicher,SSE933171204109,193.500
SEE927777065622,Stromspeicher 5,ABR984850887625,In Betrieb,Deutschland,Bayern,Pfaffenhofen a.d. Ilm,Wolnzach,85283,Wolnzach,Dorfstraße,,11.581648,48.571234,100.000,100.000,2025-06-12,,2025-04-25,Lithium-Batterie,Batterie,Speicher,SSE938284750253,193.500
SEE932299140351,Stromspeicher 6,ABR984850887625,In Betrieb,Deutschland,Bayern,Pfaffenhofen a.d. Ilm,Wolnzach,85283,Wolnzach,Dorfstraße,,11.581648,48.571234,100.000,100.000,2025-06-12,,2025-04-25,Lithium-Batterie,Batterie,Speicher,SSE904336118708,193.500
SEE929274567098,Roemerallee 72-2,ABR971455481280,In Betrieb,Deutschland,Nordrhein-Westfalen,Euskirchen,Zülpich,53909,Zülpich,Römerallee,72,6.665089,50.702577,102.400,96.000,2025-06-12,,2024-07-30,Lithium-Batterie,Batterie,Speicher,SSE942289698571,102.400
SEE918731776005,Huawei Sun2000,ABR992601816879,In Betrieb,Deutschland,Sachsen-Anhalt,Börde,Erxleben,39343,Erxleben,Hinter den Gärten (Erxleben),4,11.234638,52.218012,100.000,100.000,2025-06-12,,2025-06-12,Lithium-Batterie,Batterie,Speicher,SSE920338926400,10.000
SEE979740416122,Batteriespeicher 129 kWh,ABR981054848728,In Betrieb,Deutschland,Bayern,Ansbach,Lehrberg,91611,Lehrberg,Oberheßbach,6,10.490532,49.366253,100.000,100.000,2025-06-12,,2025-06-11,Lithium-Batterie,Batterie,Speicher,SSE905487677397,129.000
SEE908756879379,Rossbach Wald 1246KW,ABR912659758464,In Betrieb,Deutschland,Bayern,Cham,Wald,93192,Wald,K.-Schwinger-Straße,3,12.333466,49.143567,225.000,225.000,2025-06-16,,2025-06-13,Lithium-Batterie,Batterie,Speicher,SSE909854478235,626.000
SEE970539555954,PV Speicher,ABR901190972095,In Betrieb,Deutschland,Nordrhein-Westfalen,Rhein-Kreis Neuss,Neuss,41468,Neuss,Am Reckberg,8,6.772116,51.172581,145.800,81.000,2025-06-16,,1923-07-11,Lithium-Batterie,Batterie,Speicher,SSE937972094402,81.000
SEE962276553065,Speicher Fenecon,ABR921049891612,In Planung,Deutschland,Sachsen,Zwickau,Limbach-Oberfrohna,09212,Limbach-Oberfrohna,Goethestraße,13,12.748508,50.859432,184.000,184.000,2025-06-18,2025-12-08,,Lithium-Batterie,Batterie,Speicher,SSE913436030391,254.000
SEE971745466652,Batteriespeicher EZ-01,ABR919188859556,In Betrieb,Deutschland,Nordrhein-Westfalen,Düren,Jülich,52428,Jülich,An der Deutschen Welle,22,6.362723,50.947777,250.000,250.000,2025-06-23,,2015-08-12,Lithium-Batterie,Batterie,Speicher,SSE955500504056,1000.000
SEE950695470780,Hörmann Anlage,ABR908583341896,In Betrieb,Deutschland,Niedersachsen,Hameln-Pyrmont,Emmerthal,31860,Emmerthal,Hauptstraße,60 B,9.386838,52.048730,100.000,100.000,2025-06-23,,2025-02-13,Lithium-Batterie,Batterie,Speicher,SSE948815982435,92.160
SEE989397720916,E3DC Speicher SG Ramstein,ABR974169719939,In Betrieb,Deutschland,Rheinland-Pfalz,Kaiserslautern,Ramstein-Miesenbach,66877,Ramstein-Miesenbach,Carl-Zeiss-Straße,1,7.536975,49.437654,240.000,240.000,2025-06-23,,2025-05-20,Lithium-Batterie,Batterie,Speicher,SSE962251973277,656.000
SEE994239952295,trlyr 3,ABR981242264477,In Betrieb,Deutschland,Bayern,Kulmbach,Untersteinach,95369,Untersteinach,Siemensstraße,2,11.540887,50.139252,10350.000,10350.000,2025-12-10,,2025-10-03,Lithium-Batterie,Batterie,Speicher,SSE934078120202,22016.000
SEE928773342809,Neres1,ABR960144483216,In Betrieb,Deutschland,Baden-Württemberg,Ostalbkreis,Neresheim,73450,Neresheim,Caspar-Vogler-Straße,1-3,10.303528,48.761751,100.000,100.000,2025-06-24,,2025-06-24,Lithium-Batterie,Batterie,Speicher,SSE947432487095,200.000
SEE960581372555,PV B-Werk,ABR923507504188,In Betrieb,Deutschland,Saarland,Regionalverband Saarbrücken,Großrosseln,66352,Großrosseln,Zum alten Bergwerk,,6.811056,49.182010,100.000,100.000,2025-06-25,,2025-06-13,Lithium-Batterie,Batterie,Speicher,SSE972925889544,96.800
SEE913032506863,Speicher 2025,ABR935385689109,In Betrieb,Deutschland,Nordrhein-Westfalen,Kleve,Kranenburg,47559,Kranenburg,Häfnerdeich,10,5.969628,51.813826,100.000,100.000,2025-06-26,,2025-06-11,Lithium-Batterie,Batterie,Speicher,SSE940572702615,215.000
SEE973091878851,Speicher Verwaltung Altbau Bissendorf,ABR991114165146,In Betrieb,Deutschland,Niedersachsen,Osnabrück,Bissendorf,49143,Bissendorf,Osnabrücker Straße,21,8.161500,52.237208,102.000,100.000,2025-08-14,,2025-06-26,Lithium-Batterie,Batterie,Speicher,SSE979842190562,224.100
SEE976809674196,Stromspeicher Eberl Hof 1,ABR988810525251,In Betrieb,Deutschland,Bayern,Dingolfing-Landau,Marklkofen,84163,Marklkofen,Reisbacher Straße,15,12.561119,48.556016,100.000,78.600,2025-06-26,,2025-06-17,Lithium-Batterie,Batterie,Speicher,SSE912522611223,215.000
SEE967052792928,Wessels_Landwehr_14_Rhede_Batterie,ABR919605858766,In Betrieb,Deutschland,Nordrhein-Westfalen,Borken,Rhede,46414,Rhede,Landwehr,14,6.710033,51.825037,736.000,736.000,2025-07-14,,2025-06-30,Lithium-Batterie,Batterie,Speicher,SSE969812481950,1288.000
SEE971547091243,Speicher 2025,ABR951792648867,In Betrieb,Deutschland,Nordrhein-Westfalen,Wesel,Sonsbeck,47665,Sonsbeck,Balberger Straße,78,6.350176,51.617816,100.000,100.000,2025-06-27,,2025-06-23,Lithium-Batterie,Batterie,Speicher,SSE958343268734,215.000
SEE964913287715,BSS IGB,ABR940858678825,In Betrieb,Deutschland,Saarland,Saarpfalz-Kreis,St. Ingbert,66386,St. Ingbert,Kahlenbergstraße,5,7.153308,49.276649,2800.000,2800.000,2025-07-15,,2025-07-01,Blei-Batterie,Batterie,Speicher,SSE992073450786,11672.000
SEE965050451632,BSS Saarwellingen,ABR940858678825,In Planung,Deutschland,Saarland,Saarlouis,Saarwellingen,66793,Saarwellingen,Werner-von-Siemens-Straße,7,6.791086,49.356798,1200.000,1200.000,2025-06-30,2025-07-15,,Lithium-Batterie,Batterie,Speicher,SSE996256500572,2688.000
SEE903513637179,Batteriespeicher 405 kW - 2025,ABR949860877875,In Betrieb,Deutschland,Niedersachsen,Emsland,Twist,49767,Twist,Max-Planck-Straße,4,7.182269,52.664421,405.000,405.000,2025-10-27,,2025-10-22,Lithium-Batterie,Batterie,Speicher,SSE944325708046,1233.000
SEE968717329923,BESS,ABR970656991192,In Planung,Deutschland,Baden-Württemberg,Sigmaringen,Pfullendorf,88630,Pfullendorf,Hesselbühl,6,9.274184,47.913893,100.000,100.000,2025-07-03,2025-12-01,,Lithium-Batterie,Batterie,Speicher,SSE946087657495,211.000
SEE940880208663,Meitzendorfer Straße 24a,ABR960617106680,In Betrieb,Deutschland,Sachsen-Anhalt,Börde,Barleben,39179,Barleben,Meitzendorfer Str.,24 A,11.613842,52.206322,110.000,100.580,2026-01-22,,2026-01-19,Lithium-Batterie,Batterie,Speicher,SSE967241633100,96.000
SEE944359856201,Meitzendorfer Straße 25,ABR960617106680,In Betrieb,Deutschland,Sachsen-Anhalt,Börde,Barleben,39179,Barleben,Meitzendorfer Str.,25 ,11.614030,52.206732,110.000,100.580,2026-01-22,,2026-01-19,Lithium-Batterie,Batterie,Speicher,SSE946779389451,96.000
SEE928989678129,Speicher,ABR904397100513,In Betrieb,Deutschland,Baden-Württemberg,Heilbronn,Bad Rappenau,74906,Bad Rappenau,Zementwerk,5,9.031844,49.259983,200.000,200.000,2025-07-04,,2025-07-01,Lithium-Batterie,Batterie,Speicher,SSE924857563443,430.000
SEE990309375971,Batteriespeicher BR-1,ABR962187436907,In Betrieb,Deutschland,Bayern,München,München,80993,München,Dachauer Straße,535,11.498017,48.191899,400.000,400.000,2025-10-14,,2025-09-16,Lithium-Batterie,Batterie,Speicher,SSE908071633571,924.000
SEE907153347665,Speicher Hotel,ABR972613495088,In Betrieb,Deutschland,Nordrhein-Westfalen,Wesel,Sonsbeck,47665,Sonsbeck,Marienbaumer Straße,152,6.372433,51.657191,108.000,100.000,2025-07-07,,2025-07-01,Sonstige Batterie,Batterie,Speicher,SSE945358597201,215.000
SEE938650956296,Speicher Stephansposching,ABR939887905095,In Betrieb,Deutschland,Bayern,Deggendorf,Stephansposching,94569,Stephansposching,Hans-Sachs-Straße,4,12.854080,48.798267,201.000,201.000,2025-07-08,,2025-07-03,Lithium-Batterie,Batterie,Speicher,SSE929400048866,252.000
SEE923713189285,"PV-Anlage Eishalle, Stromspeicher, Liftstraße 71, Herrischried",ABR945914873442,In Betrieb,Deutschland,Baden-Württemberg,Waldshut,Herrischried,79737,Herrischried,Liftstraße,71,7.986407,47.663653,110.000,110.000,2025-07-08,,2025-01-17,Lithium-Batterie,Batterie,Speicher,SSE956130733991,160.000
SEE961726224098,Batteriespeicher Schneeberg zur Verbesserung der Versorgungssicherheit,ABR964196876101,In Planung,Deutschland,Sachsen,Erzgebirgskreis,Schneeberg,08289,Schneeberg,,,12.642070,50.609339,8000.000,8000.000,2025-07-09,2026-02-16,,Lithium-Batterie,Batterie,Speicher,SSE937264337392,16000.000
SEE968079145124,PV-Speicher,ABR946136052523,In Betrieb,Deutschland,Rheinland-Pfalz,Neuwied,Oberhonnefeld-Gierend,56587,Oberhonnefeld-Gierend,Über dem Stellweg,23,7.527675,50.556766,100.000,100.000,2025-09-18,,2025-09-09,Lithium-Batterie,Batterie,Speicher,SSE955139183899,200.000
SEE969598579254,Speicher 2025,ABR901273712198,In Betrieb,Deutschland,Nordrhein-Westfalen,Wesel,Sonsbeck,47665,Sonsbeck,Alpener Straße,71,6.397943,51.596611,100.000,100.000,2025-07-10,,2025-07-08,Lithium-Batterie,Batterie,Speicher,SSE948693829648,215.000
SEE952850617306,FENECON Industrial S,ABR958642082147,In Betrieb,Deutschland,Bayern,Wunsiedel i. Fichtelgebirge,Marktredwitz,95615,Marktredwitz,Adalbert-Zoellner-Straße,1,12.111430,50.027138,147.200,147.200,2025-07-11,,2024-04-18,Nickel-Cadmium- / Nickel-Metallhydridbatterie,Batterie,Speicher,SSE993088336942,168.960
SEE956596589897,Speicher Karstädt,ABR989044820808,In Betrieb,Deutschland,Brandenburg,Prignitz,Karstädt,19357,Karstädt,Mühlenstraße,1 d,11.738645,53.163570,20700.000,20700.000,2025-07-12,,2025-02-28,Lithium-Batterie,Batterie,Speicher,SSE952271399782,35000.000
SEE933832506443,FBtec Stromspeicher,ABR911591371922,In Betrieb,Deutschland,Nordrhein-Westfalen,Hagen,Hagen,58119,Hagen,Elseyer Straße,21,7.556753,51.362366,184.000,184.000,2025-07-14,,2022-03-01,Lithium-Batterie,Batterie,Speicher,SSE907470525364,133.600
SEE992238400885,"Rodenkichen Flur 9 314/3, 315/3, 799/313, 321/1",ABR923199553242,In Planung,Deutschland,Niedersachsen,Wesermarsch,Stadland,26935,Stadland,,,8.447500,53.379807,4500.000,4500.000,2025-07-16,2026-03-01,,Lithium-Batterie,Batterie,Speicher,SSE936628601513,9000.000
SEE988786626310,2025 Speicher Dußlingen,ABR941278513277,In Betrieb,Deutschland,Baden-Württemberg,Tübingen,Dußlingen,72144,Dußlingen,Untere Breite,1,9.063020,48.468561,500.000,500.000,2025-07-17,,2025-06-05,Lithium-Batterie,Batterie,Speicher,SSE980956266944,966.000
SEE905648059437,"Rodenkirchen 9 819/244, 897/243, 738/254",ABR937051256936,In Planung,Deutschland,Niedersachsen,Wesermarsch,Stadland,26935,Stadland,,,8.458782,53.375125,1200.000,1200.000,2025-07-17,2026-03-01,,Lithium-Batterie,Batterie,Speicher,SSE987551488603,2400.000
SEE908597546256,"Rodenkirchen 9 246, 247, 644/207, 641/206, 820/245",ABR924759618234,In Planung,Deutschland,Niedersachsen,Wesermarsch,Stadland,26935,Stadland,,,8.455865,53.378700,1200.000,1200.000,2025-07-17,2026-03-01,,Lithium-Batterie,Batterie,Speicher,SSE941679301015,2400.000
SEE959289274155,Speicher PV-Anlage Prüstel Spedition NL Hartheim,ABR929334278308,In Betrieb,Deutschland,Baden-Württemberg,Breisgau-Hochschwarzwald,Hartheim am Rhein,79258,Hartheim,Gewerbestraße,2,7.651629,47.939406,352.000,88.000,2025-07-17,,2025-06-18,Lithium-Batterie,Batterie,Speicher,SSE956424718741,426.000
SEE990730073835,Parkhaus Altes Freibad - Stromspeicher,ABR961864240134,In Betrieb,Deutschland,Nordrhein-Westfalen,Coesfeld,Coesfeld,48653,Coesfeld,Friedrich-Ebert-Straße,10,7.176130,51.944173,100.000,100.000,2025-07-17,,2025-06-24,Lithium-Batterie,Batterie,Speicher,SSE938807849723,160.000
SEE959090349080,Speicher Umspannwerk,ABR962755647575,In Betrieb,Deutschland,Bayern,Ansbach,Feuchtwangen,91555,Feuchtwangen,,,10.330170,49.160140,8575.000,8575.000,2025-07-21,,2025-06-16,Lithium-Batterie,Batterie,Speicher,SSE963813711467,20365.000
SEE948927834400,PV-Park Michelsberg (BESS),ABR994319947715,In Planung,Deutschland,Hessen,Schwalm-Eder-Kreis,Schwalmstadt,34613,Schwalmstadt,,,9.239703,50.971770,2500.000,2500.000,2025-07-18,2026-03-31,,Lithium-Batterie,Batterie,Speicher,SSE952900040795,5000.000
SEE993236006611,Schwaba GmbH - Audi Zentrum Augsburg,ABR948626921050,In Betrieb,Deutschland,Bayern,Augsburg,Augsburg,86199,Augsburg,Eichleitnerstraße,11,10.885795,48.348877,168.000,92.000,2025-07-21,,2025-02-20,Lithium-Batterie,Batterie,Speicher,SSE963701753463,168.000
SEE953815288937,BESS Immenstadt,ABR904881155135,In Betrieb,Deutschland,Bayern,Oberallgäu,Immenstadt i. Allgäu,87509,Immenstadt,,,10.234394,47.559422,15800.000,15800.000,2025-07-29,,2025-06-05,Lithium-Batterie,Batterie,Speicher,SSE913970590269,32584.000
SEE981440813125,Speicher Halle neu,ABR952752503752,In Betrieb,Deutschland,Baden-Württemberg,Biberach,Schemmerhofen,88433,Schemmerhofen,Adolf-Kolping-Straße,1,9.832374,48.186401,100.000,100.000,2026-06-22,,2025-05-23,Lithium-Batterie,Batterie,Speicher,SSE905017114408,160.000
SEE959708619925,KMW Holzbau,ABR943293443805,In Betrieb,Deutschland,Sachsen,Vogtlandkreis,Klingenthal,08248,Klingenthal,Zwotaer Straße,59,12.450303,50.356752,125.000,125.000,2025-07-21,,2023-10-13,Lithium-Batterie,Batterie,Speicher,SSE904175034719,261.000
SEE925713962431,Schwaba Gebrauchtwagenzentrum,ABR948626921050,In Betrieb,Deutschland,Bayern,Augsburg,Gersthofen,86368,Gersthofen,Porschestraße,2,10.871529,48.408661,368.000,368.000,2025-07-22,,2025-05-27,Lithium-Batterie,Batterie,Speicher,SSE960529956533,588.000
SEE915930178005,Speicher Firma,ABR995248279236,In Betrieb,Deutschland,Nordrhein-Westfalen,Unna,Schwerte,58239,Schwerte,Emil-Rohrmann-Straße,2,7.591671,51.453574,165.000,165.000,2025-07-22,,2025-07-01,Lithium-Batterie,Batterie,Speicher,SSE928359031868,167.700
SEE904063944342,G-S-D Speicher,ABR960210242105,In Betrieb,Deutschland,Sachsen,Görlitz,Görlitz,02828,Görlitz,Am Flugplatz,19,14.954874,51.157816,270.000,270.000,2025-07-22,,2025-07-14,Lithium-Batterie,Batterie,Speicher,SSE917290657916,1305.000
SEE932752516075,Zwickau 2 Speicher,ABR993172764651,In Betrieb,Deutschland,Sachsen,Zwickau,Zwickau,08066,Zwickau,,,12.517842,50.712577,8519.680,8519.680,2025-07-22,,2025-07-02,Lithium-Batterie,Batterie,Speicher,SSE978829315790,7454.720
SEE936326531099,PV Anlage,ABR953795864282,In Betrieb,Deutschland,Nordrhein-Westfalen,Kleve,Kalkar,47546,Kalkar,Mühlenberg,50,6.352074,51.712578,100.000,100.000,2025-07-22,,2025-07-15,Lithium-Batterie,Batterie,Speicher,SSE988866695236,100.000
SEE973611407219,Batteriespeicher-616,ABR930429465022,In Betrieb,Deutschland,Bayern,Ostallgäu,Lengenwang,87663,Lengenwang,Gewerbestraße,13,10.602250,47.702430,225.000,225.000,2025-07-22,,2023-01-01,Lithium-Batterie,Batterie,Speicher,SSE974321441197,554.400
SEE922158261037,ECO POWER ONE CD,ABR963986876604,In Betrieb,Deutschland,Schleswig-Holstein,Schleswig-Flensburg,Bollingstedt,24855,Bollingstedt,,,9.473966,54.577266,51750.000,51750.000,2025-07-24,,2025-03-13,Lithium-Batterie,Batterie,Speicher,SSE948835574740,119264.000
SEE923609730690,Kuh und Kälberstall,ABR989911140077,In Betrieb,Deutschland,Niedersachsen,Harburg,Winsen (Luhe),21423,Winsen,Ole Karkweg,1,10.190682,53.341220,196.000,100.000,2025-07-24,,2025-07-03,Lithium-Batterie,Batterie,Speicher,SSE901315429824,196.000
SEE952961803858,ACH-München Westkreuz SC1,ABR948343575833,In Betrieb,Deutschland,Bayern,München,München,81243,München,Bodenseestraße,111,11.438694,48.144497,640.000,640.000,2025-07-24,,2025-07-24,Lithium-Batterie,Batterie,Speicher,SSE900462141184,1000.000
SEE948364978422,PV-Speicher Im Rohrbach 19,ABR932110853019,In Betrieb,Deutschland,Baden-Württemberg,Zollernalbkreis,Balingen,72336,Balingen,Im Rohrbach,19,8.857347,48.253194,100.000,100.000,2025-07-24,,2025-07-21,Lithium-Batterie,Batterie,Speicher,SSE951879464359,491.520
SEE910574320810,Biogas Kolenfeld Jungviehstall,ABR906998200593,In Betrieb,Deutschland,Niedersachsen,Region Hannover,Wunstorf,31515,Wunstorf,Bruchweg,,9.460143,52.382563,115.000,115.000,2025-07-24,,2025-07-30,Sonstige Batterie,Batterie,Speicher,SSE980274559506,215.000
SEE958859649256,Büro,ABR907723477853,In Betrieb,Deutschland,Nordrhein-Westfalen,Paderborn,Paderborn,33104,Paderborn,Lise-Meitner-Straße,6,8.717440,51.729312,100.000,100.000,2026-05-13,,2026-04-10,Lithium-Batterie,Batterie,Speicher,SSE965876759783,324.000
SEE986241248909,Batteriespeicher Gusenburg PV1,ABR978832391354,In Planung,Deutschland,Rheinland-Pfalz,Trier-Saarburg,Gusenburg,54413,Gusenburg,,,6.901697,49.653424,2520.000,2520.000,2025-07-27,2027-03-01,,Lithium-Batterie,Batterie,Speicher,SSE981905279800,5015.000
SEE936603223174,Batteriespeicher Gusenburg PV2,ABR978832391354,In Planung,Deutschland,Rheinland-Pfalz,Trier-Saarburg,Gusenburg,54413,Gusenburg,,,6.898754,49.653892,5040.000,5040.000,2025-07-27,2027-03-01,,Lithium-Batterie,Batterie,Speicher,SSE977941478529,10030.000
SEE937390839326,Solaxspeicher 215 KW,ABR904319471677,In Betrieb,Deutschland,Bayern,Weißenburg-Gunzenhausen,Pappenheim,91788,Pappenheim,Osterdorf,73,10.963040,48.954624,100.000,100.000,2025-07-28,,2025-07-28,Lithium-Batterie,Batterie,Speicher,SSE903518064451,215.000
SEE982778327469,Speicher Kammerstück 41,ABR924394734894,In Betrieb,Deutschland,Nordrhein-Westfalen,Dortmund,Dortmund,44357,Dortmund,Kammerstück,41,7.374348,51.559462,220.000,220.000,2025-07-28,,2025-07-09,Lithium-Batterie,Batterie,Speicher,SSE924916912540,450.000
SEE969539473306,Stromspeicher-127.2025,ABR988465025182,In Betrieb,Deutschland,Hessen,Main-Kinzig-Kreis,Gelnhausen,63571,Gelnhausen,Am Spitalacker,1,9.166294,50.205085,196.000,196.000,2025-07-28,,2025-07-23,Lithium-Batterie,Batterie,Speicher,SSE944899745089,193.500
SEE931085588599,Evciler,ABR929062269258,In Planung,Deutschland,Nordrhein-Westfalen,Krefeld,Krefeld,47829,Krefeld,Alte Krefelder Straße,23,6.647828,51.353499,5400.000,1000.000,2025-07-28,2025-09-01,,Redox-Flow-Batterie,Batterie,Speicher,SSE970664888651,10000.000
SEE908260496888,Schwa-35_Stromspeicher,ABR928184423364,In Betrieb,Deutschland,Baden-Württemberg,Konstanz,Konstanz,78467,Konstanz,Schwaketenstraße,35,9.159035,47.689693,100.000,100.000,2025-07-29,,2025-03-19,Lithium-Batterie,Batterie,Speicher,SSE970801040003,217.900
SEE990611440718,enerkii Bad Lobenstein - Speicher,ABR965580689697,In Betrieb,Deutschland,Thüringen,Saale-Orla-Kreis,Bad Lobenstein,07356,Bad Lobenstein,Poststraße,39,11.631477,50.462314,100.000,100.000,2025-07-30,,2025-07-30,Lithium-Batterie,Batterie,Speicher,SSE946169196492,215.000
SEE966772334135,Speicher,ABR956449611508,In Planung,Deutschland,Bremen,Bremen,Bremen,28219,Bremen,Schongauer Straße,7,8.799423,53.107196,2556.000,2556.000,2025-07-30,2026-02-28,,Lithium-Batterie,Batterie,Speicher,SSE959420261068,4472.000
SEE944294969196,Batteriespeicher GBS35,ABR927029821044,In Planung,Deutschland,Baden-Württemberg,Calw,Calw,75365,Calw,Gottlob-Bauknecht-Straße,35,8.767255,48.705830,115.000,48.000,2025-07-30,2025-12-01,,Lithium-Batterie,Batterie,Speicher,SSE996723717946,240.000
SEE939652941914,PV-Speicher LUNA2000 (Speicher 1.2),ABR992209465424,In Betrieb,Deutschland,Baden-Württemberg,Tuttlingen,Fridingen an der Donau,78567,Fridingen,Dr.-Werner-Esser-Str.,1,8.940557,48.039386,2236.000,2236.000,2026-04-08,,2026-03-10,Lithium-Batterie,Batterie,Speicher,SSE945116995775,4472.000
SEE954576589264,QWB COE Batterie groß,ABR915392228539,In Planung,Deutschland,Nordrhein-Westfalen,Coesfeld,Coesfeld,48653,Coesfeld,Letter Bruch,13,7.123523,51.866075,1200.000,1200.000,2025-07-31,2026-08-01,,Lithium-Batterie,Batterie,Speicher,SSE928830514743,6345.000
SEE942757994211,Forton,ABR978841983380,In Betrieb,Deutschland,Nordrhein-Westfalen,Borken,Borken,46325,Borken,Aechterhookstraße,32,6.810962,51.824535,184.000,184.000,2025-08-01,,2025-07-24,Lithium-Batterie,Batterie,Speicher,SSE916290831159,368.000
SEE965099842934,Stromspeicher1-Kodersdorf,ABR979428295070,In Betrieb,Deutschland,Sachsen,Görlitz,Kodersdorf,02923,Kodersdorf,Industriestraße,2,14.917146,51.223197,200.000,200.000,2025-08-01,,2025-07-16,Lithium-Batterie,Batterie,Speicher,SSE991895058606,387.000
SEE973066649653,Speicher - Halle 1,ABR917050359937,In Betrieb,Deutschland,Nordrhein-Westfalen,Märkischer Kreis,Iserlohn,58644,Iserlohn,In der Bräke,8,7.681605,51.334903,110.000,110.000,2025-08-01,,2025-07-18,Lithium-Batterie,Batterie,Speicher,SSE985452149586,215.000
SEE910977344703,Batteriespeicher Wiesenstraße,ABR942491613195,In Planung,Deutschland,Nordrhein-Westfalen,Düsseldorf,Düsseldorf,40549,Düsseldorf,Wiesenstraße,76-78,6.707202,51.225853,10000.000,9200.000,2025-08-01,2027-08-31,,Lithium-Batterie,Batterie,Speicher,SSE947022036146,20064.000
SEE958765101657,Speicher Nordost,ABR969603507029,In Planung,Deutschland,Nordrhein-Westfalen,Dortmund,Dortmund,44329,Dortmund,,,7.543207,51.579908,1400.000,1400.000,2025-08-01,2027-07-01,,Lithium-Batterie,Batterie,Speicher,SSE900190431052,2800.000
SEE947635815305,Grün PV 2025 Speicher,ABR924584677543,In Betrieb,Deutschland,Nordrhein-Westfalen,Siegen-Wittgenstein,Wilnsdorf,57234,Wilnsdorf,Siegener Straße,81,8.080322,50.860971,110.000,100.000,2025-08-04,,2024-10-15,Lithium-Batterie,Batterie,Speicher,SSE990618192849,101.000
SEE905100870198,Speicher PVA Haitzing,ABR988034796239,In Planung,Deutschland,Bayern,Passau,Windorf,94575,Windorf,,,13.273656,48.658547,2236.000,2236.000,2025-08-04,2026-04-22,,Lithium-Batterie,Batterie,Speicher,SSE948816239989,4472.000
SEE977412622109,BESS APV Heimbach,ABR931819733677,In Planung,Deutschland,Rheinland-Pfalz,Birkenfeld,Heimbach,55779,Heimbach,Altwieserhof,1,7.251082,49.622721,1210.000,1210.000,2025-08-04,2026-07-01,,Lithium-Batterie,Batterie,Speicher,SSE934655300140,2420.000
SEE992069875630,Speicher 1 Bad Wildungen,ABR919994718450,In Planung,Deutschland,Hessen,Waldeck-Frankenberg,Bad Wildungen,34537,Bad Wildungen,Gilsarteich,3,9.150810,51.121660,194.000,194.000,2025-08-04,2025-08-12,,Lithium-Batterie,Batterie,Speicher,SSE954642156505,387.000
SEE921222366043,Batteriepark Metelen,ABR918952916969,In Betrieb,Deutschland,Nordrhein-Westfalen,Steinfurt,Metelen,48629,Metelen,,,7.226991,52.154179,92500.000,92500.000,2026-03-18,,2026-03-10,Sonstige Batterie,Batterie,Speicher,SSE942340598024,231000.000
SEE938816080216,Solax Speicher 1290kWh 600KW 05.08.2025,ABR988119730479,In Betrieb,Deutschland,Bayern,Weißenburg-Gunzenhausen,Pappenheim,91788,Pappenheim,Göhren,95,11.013607,48.951726,600.000,600.000,2025-08-05,,2025-08-05,Lithium-Batterie,Batterie,Speicher,SSE935665352006,1290.000
SEE916321067168,Batteriespeicher Gegenbachstraße,ABR925864519652,In Betrieb,Deutschland,Bayern,Passau,Breitenberg,94139,Breitenberg,Gegenbachstraße,1,13.790892,48.701895,100.000,100.000,2025-08-05,,2025-07-16,Lithium-Batterie,Batterie,Speicher,SSE921831110341,215.000
SEE983384565948,Speicher PV POE-Maising,ABR934839738578,In Planung,Deutschland,Bayern,Starnberg,Pöcking,82343,Pöcking,,,11.297355,47.982753,2320.000,2320.000,2025-08-05,2026-10-01,,Lithium-Batterie,Batterie,Speicher,SSE917870784384,6200.000
SEE919978964262,Stromspeicher Batterie Riegel II,ABR988666134065,In Betrieb,Deutschland,Baden-Württemberg,Ostalbkreis,Neresheim,73450,Neresheim,,,10.300512,48.757833,8096.000,8096.000,2025-08-05,,2025-08-01,Lithium-Batterie,Batterie,Speicher,SSE958103814058,14168.000
SEE974328962299,Rudolf-Bohnacker-Straße 6 Rottenacker,ABR921018787038,In Betrieb,Deutschland,Baden-Württemberg,Alb-Donau-Kreis,Rottenacker,89616,Rottenacker,Rudolf- Bohnacker- Straße,6,9.701673,48.230162,704.000,704.000,2025-08-05,,2025-07-15,Lithium-Batterie,Batterie,Speicher,SSE921662900340,853.200
SEE987991614587,Solarpark Goldbach - Stumpertsacker,ABR955293394254,In Planung,Deutschland,Bayern,Aschaffenburg,Goldbach,63773,Goldbach,,,9.193319,49.993269,2236.000,2236.000,2025-08-05,2026-09-01,,Lithium-Batterie,Batterie,Speicher,SSE941063950263,4472.000
SEE999471269620,Stromspeicher Neuwirt,ABR918770962452,In Betrieb,Deutschland,Bayern,Freising,Hallbergmoos,85399,Hallbergmoos,Hauptstraße,51,11.741602,48.309382,120.000,120.000,2025-08-06,,2025-07-25,Lithium-Batterie,Batterie,Speicher,SSE900370319262,328.000
SEE920333151036,Speicher 2025,ABR951714949959,In Betrieb,Deutschland,Nordrhein-Westfalen,Steinfurt,Ibbenbüren,49479,Ibbenbüren,Buchholzstr.,70,7.708711,52.327464,100.000,100.000,2025-08-06,,2025-08-05,Sonstige Batterie,Batterie,Speicher,SSE994548962664,215.000
SEE941735857784,Schwieberdingen 2 Batterie,ABR994066870342,In Planung,Deutschland,Baden-Württemberg,Ludwigsburg,Schwieberdingen,71701,Schwieberdingen,,,9.100035,48.887143,2088.000,2088.000,2025-08-07,2026-04-01,,Lithium-Batterie,Batterie,Speicher,SSE962707140161,4176.000
SEE950613793724,BESS Moorhof,ABR933723088379,In Betrieb,Deutschland,Sachsen-Anhalt,Harz,Quedlinburg,06484,Quedlinburg,Gernröder Weg,4 A,11.142298,51.777732,176.000,176.000,2025-08-07,,2025-01-23,Lithium-Batterie,Batterie,Speicher,SSE935785072099,398.000
SEE988346089753,Akku,ABR973648609723,In Betrieb,Deutschland,Hessen,Lahn-Dill-Kreis,Wetzlar,35578,Wetzlar,Siegmund-Hiepe-Straße (WZ),2,8.481999,50.551116,184.000,184.000,2025-08-07,,2025-04-28,Lithium-Batterie,Batterie,Speicher,SSE966607880899,492.000
SEE936077652739,Batteriespeicher,ABR963377625118,In Planung,Deutschland,Nordrhein-Westfalen,Coesfeld,Senden,48308,Senden,Broholt,35,7.548616,51.826160,1500.000,1500.000,2025-08-08,2026-07-31,,Lithium-Batterie,Batterie,Speicher,SSE958481318773,3600.000
SEE916287255258,Speicher FOX,ABR903165454834,In Betrieb,Deutschland,Bayern,Bamberg,Zapfendorf,96199,Zapfendorf,Bamberger Straße,50,10.925711,50.012823,100.000,100.000,2025-08-11,,2025-08-08,Lithium-Batterie,Batterie,Speicher,SSE937463256401,215.000
SEE949567660558,Großspeicher_Hofstelle_1,ABR938392538040,In Betrieb,Deutschland,Bayern,Kelheim,Kirchdorf,93348,Kirchdorf,,,11.926417,48.766029,108.000,108.000,2025-08-11,,2025-08-05,Lithium-Batterie,Batterie,Speicher,SSE975432211525,215.000
SEE953341228704,Großspeicher_Hofstelle_2,ABR938392538040,In Betrieb,Deutschland,Bayern,Kelheim,Kirchdorf,93348,Kirchdorf,,,11.926417,48.766029,108.000,108.000,2025-08-11,,2025-08-06,Lithium-Batterie,Batterie,Speicher,SSE990278659348,215.000
SEE984533008408,Speicher LSK,ABR957483248132,In Betrieb,Deutschland,Niedersachsen,Osnabrück,Melle,49324,Melle,Betonstraße,19,8.306878,52.228880,100.000,100.000,2025-08-11,,2023-12-06,Lithium-Batterie,Batterie,Speicher,SSE983550149019,160.000
SEE966758284447,Terra One Energy Grid 2 GmbH,ABR902772494981,In Planung,Deutschland,Niedersachsen,Stade,Ahlerstedt,21702,Ahlerstedt,,,9.421017,53.418419,15000.000,15000.000,2025-08-11,2025-12-04,,Lithium-Batterie,Batterie,Speicher,SSE933308083904,30000.000
SEE969626761798,Batteriespeicher Werk 1 Otto Christ AG,ABR975183090493,In Betrieb,Deutschland,Bayern,Unterallgäu,Benningen,87734,Benningen,Memminger Straße,51,10.203828,47.966407,176.000,176.000,2025-08-12,,2025-04-11,Lithium-Batterie,Batterie,Speicher,SSE937473547421,588.600
SEE954162911738,BEE - BESS Haßlinghausen,ABR977097242463,In Planung,Deutschland,Nordrhein-Westfalen,Ennepe-Ruhr-Kreis,Sprockhövel,45549,Sprockhövel,,,7.315423,51.329691,3750.000,3750.000,2025-08-12,2027-08-03,,Lithium-Batterie,Batterie,Speicher,SSE915246913819,7500.000
SEE971815140352,hep solar Buchloe GmbH ＆ Co. KG Speicher,ABR915459487763,In Planung,Deutschland,Bayern,Ostallgäu,Buchloe,86807,Buchloe,,,10.688250,48.026964,3048.000,3000.000,2025-08-12,2026-12-31,,Lithium-Batterie,Batterie,Speicher,SSE952565396909,6096.000
SEE955745349863,GA-Germering Batterie,ABR944783305603,In Betrieb,Deutschland,Bayern,Fürstenfeldbruck,Germering,82110,Germering,Riegerstr.,7,11.367960,48.116580,100.000,50.000,2025-09-05,,2025-07-24,Lithium-Batterie,Batterie,Speicher,SSE921661967511,480.000
SEE935864507214,Kahle Hannover 3,ABR988345087279,In Betrieb,Deutschland,Niedersachsen,Region Hannover,Hannover,30419,Hannover,Am Leineufer,49,9.634878,52.417662,200.000,200.000,2025-08-13,,2025-08-01,Lithium-Batterie,Batterie,Speicher,SSE914116321969,408.500
SEE915264990090,Bürger PV Berlichingen Speicher 1,ABR991504676306,In Planung,Deutschland,Baden-Württemberg,Hohenlohekreis,Schöntal,74214,Schöntal,Ziegelhütte,,9.506101,49.320638,6700.000,6700.000,2025-08-13,2027-01-01,,Lithium-Batterie,Batterie,Speicher,SSE969453780238,20000.000
SEE965457423300,PV-Speicher Engelsberg,ABR936841499218,In Betrieb,Deutschland,Bayern,Traunstein,Engelsberg,84549,Engelsberg,Gießmühler Straße,1,12.567557,48.107371,108.000,108.000,2025-08-14,,2025-08-13,Lithium-Batterie,Batterie,Speicher,SSE965476921818,193.500
SEE984846961674,Speicher I,ABR988265034674,In Betrieb,Deutschland,Nordrhein-Westfalen,Hochsauerlandkreis,Medebach,59964,Medebach,Twengweg,13,8.651882,51.252395,1056.000,1056.000,2025-09-02,,2025-09-01,Lithium-Batterie,Batterie,Speicher,SSE924987653397,1387.000
SEE997717393634,Speicher II,ABR988265034674,In Betrieb,Deutschland,Nordrhein-Westfalen,Hochsauerlandkreis,Medebach,59964,Medebach,Twengweg,13,8.651882,51.252395,1408.000,1408.000,2025-09-02,,2025-09-01,Lithium-Batterie,Batterie,Speicher,SSE937862302754,1706.400
SEE909848527024,Batteriespeicher,ABR929920813715,In Betrieb,Deutschland,Nordrhein-Westfalen,Hagen,Hagen,58091,Hagen,Delsterner Straße,92,7.509964,51.341790,125.000,125.000,2025-08-14,,2025-08-13,Lithium-Batterie,Batterie,Speicher,SSE927510850690,245.000
SEE948553867506,Speicher,ABR985438163254,In Planung,Deutschland,Sachsen-Anhalt,Anhalt-Bitterfeld,Osternienburger Land,06386,Osternienburger Land,,,12.102613,51.805205,10000.000,10000.000,2025-08-14,2027-01-01,,Lithium-Batterie,Batterie,Speicher,SSE992103699741,20000.000
SEE965347778626,Speicher Altenstadt / Limeshain,ABR924410946720,In Planung,Deutschland,Hessen,Wetteraukreis,Altenstadt,63674,Altenstadt,,,8.972182,50.279258,10030.000,5000.000,2025-08-15,2027-04-01,,Lithium-Batterie,Batterie,Speicher,SSE944265067593,10030.000
SEE995051903540,Stromspeicher neue Halle,ABR972949004008,In Betrieb,Deutschland,Bayern,Ostallgäu,Ruderatshofen,87674,Ruderatshofen,Poststraße,7,10.590417,47.816787,120.000,50.000,2025-08-15,,2025-08-14,Sonstige Batterie,Batterie,Speicher,SSE991270328393,60.000
SEE956466143402,Meyenburger Energiepark Batteriespeicher,ABR970726262009,In Planung,Deutschland,Brandenburg,Prignitz,Meyenburg,16945,Meyenburg,,,12.246352,53.304184,3000.000,3000.000,2025-08-18,2026-09-30,,Lithium-Batterie,Batterie,Speicher,SSE940746607869,11280.000
SEE999472367820,Batteriespeicher 2025,ABR938667269754,In Betrieb,Deutschland,Bayern,Ebersberg,Vaterstetten,85599,Parsdorf,Münchener Straße,2 a,11.795156,48.146034,100.000,100.000,2025-08-18,,2025-04-22,Lithium-Batterie,Batterie,Speicher,SSE959392531169,97.000
SEE902266544949,Solaranlage Dach,ABR993952891164,In Betrieb,Deutschland,Niedersachsen,Lüneburg,Kirchgellersen,21394,Kirchgellersen,Westergellerser Straße,6 A,10.287862,53.230563,100.000,100.000,2025-08-18,,2025-08-07,Lithium-Batterie,Batterie,Speicher,SSE924663586704,10.000
SEE926931696320,Batterie - Produktionshalle,ABR906600152425,In Betrieb,Deutschland,Baden-Württemberg,Breisgau-Hochschwarzwald,Hartheim am Rhein,79258,Hartheim,Hollihof,1 A,7.622476,47.931028,160.000,50.000,2025-08-18,,2025-08-14,Lithium-Batterie,Batterie,Speicher,SSE948410184234,80.000
SEE981138656072,Speicher Wonfurt,ABR927217718941,In Planung,Deutschland,Bayern,Haßberge,Wonfurt,97539,Wonfurt,,,10.486057,50.005206,1278.000,1278.000,2025-08-19,2026-09-23,,Lithium-Batterie,Batterie,Speicher,SSE900189474190,4500.000
SEE968406431401,BMW Müller Dynamic Trier Speicher,ABR915024359129,In Betrieb,Deutschland,Rheinland-Pfalz,Trier,Trier,54292,Trier,Ruwerer Straße,1 A,6.684747,49.775532,102.000,102.000,2025-08-19,,2025-08-12,Lithium-Batterie,Batterie,Speicher,SSE906980597601,112.000
SEE961527010593,Becker-Hardt Batteriespeicher,ABR987160801091,In Betrieb,Deutschland,Nordrhein-Westfalen,Borken,Borken,46325,Borken,Zum Knüstingbach,9,6.845636,51.868484,108.000,80.000,2026-02-09,,2026-01-14,Lithium-Batterie,Batterie,Speicher,SSE914159792801,215.000
SEE931040884414,Schweinestall Speicher,ABR992027569809,In Betrieb,Deutschland,Nordrhein-Westfalen,Wesel,Voerde (Niederrhein),46562,Voerde,Mehrstraße,34,6.621036,51.595941,108.000,108.000,2026-04-28,,2026-03-26,Lithium-Batterie,Batterie,Speicher,SSE959613145922,107.500
SEE981866838481,Batteriespeicher Nauen V,ABR915166681270,In Planung,Deutschland,Brandenburg,Havelland,Nauen,14641,Nauen,,,12.859083,52.561812,5250.000,5250.000,2025-08-20,2027-01-01,,Lithium-Batterie,Batterie,Speicher,SSE946367808609,10500.000
SEE953827140490,Batteriespeicher Lengerich,ABR900583723115,In Planung,Deutschland,Nordrhein-Westfalen,Steinfurt,Lengerich,49525,Lengerich,,,7.795255,52.191435,3500.000,3500.000,2025-08-20,2027-01-01,,Lithium-Batterie,Batterie,Speicher,SSE978929842110,7000.000
SEE977904625557,TRONIC,ABR939819529917,In Planung,Deutschland,Bayern,Nürnberg,Nürnberg,90431,Nürnberg,Tillypark,121,11.033958,49.435579,800.000,800.000,2026-06-27,2026-06-28,,Lithium-Batterie,Batterie,Speicher,SSE901083152863,2.200
SEE966587082344,Speicher Querenbach,ABR953612871226,In Planung,Deutschland,Bayern,Hof,Stammbach,95236,Stammbach,,,11.741302,50.150228,6580.000,6580.000,2026-04-27,2027-11-08,,Lithium-Batterie,Batterie,Speicher,SSE911698613758,13160.000
SEE954066913074,Batteriespeicher-Park Worms,ABR931678066954,In Betrieb,Deutschland,Rheinland-Pfalz,Worms,Worms,67547,Worms,,,8.356622,49.651320,30000.000,30000.000,2026-03-25,,2026-01-29,Lithium-Batterie,Batterie,Speicher,SSE928892959858,62688.000
SEE901268232014,trlyr 4,ABR993144943596,In Betrieb,Deutschland,Sachsen,Mittelsachsen,Döbeln,04720,Döbeln,Stockhausener Straße,6,13.093779,51.123343,15804.000,15804.000,2026-01-06,,2025-12-03,Lithium-Batterie,Batterie,Speicher,SSE989000925035,32490.000
SEE900923294442,BESS Altlüdersdorf,ABR993275436431,In Planung,Deutschland,Brandenburg,Oberhavel,Gransee,16775,Gransee,,,13.181149,53.048343,5000.000,5000.000,2025-08-22,2027-04-01,,Lithium-Batterie,Batterie,Speicher,SSE942294956246,12500.000
SEE971221200053,Batterie_Nürnberger Str.,ABR942676607131,In Betrieb,Deutschland,Bayern,Neumarkt i.d. OPf.,Neumarkt i.d. OPf.,92318,Neumarkt,Nürnberger Straße,41,11.441839,49.288059,184.000,92.000,2025-08-22,,2025-08-21,Lithium-Batterie,Batterie,Speicher,SSE912907320948,164.000
SEE957753304292,Stromspeicher-145.2025,ABR934957800300,In Betrieb,Deutschland,Hessen,Lahn-Dill-Kreis,Wetzlar,35576,Wetzlar,Naunheimer Straße (NG),36,8.508054,50.576406,100.000,100.000,2025-08-22,,2025-08-19,Lithium-Batterie,Batterie,Speicher,SSE927409466100,200.000
SEE902983769656,Batterie Garage,ABR936288178837,In Betrieb,Deutschland,Bayern,Oberallgäu,Dietmannsried,87463,Dietmannsried,Eichholz,15,10.276728,47.844622,184.000,184.000,2025-08-22,,2025-08-13,Lithium-Batterie,Batterie,Speicher,SSE976531729553,600.000
SEE952921591726,PVA Seehausen Innovation Speicher,ABR909205547986,In Planung,Deutschland,Sachsen-Anhalt,Börde,Wanzleben-Börde,39164,Wanzleben-Börde,Seeblick,3,11.284334,52.106122,375.000,375.000,2025-08-22,2026-06-01,,Lithium-Batterie,Batterie,Speicher,SSE930664213198,783.600
SEE988737823843,Speicher Pottenstein,ABR901045300707,In Planung,Deutschland,Bayern,Bayreuth,Pottenstein,91278,Pottenstein,,,11.444635,49.803348,1278.000,1278.000,2025-08-22,2026-08-01,,Lithium-Batterie,Batterie,Speicher,SSE964080771352,2556.000
SEE923883997314,Speicher Sinntal,ABR900201116954,In Planung,Deutschland,Hessen,Main-Kinzig-Kreis,Sinntal,36391,Sinntal,,,9.582195,50.300059,1278.000,1278.000,2025-08-22,2026-08-01,,Lithium-Batterie,Batterie,Speicher,SSE901862504098,2556.000
SEE987287625068,BESS zur PV-FFA Gardelegen Flugplatz,ABR972891983246,In Planung,Deutschland,Sachsen-Anhalt,Altmarkkreis Salzwedel,Gardelegen,39638,Gardelegen,,,11.342086,52.523914,7500.000,7500.000,2025-08-25,2027-02-01,,Lithium-Batterie,Batterie,Speicher,SSE932637051615,15000.000
SEE967934196264,Speicher APV Bad Waldsee,ABR994712669689,In Planung,Deutschland,Baden-Württemberg,Ravensburg,Bad Waldsee,88339,Bad Waldsee,,,9.768150,47.908640,2032.000,2032.000,2025-08-25,2026-12-31,,Lithium-Batterie,Batterie,Speicher,SSE970784936614,4500.000
SEE900748205791,Speicher APV Kißlegg,ABR991566458513,In Planung,Deutschland,Baden-Württemberg,Ravensburg,Kißlegg,88353,Kißlegg,,,9.900710,47.782700,2032.000,2032.000,2025-08-25,2026-12-31,,Lithium-Batterie,Batterie,Speicher,SSE926243410607,4500.000
SEE960515723361,Speicher August 2025,ABR904074845232,In Betrieb,Deutschland,Niedersachsen,Vechta,Dinklage,49413,Dinklage,Bahler Straße,42,8.126876,52.691652,100.000,100.000,2025-08-26,,2025-08-26,Lithium-Batterie,Batterie,Speicher,SSE946333688402,215.000
SEE920046158025,GS Solargarten,ABR997481012212,In Betrieb,Deutschland,Hessen,Kassel,Niestetal,34266,Niestetal,Am Solargarten,1,9.568942,51.317810,14200.000,14200.000,2026-01-14,,2025-12-15,Sonstige Batterie,Batterie,Speicher,SSE975485095998,27648.000
SEE987543360665,Speicher Trugenhofen-Rohrbach-Rennertshofen - P24-036,ABR904512072893,In Planung,Deutschland,Bayern,Neuburg-Schrobenhausen,Rennertshofen,86643,Rennertshofen,,,11.026301,48.766517,1900.000,1900.000,2025-08-26,2026-08-01,,Lithium-Batterie,Batterie,Speicher,SSE945496752272,3800.000
SEE901217667249,Speicher Neufahrn b. Freising III - P23-397,ABR920389417698,In Planung,Deutschland,Bayern,Freising,Neufahrn b. Freising,85375,Neufahrn,,,11.650021,48.329007,850.000,850.000,2025-08-26,2026-08-01,,Lithium-Batterie,Batterie,Speicher,SSE908553690757,1700.000
SEE986546975494,Speicher Seubersdorf PR - P25-018,ABR989785290052,In Planung,Deutschland,Bayern,Neumarkt i.d. OPf.,Seubersdorf i.d. OPf.,92358,Seubersdorf,,,11.607634,49.181948,1000.000,1000.000,2025-08-26,2026-08-01,,Lithium-Batterie,Batterie,Speicher,SSE944314387368,2000.000
SEE970148262014,Batteriespeicher Nufringen,ABR953284256413,In Betrieb,Deutschland,Baden-Württemberg,Böblingen,Nufringen,71154,Nufringen,Rudolf-Diesel-Straße,8,8.898101,48.628301,400.000,400.000,2025-09-30,,2025-07-31,Lithium-Batterie,Batterie,Speicher,SSE932132755810,481.000
SEE997964210746,BESS zur PV-FFA Niedergörsdorf,ABR906041621061,In Planung,Deutschland,Brandenburg,Teltow-Fläming,Niedergörsdorf,14913,Niedergörsdorf,,,12.943945,51.965240,7500.000,7500.000,2025-08-26,2027-09-01,,Lithium-Batterie,Batterie,Speicher,SSE993805823427,15000.000
SEE949605072114,SP AEN Batteriespeicher A3/A5,ABR926804836945,In Planung,Deutschland,Bayern,Freising,Au i.d. Hallertau,84072,Au,,,11.675345,48.553687,482.000,482.000,2025-08-26,2026-04-01,,Lithium-Batterie,Batterie,Speicher,SSE964735928186,964.000
SEE932814226751,SP AEN Batteriespeicher A4,ABR926804836945,In Planung,Deutschland,Bayern,Freising,Au i.d. Hallertau,84072,Au,,,11.675345,48.553687,786.000,786.000,2025-08-26,2026-04-01,,Lithium-Batterie,Batterie,Speicher,SSE930439823447,1572.000
SEE904986763730,Batteriespeicher Nauen III,ABR915166681270,In Planung,Deutschland,Brandenburg,Havelland,Nauen,14641,Nauen,,,12.860973,52.561627,3500.000,3500.000,2025-08-26,2027-01-01,,Lithium-Batterie,Batterie,Speicher,SSE977603792161,7000.000
SEE928023239590,BAT Fürstenfeldbruck,ABR989646990305,In Planung,Deutschland,Bayern,Fürstenfeldbruck,Fürstenfeldbruck,82256,Fürstenfeldbruck,,,11.276490,48.173602,8000.000,6600.000,2025-08-27,2026-08-31,,Lithium-Batterie,Batterie,Speicher,SSE905206878920,16000.000
SEE960215928783,Speicher Waffenbrunn,ABR991542006028,In Planung,Deutschland,Bayern,Cham,Waffenbrunn,93494,Waffenbrunn,,,12.671616,49.255286,1100.000,1100.000,2025-08-27,2026-09-01,,Lithium-Batterie,Batterie,Speicher,SSE919953595184,2250.000
SEE903270580398,PVA Linda-Speicher,ABR913299709328,In Betrieb,Deutschland,Thüringen,Weimarer Land,Mechelroda,99441,Mechelroda,,,11.399897,50.913092,920.000,920.000,2026-06-19,,2026-06-19,Lithium-Batterie,Batterie,Speicher,SSE980469964306,1840.000
SEE975263910024,"Grünstromspeicher Krummennaab 4,8 MW",ABR921411392013,In Planung,Deutschland,Bayern,Tirschenreuth,Krummennaab,92703,Krummennaab,,,12.112040,49.827470,4800.000,4800.000,2025-08-27,2026-09-30,,Lithium-Batterie,Batterie,Speicher,SSE944481768496,10031.920
SEE943565693266,50 kW Erweiterung der PV Anlage auf KZ,ABR971782548816,In Betrieb,Deutschland,Niedersachsen,Emsland,Papenburg,26871,Papenburg,Splitting rechts,199,7.467437,53.038024,100.000,100.000,2025-08-27,,2025-08-27,Lithium-Batterie,Batterie,Speicher,SSE917624797769,224.000
SEE995106340924,Speicher Inchenhofen III - P22-578 - Teil 2,ABR903769667838,In Planung,Deutschland,Bayern,Aichach-Friedberg,Inchenhofen,86570,Inchenhofen,,,11.090460,48.536620,3750.000,3750.000,2025-08-28,2026-08-01,,Lithium-Batterie,Batterie,Speicher,SSE928808893344,7500.000
SEE907289746684,Emkendorf Grotenheid 2 Speicher,ABR921233842260,In Planung,Deutschland,Schleswig-Holstein,Rendsburg-Eckernförde,Emkendorf,24802,Emkendorf,,,9.791200,54.240943,6800.000,6800.000,2025-08-28,2028-01-31,,Lithium-Batterie,Batterie,Speicher,SSE971109120039,13600.000
SEE937522515654,Bernhardswinden Speicher,ABR934451432649,In Planung,Deutschland,Bayern,Ansbach,Ansbach,91522,Ansbach,,,10.570370,49.256061,1338.000,1338.000,2025-08-28,2026-07-01,,Lithium-Batterie,Batterie,Speicher,SSE904998507278,1005.000
SEE967874076718,Frankfurt Oder Lindower Weg Speicher,ABR932198268156,In Planung,Deutschland,Brandenburg,Frankfurt (Oder),Frankfurt (Oder),15236,Frankfurt,,,14.462864,52.289016,6800.000,6800.000,2025-08-28,2028-01-31,,Lithium-Batterie,Batterie,Speicher,SSE995932047110,13600.000
SEE975758930971,Speicher Zell,ABR987243774533,In Planung,Deutschland,Bayern,Hof,Zell im Fichtelgebirge,95239,Zell,,,11.777782,50.142098,3253.000,3253.000,2025-08-28,2028-01-03,,Lithium-Batterie,Batterie,Speicher,SSE912165902108,6506.000
SEE985857643535,Oster-Schnatebüll 2.3 Speicher,ABR974083888209,In Planung,Deutschland,Schleswig-Holstein,Nordfriesland,Leck,25917,Leck,,,8.942593,54.745420,6800.000,6800.000,2025-08-28,2028-01-31,,Lithium-Batterie,Batterie,Speicher,SSE958669793675,13600.000
SEE939905669121,PV-Speicher Benstaben,ABR954706606533,In Planung,Deutschland,Schleswig-Holstein,Stormarn,Barnitz,23858,Barnitz,,,10.465196,53.810691,1016.000,1016.000,2025-08-28,2026-06-30,,Lithium-Batterie,Batterie,Speicher,SSE937220841543,2032.000
SEE919195980328,Bokhorst Speicher,ABR943683191538,In Planung,Deutschland,Schleswig-Holstein,Steinburg,Bokhorst,25560,Bokhorst,,,9.386059,54.051535,3100.000,3100.000,2025-08-28,2028-01-31,,Lithium-Batterie,Batterie,Speicher,SSE915107432596,6200.000
SEE932256145191,Borgstedtfelde Speicher,ABR929575044663,In Planung,Deutschland,Schleswig-Holstein,Rendsburg-Eckernförde,Borgstedt,24794,Borgstedt,,,9.682909,54.337456,3500.000,3500.000,2025-08-28,2028-01-31,,Lithium-Batterie,Batterie,Speicher,SSE986600213517,7000.000
SEE983540626018,PVFA Engelhelmser Hecken,ABR914496834073,In Planung,Deutschland,Hessen,Fulda,Künzell,36093,Künzell,,,9.728290,50.533879,2897.000,2897.000,2025-08-28,2026-09-30,,Lithium-Batterie,Batterie,Speicher,SSE938340417885,8460.000
SEE957904249984,Siedenbollentin 1.4 Speicher,ABR907326834909,In Planung,Deutschland,Mecklenburg-Vorpommern,Mecklenburgische Seenplatte,Siedenbollentin,17089,Siedenbollentin,,,13.398611,53.715860,6800.000,6800.000,2025-08-28,2028-04-28,,Lithium-Batterie,Batterie,Speicher,SSE999151465700,13600.000
SEE983689545126,Bagenz Speicher,ABR981408618762,In Planung,Deutschland,Brandenburg,Spree-Neiße,Neuhausen/Spree,03058,Neuhausen,,,14.433914,51.638960,6800.000,6800.000,2025-08-28,2028-01-31,,Lithium-Batterie,Batterie,Speicher,SSE993467469049,13600.000
SEE903214443598,ABO Energy Solarpark Korweiler Batterie,ABR986648138896,In Planung,Deutschland,Rheinland-Pfalz,Rhein-Hunsrück-Kreis,Korweiler,56288,Korweiler,,,7.405925,50.106615,2617.000,2617.000,2025-08-28,2026-06-17,,Lithium-Batterie,Batterie,Speicher,SSE925141052803,8000.000
SEE917726221339,Wustermark Speicher,ABR985497852045,In Planung,Deutschland,Brandenburg,Havelland,Wustermark,14641,Wustermark,,,12.959838,52.519414,3900.000,3900.000,2025-08-28,2028-01-31,,Lithium-Batterie,Batterie,Speicher,SSE990306623471,7800.000
SEE908011590407,Harburg Speicher,ABR954419689816,In Planung,Deutschland,Bayern,Donau-Ries,Harburg (Schwaben),86655,Harburg,,,10.762743,48.805544,6800.000,6800.000,2025-08-28,2028-01-31,,Lithium-Batterie,Batterie,Speicher,SSE965455051888,13600.000
SEE966539145950,BAT-TF-6021-02,ABR965873924863,In Planung,Deutschland,Brandenburg,Barnim,Sydower Fließ,16230,Sydower Fließ,,,13.697897,52.713934,7000.000,7000.000,2025-08-29,2027-08-01,,Lithium-Batterie,Batterie,Speicher,SSE934187481386,15000.000
SEE935418828017,BAT_SEEFELD_1_AHG,ABR982031438734,In Betrieb,Deutschland,Bayern,Starnberg,Seefeld,82229,Seefeld,Hauptstraße,38,11.211104,48.034269,100.000,100.000,2025-08-29,,2025-08-01,Lithium-Batterie,Batterie,Speicher,SSE989654628436,197.000
SEE990019932341,Speicher Bolsehler Straße,ABR948700519531,In Betrieb,Deutschland,Niedersachsen,Nienburg (Weser),Husum,31632,Husum,Bolsehler Straße,2,9.252580,52.564723,100.000,100.000,2025-09-01,,2025-08-01,Lithium-Batterie,Batterie,Speicher,SSE901881505984,221.350
SEE976473901659,Grauspeicher,ABR933081029472,In Betrieb,Deutschland,Bayern,Traunstein,Engelsberg,84549,Engelsberg,Lupperting,6,12.514890,48.108991,184.000,184.000,2025-09-02,,2025-08-01,Lithium-Batterie,Batterie,Speicher,SSE995849905961,369.000
SEE983090296730,Michael Glatt Maschinenbau GmbH - Speicher Halle I - VI,ABR935769202740,In Betrieb,Deutschland,Bayern,Kelheim,Abensberg,93326,Abensberg,Industriestraße,2,11.862445,48.819660,100.000,100.000,2025-09-02,,2024-11-14,Lithium-Batterie,Batterie,Speicher,SSE958655657295,193.500
SEE986220422542,Michael Glatt Maschinenbau GmbH - Speicher Erweiterung Halle I - VI,ABR935769202740,In Betrieb,Deutschland,Bayern,Kelheim,Abensberg,93326,Abensberg,Industriestraße,2,11.862445,48.819660,100.000,100.000,2025-09-02,,2025-06-23,Lithium-Batterie,Batterie,Speicher,SSE935738669895,193.500
SEE976232082278,FOX G Max 215,ABR953332888931,In Betrieb,Deutschland,Nordrhein-Westfalen,Städteregion Aachen,Herzogenrath,52134,Herzogenrath,Nordstern-Park,14,6.118543,50.878461,100.000,100.000,2025-09-02,,2025-08-14,Lithium-Batterie,Batterie,Speicher,SSE951172731240,215.000
SEE974830807408,AZZURRO 215kwh Speicher,ABR919986863625,In Betrieb,Deutschland,Baden-Württemberg,Bodenseekreis,Friedrichshafen,88045,Friedrichshafen,Jettenhauser Straße,32,9.473586,47.671074,125.000,125.000,2025-09-03,,2025-09-03,Lithium-Batterie,Batterie,Speicher,SSE908682237885,215.000
SEE989009469714,Ba-BOH_Bocholt,ABR949852903056,In Betrieb,Deutschland,Nordrhein-Westfalen,Borken,Bocholt,46395,Bocholt,Industriestraße,38,6.626732,51.833163,102.400,50.000,2025-09-03,,2025-07-31,Lithium-Batterie,Batterie,Speicher,SSE917898930336,132.800
SEE931474372808,DEX Hamm Campusgebäude,ABR980220273012,In Betrieb,Deutschland,Nordrhein-Westfalen,Hamm,Hamm,59069,Hamm,Oberster Kamp,6,7.856742,51.621433,150.000,150.000,2025-09-04,,2025-09-04,Lithium-Batterie,Batterie,Speicher,SSE920176717161,240.000
SEE983896480913,TAS Aschersleben Majoranweg,ABR966084991095,In Betrieb,Deutschland,Sachsen-Anhalt,Salzlandkreis,Aschersleben,06449,Aschersleben,Majoranweg,5,11.438292,51.771514,324.000,324.000,2025-09-04,,2025-09-04,Lithium-Batterie,Batterie,Speicher,SSE925277258520,645.000
SEE905820921729,Batteriespeicher JT Energy Systems GmbH,ABR940594298417,In Betrieb,Deutschland,Sachsen,Mittelsachsen,Bobritzsch-Hilbersdorf,09627,Bobritzsch-Hilbersdorf,Buchenstr.,1,13.397700,50.924300,25000.000,25000.000,2025-09-05,,2022-09-01,Lithium-Batterie,Batterie,Speicher,SSE919503543801,23000.000
SEE983992395388,PV-Anlage Kühllager süd,ABR967601767209,In Betrieb,Deutschland,Bayern,Ostallgäu,Mauerstetten,87665,Mauerstetten,Alpenweg,16,10.667615,47.886727,176.000,176.000,2025-09-05,,2025-09-01,Lithium-Batterie,Batterie,Speicher,SSE906188993380,654.000
SEE999581910528,BEES Kränzlin,ABR905956843650,In Planung,Deutschland,Brandenburg,Ostprignitz-Ruppin,Märkisch Linden,16818,Märkisch Linden,,,12.720833,52.930556,60000.000,60000.000,2025-09-07,2026-12-31,,Lithium-Batterie,Batterie,Speicher,SSE985650733662,263000.000
SEE999463696526,Batteriespeicher Teil 1 Airbus Helicopters Deutschland,ABR995797003443,In Betrieb,Deutschland,Bayern,Donau-Ries,Donauwörth,86609,Donauwörth,Industriestraße,4,10.775267,48.711851,2000.000,2000.000,2025-09-08,,2025-09-01,Lithium-Batterie,Batterie,Speicher,SSE952268526801,4000.000
SEE901475433211,Industrial L Iggensbach Gewerbepark,ABR932764997633,In Planung,Deutschland,Bayern,Deggendorf,Iggensbach,94547,Iggensbach,Gewerbepark,6,13.131734,48.729025,736.000,92.000,2025-09-09,2025-12-01,,Lithium-Batterie,Batterie,Speicher,SSE980442003107,1288.000
SEE915395794598,Speicher In der Flage 30 2025,ABR969816575822,In Betrieb,Deutschland,Niedersachsen,Diepholz,Bassum,27211,Bassum,In der Flage,30,8.700006,52.834878,184.000,184.000,2025-09-09,,2025-09-02,Lithium-Batterie,Batterie,Speicher,SSE967660829474,368.000
SEE915700467971,"Batteriespeicher Neuenhauser Str. 1, 49835 Wietmarschen",ABR958674121234,In Betrieb,Deutschland,Niedersachsen,Grafschaft Bentheim,Wietmarschen,49835,Wietmarschen,Neuenhauser Straße,1,7.117257,52.515321,125.000,125.000,2025-09-09,,2025-07-16,Lithium-Batterie,Batterie,Speicher,SSE997221403775,193.500
SEE972582127409,Batteriespeicher Neubau,ABR954894103708,In Betrieb,Deutschland,Niedersachsen,Lüchow-Dannenberg,Karwitz,29481,Karwitz,An der Bundesstraße,8,11.012821,53.083759,100.000,100.000,2025-12-16,,2025-12-12,Lithium-Batterie,Batterie,Speicher,SSE945073740920,200.000
SEE957698332145,BAT-Maier,ABR951564614304,In Betrieb,Deutschland,Baden-Württemberg,Rottweil,Bösingen,78662,Bösingen,Marzellerhof,1,8.565809,48.244869,100.000,100.000,2025-09-09,,2025-09-01,Lithium-Batterie,Batterie,Speicher,SSE985804293158,75.000
SEE944624122932,Batteriespeicher,ABR972798538464,In Betrieb,Deutschland,Bayern,Passau,Neuburg a. Inn,94127,Neuburg,Schmelzing,1,13.410436,48.521691,3200.000,3200.000,2025-09-09,,2025-09-05,Lithium-Batterie,Batterie,Speicher,SSE958719810888,3300.000
SEE952039834333,AHG NL Gotha 2 x ads-tec GSS0813,ABR996540958430,In Betrieb,Deutschland,Thüringen,Gotha,Gotha,99867,Gotha,Cyrusstraße,22,10.715546,50.923099,150.000,100.000,2025-09-09,,2024-08-20,Lithium-Batterie,Batterie,Speicher,SSE964638776853,223.200
SEE912473668130,Speicher 2025,ABR906693701845,In Betrieb,Deutschland,Niedersachsen,Emsland,Geeste,49744,Geeste,Haarweg,1,7.314087,52.617244,110.000,110.000,2025-09-10,,2025-07-15,Lithium-Batterie,Batterie,Speicher,SSE973387587139,229.000
SEE955042192971,PowerCenter Salzgitter 1,ABR983327904544,In Planung,Deutschland,Niedersachsen,Salzgitter,Salzgitter,38239,Salzgitter,,,10.450278,52.188056,20000.000,20000.000,2025-09-10,2026-08-31,,Lithium-Batterie,Batterie,Speicher,SSE923229693269,40000.000
SEE973349507359,trlyr 5,ABR921704480304,In Betrieb,Deutschland,Niedersachsen,Celle,Celle,29227,Celle,Zum Burgwall,5,10.094972,52.588031,15000.000,15000.000,2026-06-12,,2026-03-10,Lithium-Batterie,Batterie,Speicher,SSE951712683459,31560.000
SEE923543626837,Speicher,ABR913911445238,In Betrieb,Deutschland,Brandenburg,Oberhavel,Hennigsdorf,16761,Hennigsdorf,Am Alten Walzwerk,2,13.211213,52.646370,324.000,324.000,2025-09-10,,2025-08-01,Lithium-Batterie,Batterie,Speicher,SSE978260673664,645.000
SEE901316227306,Karlsruhe RDK ESBS,ABR915068942295,In Betrieb,Deutschland,Baden-Württemberg,Karlsruhe,Karlsruhe,76189,Karlsruhe,Fettweisstraße,46,8.306929,49.012174,2667.000,2667.000,2026-07-24,,2026-02-12,Lithium-Batterie,Batterie,Speicher,SSE983555596405,2236.000
SEE929660744829,Containerspeicher_RW Food_Solution,ABR996888052395,In Betrieb,Deutschland,Thüringen,Wartburgkreis,Eisenach,99817,Eisenach,Eichrodter Weg,150,10.355657,50.963923,405.000,405.000,2025-12-16,,2025-11-28,Lithium-Batterie,Batterie,Speicher,SSE976801780291,1233.000
SEE989092944297,Kiefersfelden_PC1,ABR948343575833,In Betrieb,Deutschland,Bayern,Rosenheim,Kiefersfelden,83088,Kiefersfelden,Kaiserreich-Straße,15,12.201006,47.620532,640.000,640.000,2025-09-11,,2025-09-05,Lithium-Batterie,Batterie,Speicher,SSE967807733763,1050.000
SEE917810463393,Batterie Industriestraße,ABR987496775035,In Betrieb,Deutschland,Thüringen,Saalfeld-Rudolstadt,Saalfeld/Saale,07318,Saalfeld,Industriestraße,2,11.379042,50.659743,100.000,100.000,2025-09-12,,2025-09-12,Lithium-Batterie,Batterie,Speicher,SSE979652338734,300.000
SEE938254302147,Hans Geis Speicher NES,ABR954581528951,In Betrieb,Deutschland,Bayern,Rhön-Grabfeld,Bad Neustadt a.d. Saale,97616,Bad Neustadt,Rudolf-Diesel-Ring,26,10.226126,50.336303,250.000,250.000,2025-09-12,,2025-08-19,Lithium-Batterie,Batterie,Speicher,SSE943231655956,378.000
SEE935557385921,BESS BIBRA,ABR916474413652,In Betrieb,Deutschland,Schleswig-Holstein,Pinneberg,Barmstedt,25355,Barmstedt,Schusterring,19,9.789460,53.787345,150.000,150.000,2025-10-07,,2025-10-02,Lithium-Batterie,Batterie,Speicher,SSE998595213526,337.920
SEE986633530520,Uwe Niklas GmbH ABR971760364599,ABR971760364599,In Betrieb,Deutschland,Bayern,Cham,Roding,93426,Roding,Einsiedlerweg,60,12.405734,49.237314,100.000,100.000,2025-09-14,,2025-01-17,Lithium-Batterie,Batterie,Speicher,SSE976465702554,193.500
SEE906287256287,Speicher 2,ABR975024024380,In Betrieb,Deutschland,Baden-Württemberg,Rastatt,Rastatt,76437,Rastatt,Im Rheinfeld,1,8.188708,48.847452,233.000,100.000,2026-04-17,,2026-04-17,Lithium-Batterie,Batterie,Speicher,SSE953372304309,230.000
SEE952967127989,Solax Speicher 200KW 430kWh IBN 27.08.2025,ABR995300038986,In Betrieb,Deutschland,Bayern,Weißenburg-Gunzenhausen,Pappenheim,91788,Pappenheim,Geislohe,39,10.989414,48.965352,200.000,200.000,2025-09-15,,2025-08-28,Lithium-Batterie,Batterie,Speicher,SSE920724610760,430.000
SEE985756292018,BESS Tangermünde,ABR975436196279,In Betrieb,Deutschland,Sachsen-Anhalt,Stendal,Tangermünde,39590,Tangermünde,,,11.966125,52.570020,3000.000,3000.000,2026-06-01,,2026-03-01,Lithium-Batterie,Batterie,Speicher,SSE909046561882,6000.000
SEE908938573880,"Bayerische Asphaltmischwerke GmbH ＆ Co. KG, Ottostraße 7 in 85649 Hofolding",ABR920614728155,In Betrieb,Deutschland,Bayern,München,Brunnthal,85649,Brunnthal,Ottostraße,7,11.706028,47.983971,100.000,90.000,2025-09-15,,2025-09-15,Lithium-Batterie,Batterie,Speicher,SSE947117727195,102.000
SEE965949466853,Batteriespeicher Pramac Z-Lager AÜW,ABR917063786638,In Betrieb,Deutschland,Bayern,Kempten (Allgäu),Kempten (Allgäu),87437,Kempten,Schumacherring,106,10.325930,47.731657,100.000,100.000,2025-09-15,,2025-07-29,Lithium-Batterie,Batterie,Speicher,SSE940345547412,196.000
SEE985061200906,Speicher,ABR953464075414,In Betrieb,Deutschland,Nordrhein-Westfalen,Höxter,Höxter,37671,Höxter,Marktstraße,26,9.381766,51.775910,200.000,200.000,2025-09-15,,2025-09-12,Lithium-Batterie,Batterie,Speicher,SSE920096833224,560.000
SEE916901859787,Batterie 1,ABR962240662526,In Betrieb,Deutschland,Nordrhein-Westfalen,Gütersloh,Borgholzhausen,33829,Borgholzhausen,Am Blömkenberg,1,8.296948,52.104375,100.000,100.000,2025-09-17,,2025-08-31,Lithium-Batterie,Batterie,Speicher,SSE967482237457,110.580
SEE961966021730,"NL RHL, AM Leverkusen",ABR927107021076,In Betrieb,Deutschland,Nordrhein-Westfalen,Leverkusen,Leverkusen,51379,Leverkusen,Bonner Straße,69,6.993004,51.057680,100.000,100.000,2026-04-24,,2026-04-23,Lithium-Batterie,Batterie,Speicher,SSE971237165759,193.500
SEE900315933911,Tesvolt-Forton_368kWh,ABR941669202308,In Betrieb,Deutschland,Baden-Württemberg,Freudenstadt,Pfalzgrafenweiler,72285,Pfalzgrafenweiler,Siemensstraße,3,8.574177,48.530453,184.000,184.000,2026-05-13,,2026-04-17,Lithium-Batterie,Batterie,Speicher,SSE923858062030,368.600
SEE956524093182,EnBW E-Mob 1,ABR915068942295,In Betrieb,Deutschland,Niedersachsen,Osnabrück,Osnabrück,49076,Osnabrück,Benzstraße,9,7.956860,52.304560,300.000,300.000,2025-09-22,,2024-12-18,Lithium-Batterie,Batterie,Speicher,SSE922055880621,540.000
SEE987299073512,K18-Bat,ABR902404262919,In Betrieb,Deutschland,Nordrhein-Westfalen,Warendorf,Ahlen,59229,Ahlen,Kleiwellenfeld,18,7.878072,51.738448,125.000,125.000,2025-11-06,,2025-10-28,Lithium-Batterie,Batterie,Speicher,SSE964709415582,289.000
SEE972880386287,Speicher 3,ABR987772819477,In Betrieb,Deutschland,Schleswig-Holstein,Nordfriesland,Reußenköge,25821,Reußenköge,,,8.906919,54.615389,20000.000,20000.000,2026-01-06,,2025-12-16,Lithium-Batterie,Batterie,Speicher,SSE907618799916,40000.000
SEE914929366676,Speicher,ABR908686489259,In Betrieb,Deutschland,Nordrhein-Westfalen,Steinfurt,Ibbenbüren,49479,Ibbenbüren,Perkinsstr.,1,7.715210,52.259057,100.000,100.000,2025-09-23,,2025-07-23,Lithium-Batterie,Batterie,Speicher,SSE900819262333,215.000
SEE961596516118,BSS Reyser,ABR991155567572,In Betrieb,Deutschland,Baden-Württemberg,Rems-Murr-Kreis,Remshalden,73630,Remshalden,Am Kelterwiesenbach,39,9.443170,48.807803,600.000,600.000,2025-09-23,,2025-08-26,Lithium-Batterie,Batterie,Speicher,SSE904668450811,1674.000
SEE929641682317,Batteriespeicher LK Bacmeister,ABR964622030107,In Betrieb,Deutschland,Nordrhein-Westfalen,Minden-Lübbecke,Lübbecke,32312,Lübbecke,Bacmeisterstraße,9,8.615427,52.322501,440.000,440.000,2025-12-07,,2025-12-05,Lithium-Batterie,Batterie,Speicher,SSE948457719987,916.000
SEE917849285607,Bohnenkamp - Speicher,ABR929484928641,In Betrieb,Deutschland,Niedersachsen,Osnabrück,Osnabrück,49076,Osnabrück,Dieselstraße,14,7.963525,52.303528,1140.000,1140.000,2025-09-24,,2025-09-24,Lithium-Batterie,Batterie,Speicher,SSE906041697943,3440.000
SEE998407246025,Batteriespeicher-Park Münster,ABR911725059788,In Planung,Deutschland,Nordrhein-Westfalen,Münster,Münster,48153,Münster,Trauttmansdorffstraße,65,7.636511,51.925516,5000.000,5000.000,2025-10-02,2026-04-20,,Lithium-Batterie,Batterie,Speicher,SSE983435887975,9556.000
SEE912967633460,Mellrichstadt 1,ABR992511086164,In Planung,Deutschland,Bayern,Rhön-Grabfeld,Mellrichstadt,97638,Mellrichstadt,Kiefernweg,1,10.300139,50.441001,375.000,375.000,2025-09-25,2025-12-31,,Lithium-Batterie,Batterie,Speicher,SSE927715728824,783.000
SEE912532627801,1916-4-2_Batterie,ABR932408419682,In Betrieb,Deutschland,Niedersachsen,Wolfsburg,Wolfsburg,38446,Wolfsburg,Arnikaweg,2b,10.816053,52.415148,240.000,226.000,2025-09-25,,2025-06-17,Lithium-Batterie,Batterie,Speicher,SSE938874563706,250.000
SEE955207859527,Gardelegen Otto Nuschke Str.1 PV Anlage,ABR909914458658,In Betrieb,Deutschland,Sachsen-Anhalt,Altmarkkreis Salzwedel,Gardelegen,39638,Gardelegen,Otto-Nuschke-Straße,1,11.398381,52.522557,100.000,100.000,2025-09-29,,2025-09-03,Lithium-Batterie,Batterie,Speicher,SSE919868414952,113.000
SEE979491306079,neuer Stall,ABR927688256614,In Betrieb,Deutschland,Niedersachsen,Osnabrück,Ostercappeln,49179,Ostercappeln,Lutterdamm,2,8.147590,52.415108,150.000,150.000,2025-09-29,,2025-08-08,Lithium-Batterie,Batterie,Speicher,SSE997398970513,240.000
SEE943265607266,HG,ABR970314546719,In Betrieb,Deutschland,Bayern,Kelheim,Aiglsbach,84089,Aiglsbach,Obere Moosleiten,14,11.871800,48.665700,108.000,108.000,2025-09-30,,2025-07-14,Lithium-Batterie,Batterie,Speicher,SSE941797489138,215.000
SEE921797038413,Grühai Batterie,ABR983219837875,In Betrieb,Deutschland,Sachsen,Erzgebirgskreis,Grünhainichen,09579,Grünhainichen,Kirchstraße,9,13.153559,50.772092,2820.000,2820.000,2025-09-30,,2025-09-30,Lithium-Batterie,Batterie,Speicher,SSE928947859584,12537.000
SEE964009614593,Zeven FlexPower Energy GmbH,ABR919698597108,In Betrieb,Deutschland,Niedersachsen,Rotenburg (Wümme),Zeven,27404,Zeven,,,9.307839,53.276028,2050.000,2000.000,2025-10-01,,2025-11-06,Lithium-Batterie,Batterie,Speicher,SSE950287673872,3663.000
SEE986795004228,"Speicher Kreishaus 1, Meppen",ABR916291189716,In Betrieb,Deutschland,Niedersachsen,Emsland,Meppen,49716,Meppen,Ordeniederung,1,7.305937,52.695030,240.000,240.000,2025-11-14,,2025-10-14,Lithium-Batterie,Batterie,Speicher,SSE991511618252,408.000
SEE930569953076,TESVOLT FORTON Speicher Höllweg,ABR947594586964,In Betrieb,Deutschland,Baden-Württemberg,Alb-Donau-Kreis,Ehingen (Donau),89584,Ehingen,Höllweg,10,9.723652,48.262435,184.000,184.000,2025-12-19,,2025-11-07,Lithium-Batterie,Batterie,Speicher,SSE977030740490,368.000
SEE951812431004,Gewerbegebiet 84034,ABR951892445083,In Betrieb,Deutschland,Bayern,Landshut,Landshut,84034,Landshut,Roedersteinstraße,10,12.111764,48.539278,100.000,100.000,2025-10-06,,2025-09-26,Lithium-Batterie,Batterie,Speicher,SSE998288469346,160.000
SEE900146624224,Powerstation St. Hülfe,ABR979923283497,In Planung,Deutschland,Niedersachsen,Diepholz,Diepholz,49356,Diepholz,Sulinger Straße,,8.413502,52.611209,368.000,368.000,2025-10-07,2027-03-31,,Sonstige Batterie,Batterie,Speicher,SSE902577311063,11920.000
SEE921274103399,Tiste BESS,ABR981012087725,In Planung,Deutschland,Niedersachsen,Rotenburg (Wümme),Tiste,27419,Tiste,Herwigshof,1,9.591700,53.297260,3800.000,3800.000,2025-10-10,2026-04-24,,Lithium-Batterie,Batterie,Speicher,SSE958809799611,8256.000
SEE933255558609,Batteriespeicher,ABR949638147681,In Planung,Deutschland,Nordrhein-Westfalen,Hochsauerlandkreis,Olsberg,59939,Olsberg,Im Westfeld,2,8.500311,51.309886,4780.000,4780.000,2026-07-09,2026-08-17,,Lithium-Batterie,Batterie,Speicher,SSE914997633960,11608.000
SEE908822196645,Gymnasium Bergkamen Speicher,ABR982010728849,In Planung,Deutschland,Nordrhein-Westfalen,Unna,Bergkamen,59192,Bergkamen,Hubert-Biernat-Straße,1,7.630935,51.615486,140.000,50.000,2025-10-08,2025-11-14,,Lithium-Batterie,Batterie,Speicher,SSE939030176143,180.000
SEE936446114318,Tesvolt Forton I,ABR964153690139,In Betrieb,Deutschland,Niedersachsen,Emsland,Klein Berßen,49777,Klein Berßen,Handelstraße,4,7.454395,52.769314,184.000,184.000,2026-02-20,,2026-02-11,Hochtemperaturbatterie,Batterie,Speicher,SSE964930614099,368.000
SEE967700439199,BESS Quedlinburg,ABR924785063442,In Betrieb,Deutschland,Sachsen-Anhalt,Harz,Quedlinburg,06485,Quedlinburg,Auf den Steinen,,11.148252,51.740873,13800.000,13800.000,2026-01-28,,2025-12-19,Lithium-Batterie,Batterie,Speicher,SSE993551272579,29760.000
SEE923550844323,"von Aschenbach ＆ Voss GmbH, Krefeld",ABR991073623435,In Betrieb,Deutschland,Nordrhein-Westfalen,Krefeld,Krefeld,47799,Krefeld,Dießemer Bruch,28,6.587217,51.331934,125.000,125.000,2026-07-24,,2026-07-10,Lithium-Batterie,Batterie,Speicher,SSE993430526885,516.000
SEE959145131066,"532,8-2025",ABR913604294044,In Betrieb,Deutschland,Nordrhein-Westfalen,Borken,Borken,46325,Borken,Op den Booken,5,6.789127,51.847047,100.000,100.000,2025-10-08,,2025-10-08,Lithium-Batterie,Batterie,Speicher,SSE968058987257,532.480
SEE915122006536,Energiehaus,ABR910753113448,In Betrieb,Deutschland,Niedersachsen,Cloppenburg,Löningen,49624,Löningen,Ehrener Kirchweg,6,7.694879,52.699726,1760.000,1760.000,2025-10-10,,2025-10-07,Lithium-Batterie,Batterie,Speicher,SSE992225961160,3924.720
SEE918385807070,Großbatteriespeicher Alfeld,ABR922267365824,In Betrieb,Deutschland,Niedersachsen,Hildesheim,Alfeld (Leine),31061,Alfeld,Industriestraße,,9.796297,52.000620,99305.000,99305.000,2026-06-30,,2026-06-01,Lithium-Batterie,Batterie,Speicher,SSE983790663504,203094.000
SEE902226350702,BESS Leer Nord,ABR913279061811,In Betrieb,Deutschland,Niedersachsen,Leer,Leer (Ostfriesland),26789,Leer,Nüttermoorer Straße,,7.421074,53.262838,15360.000,15360.000,2026-04-15,,2026-04-15,Lithium-Batterie,Batterie,Speicher,SSE972978919854,31304.000
SEE931839255760,Blauhoff Maxus 125kW/258kWh,ABR902263440961,In Planung,Deutschland,Nordrhein-Westfalen,Soest,Rüthen,59602,Rüthen,Schlangenpfad,25,8.440427,51.498496,125.000,125.000,2025-10-13,2030-03-01,,Lithium-Batterie,Batterie,Speicher,SSE931473968989,258.000
SEE989130828251,BESS Leer,ABR930785564612,In Betrieb,Deutschland,Niedersachsen,Leer,Leer (Ostfriesland),26789,Leer,Sägemühlenstraße,49,7.463746,53.222263,3840.000,3840.000,2026-03-30,,2026-03-25,Lithium-Batterie,Batterie,Speicher,SSE931639095689,8944.000
SEE991686074006,BESS Aurich,ABR957478720759,In Betrieb,Deutschland,Niedersachsen,Aurich,Aurich,26605,Aurich,Extumer Weg,,7.463900,53.468557,5040.000,5040.000,2026-04-30,,2026-04-27,Lithium-Batterie,Batterie,Speicher,SSE922375791300,10030.000
SEE972436810921,BESS SPAU,ABR936920060308,In Betrieb,Deutschland,Bayern,Augsburg,Langerringen,86853,Langerringen,Senderstraße,990,10.699143,48.098573,3440.000,3440.000,2026-07-06,,2026-07-03,Lithium-Batterie,Batterie,Speicher,SSE982490176956,6880.000
SEE963469922538,Dr. Gantenberg 400kW,ABR996901468035,In Betrieb,Deutschland,Bayern,Passau,Büchlberg,94124,Büchlberg,Dr.-Gantenberg-Straße,19,13.521783,48.669111,400.000,400.000,2025-10-16,,2025-07-04,Lithium-Batterie,Batterie,Speicher,SSE922537230395,1044.000
SEE975332792162,Goldener Steig 31,ABR996901468035,In Betrieb,Deutschland,Bayern,Passau,Büchlberg,94124,Büchlberg,Goldener Steig,31,13.506925,48.652028,300.000,300.000,2025-10-16,,2025-07-04,Lithium-Batterie,Batterie,Speicher,SSE930408124742,600.000
SEE963086682419,PV Speicher,ABR993941961021,In Betrieb,Deutschland,Bayern,Aschaffenburg,Kleinostheim,63801,Kleinostheim,Bruchtannenstraße,27,9.057263,50.014412,110.000,110.000,2025-10-16,,2025-09-03,Lithium-Batterie,Batterie,Speicher,SSE970530818713,225.000
SEE977449488969,Augsutusburg 1 Speicher,ABR937633600348,In Betrieb,Deutschland,Sachsen,Mittelsachsen,Augustusburg,09573,Augustusburg,,,13.111550,50.834467,8780.000,8780.000,2025-11-19,,2025-11-18,Lithium-Batterie,Batterie,Speicher,SSE921794949279,40000.000
SEE908383406085,Mellrichstadt 1,ABR948681648589,In Planung,Deutschland,Bayern,Rhön-Grabfeld,Mellrichstadt,97638,Mellrichstadt,Kiefernweg,1,10.300118,50.441036,375.000,375.000,2025-10-16,2026-02-28,,Lithium-Batterie,Batterie,Speicher,SSE904403773410,783.000
SEE914968913053,Solaranlage Hüttenstrasse Salzgitter,ABR909029853508,In Betrieb,Deutschland,Niedersachsen,Salzgitter,Salzgitter,38239,Salzgitter,Hüttenstraße,44,10.415026,52.149413,322.000,322.000,2025-10-17,,2025-05-15,Sonstige Batterie,Batterie,Speicher,SSE978059391472,744.000
SEE997087043375,Speicher Eigenverbrauchsanlage,ABR937652920113,In Betrieb,Deutschland,Bayern,Rottal-Inn,Gangkofen,84140,Gangkofen,Geiging,4,12.486286,48.472202,100.000,100.000,2025-10-20,,2025-07-22,Lithium-Batterie,Batterie,Speicher,SSE972995674637,160.000
SEE911894016032,Batteriespeicher I-Kubus Quedlinburg,ABR982885932662,In Planung,Deutschland,Sachsen-Anhalt,Harz,Quedlinburg,06484,Quedlinburg,Klopstockweg,10a,11.151728,51.782895,1000.000,1000.000,2025-10-28,2026-09-15,,Sonstige Batterie,Batterie,Speicher,SSE999216958475,2330.000
SEE922469193454,Fenecon-Speicher,ABR941583071936,In Planung,Deutschland,Niedersachsen,Diepholz,Kirchdorf,27245,Kirchdorf,Kuppendorf,22,8.883629,52.562594,184.000,184.000,2025-10-21,2025-10-31,,Sonstige Batterie,Batterie,Speicher,SSE933063564892,492.000
SEE971449813417,ACH_Düsseldorf_PC1,ABR948343575833,In Betrieb,Deutschland,Nordrhein-Westfalen,Düsseldorf,Düsseldorf,40472,Düsseldorf,EUREF-Campus 1D,,6.789883,51.290898,640.000,640.000,2025-10-22,,2025-10-17,Lithium-Batterie,Batterie,Speicher,SSE909166891630,1050.000
SEE967629374953,PV Speicher Thomas-Krenn.AG,ABR952960998432,In Betrieb,Deutschland,Bayern,Freyung-Grafenau,Freyung,94078,Freyung,Speltenbach-Steinäcker,1,13.549428,48.828938,100.000,100.000,2025-10-22,,2024-11-25,Lithium-Batterie,Batterie,Speicher,SSE973893778618,140.000
SEE997740252700,Speicher_2025,ABR991586213321,In Betrieb,Deutschland,Bayern,Tirschenreuth,Erbendorf,92681,Erbendorf,Im Gewerbepark,15,12.069397,49.832931,100.000,100.000,2026-03-12,,2026-03-09,Lithium-Batterie,Batterie,Speicher,SSE968239307232,336.000
SEE979816060938,PASM Großspeicher Münster III (Pixii),ABR902428166637,In Betrieb,Deutschland,Nordrhein-Westfalen,Münster,Münster,48155,Münster,Wolbecker Straße,268,7.666037,51.950092,1000.000,1000.000,2025-10-23,,2025-10-13,Lithium-Batterie,Batterie,Speicher,SSE914697295406,6000.000
SEE946181938582,PASM Großspeicher Münster IV (Intillion),ABR902428166637,In Betrieb,Deutschland,Nordrhein-Westfalen,Münster,Münster,48155,Münster,Wolbecker Straße,268,7.666037,51.950092,1000.000,1000.000,2025-10-23,,2025-10-13,Lithium-Batterie,Batterie,Speicher,SSE978102161014,6000.000
SEE900392059269,PASM Großspeicher Bamberg II (Pixii),ABR902428166637,In Planung,Deutschland,Bayern,Bamberg,Bamberg,96050,Bamberg,Gutenbergstraße,13,10.925835,49.883353,4000.000,4000.000,2025-10-23,2026-04-30,,Lithium-Batterie,Batterie,Speicher,SSE953968653910,24000.000
SEE906829671271,EnerGrid Stabilizer 301 GmbH,ABR924751228523,In Planung,Deutschland,Nordrhein-Westfalen,Heinsberg,Erkelenz,41812,Erkelenz,,,6.237000,51.067900,2850.000,213.000,2025-11-04,2026-01-15,,Lithium-Batterie,Batterie,Speicher,SSE962431053331,8944.000
SEE912911988677,KViP-Speicher,ABR911575843582,In Betrieb,Deutschland,Schleswig-Holstein,Pinneberg,Uetersen,25436,Uetersen,Bahnstraße,15,9.678114,53.680291,100.000,90.000,2025-10-27,,2022-05-17,Sonstige Batterie,Batterie,Speicher,SSE943166563937,328.000
SEE980664030813,Batteriespeicher,ABR925597941805,In Betrieb,Deutschland,Niedersachsen,Leer,Leer (Ostfriesland),26789,Leer,Sägemühlenstraße,45,7.462501,53.222223,200.000,200.000,2025-10-27,,2024-07-24,Lithium-Batterie,Batterie,Speicher,SSE986168194457,277.200
SEE928410763288,Speicher MCS1 2025,ABR994808702436,In Betrieb,Deutschland,Nordrhein-Westfalen,Borken,Gescher,48712,Gescher,Marie-Curie-Straße,1,7.020759,51.940988,100.000,100.000,2025-10-28,,2025-10-21,Lithium-Batterie,Batterie,Speicher,SSE918354667834,193.500
SEE926865058539,Batteriespeicher - Hybridsystem,ABR956444801447,In Betrieb,Deutschland,Bayern,Neustadt a.d. Waldnaab,Eschenbach i.d. OPf.,92676,Eschenbach,Am Stadtwald,2,11.845107,49.759576,684.900,684.900,2025-10-28,,2022-05-18,Lithium-Batterie,Batterie,Speicher,SSE973482728161,685.000
SEE940126445180,Batteriespeicher Talstraße 130,ABR955379173025,In Betrieb,Deutschland,Nordrhein-Westfalen,Rhein-Kreis Neuss,Grevenbroich,41516,Grevenbroich,Talstraße,130,6.613029,51.135604,300.000,300.000,2025-10-28,,2025-09-23,Lithium-Batterie,Batterie,Speicher,SSE915028001260,645.000
SEE960338752494,Speicher 2025,ABR980243221502,In Planung,Deutschland,Baden-Württemberg,Rems-Murr-Kreis,Leutenbach,71397,Leutenbach,Im hohen Bild,5,9.393096,48.904828,100.000,100.000,2025-10-29,2025-12-01,,Lithium-Batterie,Batterie,Speicher,SSE931134391880,233.000
SEE995227375997,Stromspeicher Otterskirchen,ABR939887905095,In Betrieb,Deutschland,Bayern,Passau,Windorf,94575,Windorf,Vorwaldstraße,3 a,13.296336,48.626911,201.000,200.000,2025-10-29,,2025-08-21,Lithium-Batterie,Batterie,Speicher,SSE909733671023,252.000
SEE916024706500,Stromspeicher,ABR910562931943,In Planung,Deutschland,Niedersachsen,Goslar,Goslar,38644,Goslar,Gerhard-Weule-Straße,10 ,10.411420,51.937890,108.000,108.000,2025-10-29,2025-11-17,,Lithium-Batterie,Batterie,Speicher,SSE935136468052,430.000
SEE926372513538,PV Lawitz Gewerbegebiet Batterie,ABR941807947283,In Planung,Deutschland,Brandenburg,Oder-Spree,Lawitz,15898,Lawitz,,,14.642789,52.112762,3600.000,3600.000,2025-10-29,2026-12-31,,Lithium-Batterie,Batterie,Speicher,SSE929245463824,8000.000
SEE971106325628,Speicher 1 Atting,,Endgültig stillgelegt,Deutschland,Bayern,Straubing-Bogen,Aiterhofen,94315,Straubing,,,12.507830,48.875150,1600.000,1600.000,2025-11-11,,2025-11-04,Lithium-Batterie,Batterie,Speicher,SSE939325853353,3000.000
SEE912997301797,PACCAR Parts Massbach BESS,ABR951991771748,In Planung,Deutschland,Bayern,Bad Kissingen,Maßbach,97711,Maßbach,Am Gewerbepark,1,10.236301,50.199300,460.000,460.000,2025-10-30,2026-09-30,,Lithium-Batterie,Batterie,Speicher,SSE968498689247,967.500
SEE985252121928,GEPVOLT 2 BATTERY GmbH,ABR993258699907,In Planung,Deutschland,Brandenburg,Spree-Neiße,Spremberg,03130,Spremberg,An der alten Ziegelei,1,14.365720,51.533770,12000.000,12000.000,2025-10-30,2026-04-28,,Lithium-Batterie,Batterie,Speicher,SSE956898411261,48000.000
SEE924189238965,Batteriespeicher,ABR962455860151,In Planung,Deutschland,Rheinland-Pfalz,Neuwied,Puderbach,56305,Puderbach,Hölzches Mühle,,7.618340,50.590261,110.000,110.000,2025-10-31,2025-12-18,,Lithium-Batterie,Batterie,Speicher,SSE975266548033,432.000
SEE955526952688,Batteriespeicher 450 AC 2025 Haldenhof,ABR921194798286,In Betrieb,Deutschland,Baden-Württemberg,Ludwigsburg,Hemmingen,71282,Hemmingen,Haldenhof,2,9.052471,48.868410,250.000,250.000,2025-10-31,,2025-10-31,Lithium-Batterie,Batterie,Speicher,SSE927914474799,438.000
SEE939563445327,BESS Hauzenberg,ABR935272858311,In Planung,Deutschland,Bayern,Passau,Hauzenberg,94051,Hauzenberg,,,13.683810,48.632580,4472.000,4472.000,2025-10-31,2027-12-31,,Lithium-Batterie,Batterie,Speicher,SSE936972185707,13416.000
SEE980122885580,Industriestrasse,ABR957845566652,In Betrieb,Deutschland,Niedersachsen,Schaumburg,Stadthagen,31655,Stadthagen,Industriestraße,3f,9.182503,52.336235,100.000,100.000,2025-11-01,,2025-09-01,Lithium-Batterie,Batterie,Speicher,SSE968659052361,100.000
SEE969508475829,Schuppen NOrd West,ABR951342886626,In Betrieb,Deutschland,Baden-Württemberg,Ludwigsburg,Kirchheim am Neckar,74336,Brackenheim,Hasenlauf,1,9.049157,49.081856,100.000,100.000,2025-11-03,,2025-10-27,Lithium-Batterie,Batterie,Speicher,SSE904162508322,203.000
SEE979940169989,PV-Seewisch,ABR940789486674,In Betrieb,Deutschland,Mecklenburg-Vorpommern,Ludwigslust-Parchim,Dobin am See,19067,Dobin am See,Am Schweriner See,1 d,11.494744,53.755716,120.000,100.000,2025-11-03,,2025-10-17,Lithium-Batterie,Batterie,Speicher,SSE984906587264,96.000
SEE983387514981,Speicher Thomasboden Power Stack,ABR907506602984,In Betrieb,Deutschland,Bayern,Würzburg,Eibelstadt,97246,Eibelstadt,Am Thomasboden,8,9.989585,49.736803,220.000,220.000,2025-11-04,,2025-11-03,Lithium-Batterie,Batterie,Speicher,SSE996360663040,450.000
SEE920399893505,Anlage Hove,ABR970160989296,In Betrieb,Deutschland,Niedersachsen,Stade,Jork,21635,Jork,Neuenfelder Straße,16 A,9.737009,53.521042,200.000,200.000,2025-11-04,,2025-05-28,Lithium-Batterie,Batterie,Speicher,SSE973055646823,864.000
SEE921539890828,Batteriespeicher,ABR967705693060,In Planung,Deutschland,Bayern,Ebersberg,Baiern,85625,Baiern,Weiterskirchen,7,11.903682,47.973175,1500.000,1500.000,2025-11-04,2026-01-01,,Lithium-Batterie,Batterie,Speicher,SSE925636772308,3600.000
SEE918059693695,Batteriespeicher,ABR919420232208,In Betrieb,Deutschland,Nordrhein-Westfalen,Gelsenkirchen,Gelsenkirchen,45881,Gelsenkirchen,Am Stadthafen,45,7.075894,51.530897,110.000,110.000,2025-11-04,,2025-10-29,Lithium-Batterie,Batterie,Speicher,SSE926199759010,84.000
SEE940654841652,SGE Duisburg-Walsum,ABR931557435161,In Planung,Deutschland,Nordrhein-Westfalen,Duisburg,Duisburg,47179,Duisburg,,,6.718977,51.528026,47000.000,47000.000,2025-11-06,2026-08-31,,Lithium-Batterie,Batterie,Speicher,SSE913526758860,188000.000
SEE921791609374,Torgau Graustromspeicher 750 kW Colokation,ABR991821257387,In Betrieb,Deutschland,Sachsen,Nordsachsen,Torgau,04861,Torgau,Dahlener Straße,5,12.992322,51.497390,750.000,750.000,2026-01-08,,2026-01-01,Lithium-Batterie,Batterie,Speicher,SSE977721010284,1567.200
SEE954347362607,BESS Hengersberg,ABR982320839334,In Planung,Deutschland,Bayern,Deggendorf,Hengersberg,94491,Hengersberg,Scharwächterstraße,5,13.047439,48.769903,1600.000,1600.000,2025-11-06,2026-06-30,,Lithium-Batterie,Batterie,Speicher,SSE963266941879,1289.900
SEE909484576356,Bat-K27,ABR902404262919,In Planung,Deutschland,Nordrhein-Westfalen,Warendorf,Ahlen,59229,Ahlen,Kleiwellenfeld,27,7.879759,51.738963,125.000,125.000,2025-11-06,2025-11-24,,Lithium-Batterie,Batterie,Speicher,SSE980545198861,289.000
SEE974085397174,Stromspeicher PVA,ABR971109113901,In Betrieb,Deutschland,Sachsen,Leipzig,Kitzscher,04567,Kitzscher,Zum Fürstenholz,1,12.550914,51.141391,300.000,300.000,2025-11-07,,2025-11-01,Lithium-Batterie,Batterie,Speicher,SSE999702639123,580.500
SEE985373111280,MAW Ilshofen,ABR920275200373,In Betrieb,Deutschland,Baden-Württemberg,Schwäbisch Hall,Ilshofen,74532,Ilshofen,Max-Eyth-Straße,5,9.945534,49.154047,108.000,108.000,2025-11-07,,2025-11-04,Lithium-Batterie,Batterie,Speicher,SSE993090308944,215.000
SEE907306864124,Stromspeicher Heisenberg 5,ABR997972737396,In Betrieb,Deutschland,Nordrhein-Westfalen,Oberbergischer Kreis,Radevormwald,42477,Radevormwald,Heisenbergstraße,5,7.378239,51.203454,100.000,100.000,2026-01-07,,2026-01-06,Lithium-Batterie,Batterie,Speicher,SSE936737902228,193.500
SEE988897398533,Batterie DGF,ABR987275595588,In Betrieb,Deutschland,Bayern,Dingolfing-Landau,Dingolfing,84130,Dingolfing,Straubinger Straße,20,12.487177,48.650542,1656.000,1656.000,2025-11-12,,2025-12-11,Lithium-Batterie,Batterie,Speicher,SSE980190246023,3600.000
SEE930536158398,Studentenwohnheim Bochum,ABR931881719418,In Betrieb,Deutschland,Nordrhein-Westfalen,Bochum,Bochum,44799,Bochum,Universitätsstr.,114,7.234799,51.459974,109.000,50.000,2025-11-10,,2025-09-04,Lithium-Batterie,Batterie,Speicher,SSE982175616692,98.000
SEE992866985952,Pluneo Speicher,ABR932914717425,In Planung,Deutschland,Nordrhein-Westfalen,Herne,Herne,44649,Herne,Wilhelmstraße,98,7.143419,51.530866,158.000,158.000,2025-11-10,2026-06-30,,Lithium-Batterie,Batterie,Speicher,SSE973917729138,318.000
SEE929268767145,Batteriespeicher 1 Frotzersricht,ABR909427472424,In Betrieb,Deutschland,Bayern,Schwandorf,Schwarzenfeld,92521,Schwarzenfeld,Frotzersricht,,12.115739,49.398709,3126.000,3126.000,2025-11-10,,2025-12-05,Lithium-Batterie,Batterie,Speicher,SSE910667502505,6708.600
SEE974038381946,BESS Krumpa I,ABR954274120745,In Betrieb,Deutschland,Sachsen-Anhalt,Saalekreis,Braunsbedra,06242,Krumpa,,,11.847691,51.289113,50940.000,46332.000,2026-02-09,,2026-01-30,Lithium-Batterie,Batterie,Speicher,SSE905976782069,101592.000
SEE960369932407,Quantum-Batterie-Lingen,ABR972526817854,In Betrieb,Deutschland,Niedersachsen,Emsland,Lingen (Ems),49809,Lingen,Schüttorfer Straße,4,7.319417,52.505691,2500.000,2500.000,2025-12-16,,2025-12-10,Lithium-Batterie,Batterie,Speicher,SSE953373106148,4514.310
SEE972296813322,Stromspeicher Görisried,ABR934656058422,In Betrieb,Deutschland,Bayern,Ostallgäu,Görisried,87657,Görisried,In der Lache,,10.506634,47.712097,240.000,240.000,2026-01-21,,2025-12-23,Lithium-Batterie,Batterie,Speicher,SSE905657757492,435.450
SEE909988646203,SMAREG14 Lößnitz,ABR940197536718,In Betrieb,Deutschland,Sachsen,Erzgebirgskreis,Lößnitz,08294,Lößnitz,Ernst-Geßner-Straße,6,12.718513,50.617029,9800.000,9800.000,2026-04-28,,2026-03-26,Lithium-Batterie,Batterie,Speicher,SSE933655904082,20580.000
SEE917592837443,Grünstromspeicher  743 Kw,ABR904859300338,In Betrieb,Deutschland,Bayern,Landsberg am Lech,Fuchstal,86925,Fuchstal,Energiestraße,2,10.849561,47.944782,743.000,743.000,2025-11-11,,2025-10-17,Lithium-Batterie,Batterie,Speicher,SSE975484209310,300.000
SEE971311131281,SP Sigmaringen/Gutenstein-Reisen Speicher,ABR938933890415,In Planung,Deutschland,Baden-Württemberg,Sigmaringen,Sigmaringen,72488,Sigmaringen,,,9.100000,48.060000,4600.000,4600.000,2025-11-12,2026-04-17,,Lithium-Batterie,Batterie,Speicher,SSE922893549599,4472.000
SEE955306125264,SP Geislingen Speicher,ABR938933890415,In Betrieb,Deutschland,Baden-Württemberg,Zollernalbkreis,Geislingen,72351,Geislingen,,,8.800000,48.300000,4600.000,4600.000,2026-03-23,,2026-03-19,Lithium-Batterie,Batterie,Speicher,SSE949732415532,6708.000
SEE903155153303,PV-Speicher Oberbränderstraße 71,ABR954506016945,In Betrieb,Deutschland,Baden-Württemberg,Breisgau-Hochschwarzwald,Eisenbach (Hochschwarzwald),79871,Eisenbach,Oberbränder Straße,71,8.298398,47.950035,2660.000,2660.000,2026-01-07,,2025-10-23,Lithium-Batterie,Batterie,Speicher,SSE999320145464,3400.000
SEE914291106672,Speicher 215KW Solax Gewerbepark,ABR999133278489,In Betrieb,Deutschland,Bayern,Unterallgäu,Salgen,87775,Salgen,Gewerbepark,13,10.469956,48.120316,100.000,100.000,2025-11-12,,2025-10-21,Lithium-Batterie,Batterie,Speicher,SSE991184423092,215.000
SEE955431040906,Solarpark Aach Speicher,ABR938933890415,In Planung,Deutschland,Baden-Württemberg,Konstanz,Aach,78267,Aach,,,8.880000,47.830000,796.000,796.000,2025-11-13,2026-08-31,,Sonstige Batterie,Batterie,Speicher,SSE955178864414,2280.000
SEE971976373965,Solarpark Adelsheim Speicher,ABR938933890415,In Betrieb,Deutschland,Baden-Württemberg,Neckar-Odenwald-Kreis,Adelsheim,74740,Adelsheim,,,9.371415,49.399930,4600.000,4600.000,2026-03-27,,2026-03-24,Lithium-Batterie,Batterie,Speicher,SSE989722102486,6708.000
SEE905374741712,SP Görlsdorf Speicher,ABR938933890415,In Planung,Deutschland,Brandenburg,Märkisch-Oderland,Vierlinden,15306,Vierlinden,,,14.290000,52.530000,9200.000,9200.000,2025-11-13,2026-08-14,,Lithium-Batterie,Batterie,Speicher,SSE997367871889,13417.000
SEE948513197681,Solarpark Gundelsheim Speicher,ABR938933890415,In Planung,Deutschland,Baden-Württemberg,Heilbronn,Gundelsheim,74831,Gundelsheim,,,9.150000,49.330000,1350.000,1220.000,2025-11-13,2026-08-31,,Lithium-Batterie,Batterie,Speicher,SSE933941352788,1800.000
SEE969370830870,Solarpark Rottweil Speicher,ABR938933890415,In Planung,Deutschland,Baden-Württemberg,Rottweil,Villingendorf,78667,Villingendorf,,,8.550000,48.200000,796.000,796.000,2025-11-13,2026-10-01,,Lithium-Batterie,Batterie,Speicher,SSE978610958694,2340.000
SEE953477669044,Bornemann Stromspeicher,ABR956021954764,In Betrieb,Deutschland,Nordrhein-Westfalen,Steinfurt,Greven,48268,Greven,Mergenthalerstr.,39,7.620100,52.109677,110.000,110.000,2025-12-02,,2025-12-02,Lithium-Batterie,Batterie,Speicher,SSE938174021241,225.000
SEE957301224812,Torgau Graustromspeicher 1000 kW Stand Alone,ABR991821257387,In Betrieb,Deutschland,Sachsen,Nordsachsen,Torgau,04861,Torgau,Dahlener Straße,5,12.992322,51.497390,1000.000,1000.000,2026-04-02,,2026-04-01,Lithium-Batterie,Batterie,Speicher,SSE989789290089,2089.600
SEE946786112424,Batteriespeicher Biogasanlage,ABR914440634445,In Betrieb,Deutschland,Nordrhein-Westfalen,Borken,Ahaus,48683,Ahaus,Quantwick,15,6.993802,52.048575,350.000,350.000,2025-11-15,,2025-08-28,Lithium-Batterie,Batterie,Speicher,SSE912501781992,1233.000
SEE909908219982,BESS - DE - ARZBERG - GMRO,ABR966765833386,In Betrieb,Deutschland,Bayern,Wunsiedel i. Fichtelgebirge,Arzberg,95659,Arzberg,Garmersreuth,,12.142957,50.056513,50500.000,50500.000,2025-11-17,,2025-11-10,Lithium-Batterie,Batterie,Speicher,SSE930985912350,99000.000
SEE971815239520,BESS - DE - ARZBERG - GMRW,ABR966765833386,In Betrieb,Deutschland,Bayern,Wunsiedel i. Fichtelgebirge,Arzberg,95659,Arzberg,Garmersreuth,,12.142957,50.056513,50500.000,50500.000,2025-12-01,,2025-12-01,Lithium-Batterie,Batterie,Speicher,SSE943848201720,99000.000
SEE979508522409,Batteriespeicher Westerwälder Holzwerke GmbH,ABR907623809891,In Betrieb,Deutschland,Rheinland-Pfalz,Westerwaldkreis,Langenbach bei Kirburg,57520,Langenbach,Schulweg,8,7.931745,50.700216,1400.000,1400.000,2025-11-17,,2025-05-22,Lithium-Batterie,Batterie,Speicher,SSE965340771341,6400.000
SEE911271705542,An der alten Ziegelei 4,ABR969207908840,In Betrieb,Deutschland,Nordrhein-Westfalen,Mettmann,Monheim am Rhein,40789,Monheim,An der Alten Ziegelei,4,6.913994,51.094109,100.000,100.000,2026-01-22,,2026-01-21,Lithium-Batterie,Batterie,Speicher,SSE944973173111,100.000
SEE959354897210,Pferdestall,ABR950029126451,In Betrieb,Deutschland,Bayern,Unterallgäu,Winterrieden,87785,Winterrieden,,,,,128.000,30.000,2025-11-17,,2025-11-13,Lithium-Batterie,Batterie,Speicher,SSE964368592792,128.000
SEE921078886900,2024-Bat,ABR902144826877,In Betrieb,Deutschland,Thüringen,Weimarer Land,Apolda,99510,Apolda,Im Dürstborne,12,11.468275,51.009573,150.000,150.000,2025-11-18,,2024-12-16,Lithium-Batterie,Batterie,Speicher,SSE946486504819,150.000
SEE922796742127,SP Elzhausen Speicher,ABR938933890415,In Planung,Deutschland,Baden-Württemberg,Schwäbisch Hall,Braunsbach,74542,Braunsbach,,,9.820000,49.220000,9200.000,9200.000,2025-11-18,2026-07-30,,Lithium-Batterie,Batterie,Speicher,SSE916904178489,13417.000
SEE990813051415,SP Lauenhagen Speicher,ABR963070207239,In Planung,Deutschland,Mecklenburg-Vorpommern,Mecklenburgische Seenplatte,Feldberger Seenlandschaft,17258,Feldberger Seenlandschaft,,,13.410000,53.310000,9200.000,9200.000,2025-11-18,2026-09-03,,Lithium-Batterie,Batterie,Speicher,SSE929572194422,13417.000
SEE924868796601,Stromspeicher Hupfeld ＆ Schlöffel Metallbau (100 kVA),ABR946357098461,In Betrieb,Deutschland,Hessen,Werra-Meißner-Kreis,Berkatal,37297,Berkatal,Im Rohr,14,9.918623,51.239433,100.000,100.000,2025-11-18,,2025-07-31,Lithium-Batterie,Batterie,Speicher,SSE976970811727,165.000
SEE976277141435,SP Rehfeld Speicher,ABR938933890415,In Planung,Deutschland,Brandenburg,Elbe-Elster,Falkenberg/Elster,04895,Rehfeld,,,13.220000,51.570000,9200.000,9200.000,2025-11-18,2026-12-31,,Lithium-Batterie,Batterie,Speicher,SSE941165867261,8945.000
SEE902639883606,Fraunhoferstr. 16 Batteriespeicher,ABR912217504953,In Betrieb,Deutschland,Bayern,Memmingen,Memmingen,87700,Memmingen,Fraunhoferstraße,16,10.162838,48.002371,108.000,108.000,2025-12-02,,2025-11-27,Lithium-Batterie,Batterie,Speicher,SSE901536982771,215.000
SEE945378101358,VPI Bad Wildungen BESS,ABR948497366233,In Planung,Deutschland,Hessen,Waldeck-Frankenberg,Bad Wildungen,34537,Bad Wildungen,,,9.157365,51.124376,17000.000,17000.000,2025-11-19,2026-07-23,,Lithium-Batterie,Batterie,Speicher,SSE954771795002,34000.000
SEE947078321210,Speicher2025,ABR987858209666,In Betrieb,Deutschland,Baden-Württemberg,Biberach,Uttenweiler,88524,Uttenweiler,Dettenberg,1,9.646168,48.145197,100.000,100.000,2025-11-20,,2025-10-20,Lithium-Batterie,Batterie,Speicher,SSE978426086185,221.000
SEE975979215741,Batteriespeicher,ABR961005631807,In Betrieb,Deutschland,Nordrhein-Westfalen,Hagen,Hagen,58099,Hagen,Große Brenne,6,7.529505,51.371703,125.000,125.000,2025-11-20,,2025-09-15,Lithium-Batterie,Batterie,Speicher,SSE995925493504,245.000
SEE988808745005,NS_01_156_318_Oberhofen,ABR994862223465,In Betrieb,Deutschland,Baden-Württemberg,Ravensburg,Ravensburg,88214,Ravensburg,Tettnanger Straße,366,9.603123,47.736898,156.000,156.000,2026-06-17,,2026-06-05,Lithium-Batterie,Batterie,Speicher,SSE912721246486,300.000
SEE943277264617,Kläranlage/Bauhof Schönau Speicher,ABR932213820819,In Betrieb,Deutschland,Bayern,Lindau (Bodensee),Grünenbach,88167,Grünenbach,Buchweg,2,9.988162,47.619140,110.000,100.000,2025-11-20,,2025-11-14,Lithium-Batterie,Batterie,Speicher,SSE961153843237,215.000
SEE902088447725,Freifläche_195.2025,ABR987712706676,In Betrieb,Deutschland,Hessen,Darmstadt-Dieburg,Bickenbach,64404,Bickenbach,Berta-Benz-Straße,101,8.600429,49.759598,324.000,324.000,2025-11-21,,2025-11-18,Lithium-Batterie,Batterie,Speicher,SSE905047952674,860.000
SEE947445854082,Storage44 Speicher Colonia,ABR948076731032,In Betrieb,Deutschland,Nordrhein-Westfalen,Bochum,Bochum,44892,Bochum,Coloniastr.,13,7.298502,51.475830,368.000,368.000,2026-02-04,,2026-01-28,Hochtemperaturbatterie,Batterie,Speicher,SSE909576407902,736.000
SEE999239610039,trlyr 8,ABR995234977986,In Betrieb,Deutschland,Niedersachsen,Vechta,Visbek,49429,Visbek,Wöstendöllen,129,8.355156,52.809278,20190.000,20190.000,2026-04-15,,2026-05-18,Lithium-Batterie,Batterie,Speicher,SSE962988554367,40610.000
SEE935640253311,BE.BSP1,ABR911067889012,In Betrieb,Deutschland,Bayern,Cham,Waldmünchen,93449,Waldmünchen,Schäferei,40,12.671564,49.392112,299.000,299.000,2026-05-06,,2026-01-01,Nickel-Cadmium- / Nickel-Metallhydridbatterie,Batterie,Speicher,SSE959380184551,1288.000
SEE914100885491,Speicher Verwaltung SWL (Pfalz) GmbH,ABR902056611493,In Betrieb,Deutschland,Rheinland-Pfalz,Bad Dürkheim,Lambrecht (Pfalz),67466,Lambrecht,Hauptstraße,14,8.077235,49.372997,184.000,184.000,2025-11-24,,2025-11-20,Lithium-Batterie,Batterie,Speicher,SSE985287321591,368.000
SEE917579183549,Speicher I BRABUS Bottrop,ABR998668647739,In Betrieb,Deutschland,Nordrhein-Westfalen,Bottrop,Bottrop,46240,Bottrop,Brabus-Allee,1,6.924888,51.545148,216.000,216.000,2025-12-19,,2025-12-17,Lithium-Batterie,Batterie,Speicher,SSE999787799514,430.000
SEE905125319481,Speicher Witten,ABR962534509094,In Betrieb,Deutschland,Nordrhein-Westfalen,Ennepe-Ruhr-Kreis,Witten,58454,Witten,Salinger Feld,16 b,7.383001,51.455460,100.000,100.000,2025-11-24,,2025-06-27,Lithium-Batterie,Batterie,Speicher,SSE903631901503,215.000
SEE990101560117,Batteriespeicher Im Kurzen Busch 3a,ABR940044696237,In Betrieb,Deutschland,Nordrhein-Westfalen,Märkischer Kreis,Iserlohn,58640,Iserlohn,Im Kurzen Busch,3 a,7.672851,51.428547,269.900,269.900,2026-02-02,,2026-02-02,Hochtemperaturbatterie,Batterie,Speicher,SSE982606003596,552.000
SEE960398624137,Stromspeicher Urbach FKT,ABR908213307582,In Betrieb,Deutschland,Baden-Württemberg,Rems-Murr-Kreis,Urbach,73660,Urbach,Wasenstraße,90,9.556576,48.808875,277.000,277.000,2025-11-24,,2025-11-11,Lithium-Batterie,Batterie,Speicher,SSE902601059671,240.000
SEE908513671642,Stromspeicher Gymnasium Pocking,ABR913202344882,In Betrieb,Deutschland,Bayern,Passau,Pocking,94060,Pocking,Dr.-Karl-Weiß-Platz,2,13.324194,48.401102,125.000,125.000,2025-11-24,,2025-11-20,Lithium-Batterie,Batterie,Speicher,SSE945278566691,245.000
SEE945555497007,BESS Solarpark Kropp,ABR980325142336,In Planung,Deutschland,Schleswig-Holstein,Schleswig-Flensburg,Kropp,24848,Kropp,,,9.521710,54.433439,5000.000,5000.000,2025-11-24,2026-11-02,,Lithium-Batterie,Batterie,Speicher,SSE951771965770,10030.000
SEE996879219493,PV 2025,ABR904097155905,In Betrieb,Deutschland,Brandenburg,Oberhavel,Hohen Neuendorf,16540,Hohen Neuendorf,,,,,120.000,5.000,2025-11-24,,2025-11-21,Lithium-Batterie,Batterie,Speicher,SSE912177020395,9.720
SEE978387526379,Trading Speicher Forton,ABR947737578351,In Betrieb,Deutschland,Bayern,Traunstein,Trostberg,83308,Trostberg,Ulmenstraße,5,12.548919,48.051407,368.000,184.000,2026-04-14,,2026-03-31,Hochtemperaturbatterie,Batterie,Speicher,SSE990801858248,368.000
SEE914252228597,Industriestraße Hückeswagen,ABR952027110258,In Planung,Deutschland,Nordrhein-Westfalen,Oberbergischer Kreis,Hückeswagen,42499,Hückeswagen,Industriestraße,10,7.301963,51.146876,250.000,250.000,2025-11-25,2026-12-31,,Lithium-Batterie,Batterie,Speicher,SSE992114588423,1095.000
SEE933690626871,"Hagsfelder Werkstätten 2, Karlsruhe",ABR941040469184,In Betrieb,Deutschland,Baden-Württemberg,Karlsruhe,Karlsruhe,76139,Karlsruhe,Am Storrenacker,27,8.469783,49.024943,100.000,100.000,2025-11-25,,2025-11-14,Lithium-Batterie,Batterie,Speicher,SSE983484989811,440.000
SEE946632109158,1.BEN - Batterie- und Energiepark Nord,ABR934227154928,In Planung,Deutschland,Schleswig-Holstein,Nordfriesland,Ellhöft,25923,Ellhöft,,,8.951213,54.894851,90000.000,90000.000,2025-11-25,2026-10-31,,Lithium-Batterie,Batterie,Speicher,SSE983802818410,183285.000
SEE940832671422,BESS Damnatz I,ABR993813431881,In Planung,Deutschland,Niedersachsen,Lüchow-Dannenberg,Damnatz,29472,Damnatz,,,11.180812,53.121432,1200.000,1200.000,2025-11-25,2026-06-30,,Lithium-Batterie,Batterie,Speicher,SSE922180278195,2505.000
SEE962672626011,Leipheim_BESS_1150kW,ABR958031001681,In Betrieb,Deutschland,Bayern,Günzburg,Bubesheim,89340,Leipheim,An der Werft,2,10.237080,48.439219,1150.000,1150.000,2025-11-25,,2025-02-28,Lithium-Batterie,Batterie,Speicher,SSE965802646804,2150.000
SEE904415676457,Ladestation / Lidl / Bethelner Landstraße 15 / Gronau (Leine),ABR922795343028,In Betrieb,Deutschland,Niedersachsen,Hildesheim,Gronau (Leine),31028,Gronau,Bethelner Landstraße,15,9.784904,52.087296,100.000,86.600,2025-11-26,,2025-11-06,Lithium-Batterie,Batterie,Speicher,SSE944720839239,201.000
SEE930443773875,GJS Maulbronn Speicher 1,ABR964631366273,In Betrieb,Deutschland,Baden-Württemberg,Enzkreis,Maulbronn,75433,Maulbronn,Talweg,10,8.794755,48.994951,100.000,100.000,2026-07-30,,2026-06-26,Lithium-Batterie,Batterie,Speicher,SSE937544648224,215.000
SEE906216686444,GJS Maulbronn Speicher 2,ABR964631366273,In Betrieb,Deutschland,Baden-Württemberg,Enzkreis,Maulbronn,75433,Maulbronn,Talweg,10,8.794755,48.994951,100.000,100.000,2026-07-30,,2026-06-26,Lithium-Batterie,Batterie,Speicher,SSE926747432693,215.000
SEE927251357052,Batteriespeicher LZ Freiburg,ABR956814086863,In Planung,Deutschland,Baden-Württemberg,Breisgau-Hochschwarzwald,Hartheim am Rhein,79427,Eschbach,Max-Immelmann-Allee,27,7.638521,47.906671,346.500,346.500,2025-11-26,2026-06-01,,Lithium-Batterie,Batterie,Speicher,SSE959847498146,315.000
SEE947230802458,Speicher YA,ABR972426431280,In Betrieb,Deutschland,Hessen,Fulda,Fulda,36037,Fulda,Paul-Klee-Straße,70,9.638946,50.541546,110.000,33.000,2025-12-31,,2025-12-11,Lithium-Batterie,Batterie,Speicher,SSE972634815162,229.000
SEE970241367166,MS_01_4500_Brugg,ABR951358271171,In Planung,Deutschland,Bayern,Lindau (Bodensee),Gestratz,88167,Gestratz,Brugg,1,9.984908,47.653745,4500.000,4500.000,2025-11-26,2026-05-01,,Lithium-Batterie,Batterie,Speicher,SSE945605963285,10500.000
SEE930760708215,Stromspeicher_1,ABR942849654740,In Betrieb,Deutschland,Baden-Württemberg,Tuttlingen,Spaichingen,78549,Spaichingen,Eschenwasen,5,8.720182,48.067268,528.000,528.000,2025-11-26,,2025-11-13,Lithium-Batterie,Batterie,Speicher,SSE991975415077,711.000
SEE918298958258,BESS Heilbronn Hochtief WSA,ABR939765085666,In Betrieb,Deutschland,Baden-Württemberg,Heilbronn,Heilbronn,74076,Heilbronn,Wohlgelegen,,9.211455,49.157954,108.000,108.000,2025-11-27,,2025-11-18,Lithium-Batterie,Batterie,Speicher,SSE922548249447,215.000
SEE940680212853,Icecreek Energy Alsdorf,ABR928156295890,In Betrieb,Deutschland,Nordrhein-Westfalen,Städteregion Aachen,Alsdorf,52477,Alsdorf,Maurerstraße,50,6.188966,50.879646,9600.000,9600.000,2025-11-27,,2025-11-27,Lithium-Batterie,Batterie,Speicher,SSE953001246987,20000.000
SEE947245249934,Batteriespeicher Reisgang,ABR903690099142,In Betrieb,Deutschland,Bayern,Pfaffenhofen a.d. Ilm,Hettenshausen,85276,Hettenshausen,,,11.510520,48.508480,15120.000,15000.000,2026-02-05,,2026-01-27,Lithium-Batterie,Batterie,Speicher,SSE947486567866,30000.000
SEE930014441561,Freifläche Wiesen - Speicher,ABR924410946720,In Planung,Deutschland,Bayern,Aschaffenburg,Wiesen,63831,Wiesen,,,9.220000,50.065000,1100.000,1100.000,2025-11-28,2025-12-17,,Lithium-Batterie,Batterie,Speicher,SSE966130306149,1290.000
SEE993726225850,Keplerstraße 4-10 - Batterie,ABR918591294886,In Betrieb,Deutschland,Sachsen-Anhalt,Salzlandkreis,Aschersleben,06449,Aschersleben,Keplerstraße,8,11.466351,51.764338,100.000,60.000,2025-12-23,,2025-12-15,Lithium-Batterie,Batterie,Speicher,SSE961408402882,192.000
SEE966305214941,CT1 Siegenburg BESS_01,ABR980786871837,In Betrieb,Deutschland,Bayern,Kelheim,Siegenburg,93354,Siegenburg,Industriestraße Süd,1,11.859798,48.743082,750.000,750.000,2026-06-02,,2026-06-01,Lithium-Batterie,Batterie,Speicher,SSE997217197138,1500.000
SEE908541775459,DC-Ladestation OW,ABR928185051689,In Betrieb,Deutschland,Sachsen,Dresden,Dresden,01156,Dresden,Am Zschoner Berg,2,13.647382,51.058970,100.000,100.000,2025-11-30,,2025-06-30,Lithium-Batterie,Batterie,Speicher,SSE934411579490,215.000
SEE946626454387,Eigenverbrauchsspeicher180325,ABR982917291330,In Betrieb,Deutschland,Baden-Württemberg,Schwarzwald-Baar-Kreis,Hüfingen,78183,Hüfingen,Wiesenackerhof,1,8.541968,47.918560,100.000,100.000,2025-11-30,,2025-11-25,Lithium-Batterie,Batterie,Speicher,SSE975468234413,215.000
SEE908542160315,10015 Bielefeld-Batterie,ABR973319622440,In Betrieb,Deutschland,Nordrhein-Westfalen,Bielefeld,Bielefeld,33609,Bielefeld,Eckendorfer Straße,1,8.544340,52.031314,1500.000,1500.000,2026-01-06,,2025-12-11,Lithium-Batterie,Batterie,Speicher,SSE943678085347,3665.000
SEE936927052337,BESS Kolitzheim 1,ABR942803427762,In Betrieb,Deutschland,Bayern,Schweinfurt,Kolitzheim,97509,Kolitzheim,Wadenbrunner Straße,10,10.240310,49.913640,3450.000,3450.000,2026-03-05,,2026-01-15,Lithium-Batterie,Batterie,Speicher,SSE935647568593,6900.000
SEE953386209782,SFG Doberschwitz BS,ABR997312744275,In Planung,Deutschland,Sachsen,Mittelsachsen,Leisnig,04703,Leisnig,Doberschwitz,14,12.893570,51.204390,110.000,110.000,2025-12-01,2026-06-19,,Lithium-Batterie,Batterie,Speicher,SSE982056704999,229.000
SEE941712003678,Geflügelhof Stars BS,ABR944817378856,In Betrieb,Deutschland,Bayern,Rottal-Inn,Hebertsfelden,84332,Hebertsfelden,Sandberg,6,12.853263,48.422509,110.000,110.000,2025-12-01,,2025-11-28,Lithium-Batterie,Batterie,Speicher,SSE957568680338,229.000
SEE955867610100,Batteriespeicher Premnitz,ABR924151992529,In Betrieb,Deutschland,Brandenburg,Havelland,Premnitz,14727,Premnitz,Dr.-Herbert-Rein-Straße,1,12.358153,52.529564,7000.000,7000.000,2026-06-11,,2026-06-08,Lithium-Batterie,Batterie,Speicher,SSE916493984287,15000.000
SEE958457161778,MONA Island 233 ribo GmbH,ABR945347210265,In Betrieb,Deutschland,Baden-Württemberg,Ravensburg,Weingarten,88250,Weingarten,Herknerstraße,16,9.637290,47.817641,115.000,115.000,2025-12-15,,2025-12-03,Lithium-Batterie,Batterie,Speicher,SSE911861653109,232.960
SEE979236480224,Blauhoff Speicher 3880 kWh,ABR923905491943,In Planung,Deutschland,Nordrhein-Westfalen,Borken,Gescher,48712,Gescher,Schüringsweg,6,7.026072,51.943092,750.000,645.000,2025-12-02,2026-06-01,,Lithium-Batterie,Batterie,Speicher,SSE926481522445,3880.000
SEE956803488449,PV Anlage 2 Batteriespeicher,ABR941309836436,In Betrieb,Deutschland,Niedersachsen,Nienburg (Weser),Warpe,27333,Warpe,Warpe,21,9.110653,52.735890,100.000,100.000,2025-12-02,,2025-07-15,Lithium-Batterie,Batterie,Speicher,SSE905097108441,215.000
SEE960506866794,Batteriespeicher Sunny Island X mit Sunwoda Oasis 60,ABR919864862818,In Betrieb,Deutschland,Bayern,Ebersberg,Ebersberg,85560,Ebersberg,Reitgesing,1,11.933944,48.064637,100.000,100.000,2025-12-03,,2025-12-03,Lithium-Batterie,Batterie,Speicher,SSE991677648834,120.000
SEE924007485373,BATT-FRI-02,ABR931589325867,In Betrieb,Deutschland,Niedersachsen,Aurich,Norden,26506,Norden,,,7.166497,53.619949,607.500,607.500,2025-12-25,,2025-12-11,Lithium-Batterie,Batterie,Speicher,SSE977152568224,1849.500
SEE930406453950,Renken Energy Speicher,ABR979197682118,In Planung,Deutschland,Niedersachsen,Celle,Wietze,29323,Wietze,DEA-Straße,,9.820933,52.654156,552.000,100.000,2025-12-03,2026-07-17,,Lithium-Batterie,Batterie,Speicher,SSE913967466515,1620.000
SEE969450622692,Randolph Solar Energy Speicher,ABR935044803686,In Planung,Deutschland,Niedersachsen,Celle,Wietze,29323,Wietze,DEA-Straße,9,9.821145,52.654155,552.000,100.000,2025-12-03,2026-07-17,,Lithium-Batterie,Batterie,Speicher,SSE931891755192,1620.000
SEE927400112945,PV Speicher Erbsenkamp 1,ABR941056416264,In Betrieb,Deutschland,Mecklenburg-Vorpommern,Rostock,Papendorf,18059,Papendorf,Erbsenkamp,1,12.117955,54.045559,216.000,216.000,2025-12-19,,2025-12-19,Lithium-Batterie,Batterie,Speicher,SSE900603044572,430.000
SEE914269391383,Stromspeicher Freiflächen-PV-Anlage Burghart,ABR950948822021,In Betrieb,Deutschland,Bayern,Landshut,Pfeffenhausen,84076,Pfeffenhausen,Burghart,8,12.008911,48.668812,125.000,125.000,2026-04-16,,2026-04-10,Lithium-Batterie,Batterie,Speicher,SSE996466627717,261.240
SEE958712241351,Batteriespeicher Marktleugast,ABR903690099142,In Betrieb,Deutschland,Bayern,Kulmbach,Marktleugast,95352,Marktleugast,,,11.628030,50.166240,15120.000,15000.000,2026-02-05,,2026-01-27,Lithium-Batterie,Batterie,Speicher,SSE980815872132,30000.000
SEE922586597555,Kluth Batteriespeicher,ABR905709666291,In Betrieb,Deutschland,Nordrhein-Westfalen,Viersen,Viersen,41749,Viersen,Anne-Frank-Straße,52,6.378240,51.283782,352.000,352.000,2025-12-04,,2025-11-28,Lithium-Batterie,Batterie,Speicher,SSE968004815948,398.000
SEE977212776880,K27-Bat,ABR902404262919,In Betrieb,Deutschland,Nordrhein-Westfalen,Warendorf,Ahlen,59229,Ahlen,Kleiwellenfeld,27,7.879782,51.738964,125.000,125.000,2025-12-26,,2025-12-22,Lithium-Batterie,Batterie,Speicher,SSE953275636934,289.000
SEE937735253602,Stromspeicherei 001,ABR985487377947,In Betrieb,Deutschland,Baden-Württemberg,Bodenseekreis,Kressbronn am Bodensee,88079,Kressbronn,Berger Straße,16,9.602676,47.600866,158.000,158.000,2026-01-22,,2025-12-15,Lithium-Batterie,Batterie,Speicher,SSE953318232819,300.000
SEE947346862056,Ladepark BED Talstraße Speicher,ABR947594586964,In Betrieb,Deutschland,Baden-Württemberg,Alb-Donau-Kreis,Ehingen (Donau),89584,Ehingen,Talstraße,21,9.731680,48.272161,184.000,184.000,2025-12-05,,2025-11-24,Lithium-Batterie,Batterie,Speicher,SSE981936310220,184.000
SEE967448586247,FFM 2 Batteriespeicher,ABR907661359020,In Betrieb,Deutschland,Sachsen,Mittelsachsen,Leubsdorf,09573,Leubsdorf,Alter Fabrikweg,,13.142303,50.786727,3600.000,3600.000,2025-12-05,,2025-11-18,Lithium-Batterie,Batterie,Speicher,SSE911721608850,13791.000
SEE978833669711,PV-Anlage Stuttgart Z2 Speicher,ABR916113339886,In Betrieb,Deutschland,Baden-Württemberg,Stuttgart,Stuttgart,70567,Stuttgart,Vaihinger Straße,161,9.133541,48.728118,150.000,150.000,2025-12-05,,2025-07-21,Lithium-Batterie,Batterie,Speicher,SSE924406597974,223.200
SEE955899564723,Batterie_Speicher_Tesvolt,ABR957317027551,In Betrieb,Deutschland,Baden-Württemberg,Ravensburg,Leutkirch im Allgäu,88299,Leutkirch,Rathausstraße,5,10.054262,47.820811,200.000,200.000,2025-12-05,,2025-08-01,Lithium-Batterie,Batterie,Speicher,SSE991127618882,640.000
SEE988521409697,Bürger-Speicherkraftwerk Marzling,ABR932051425788,In Betrieb,Deutschland,Bayern,Freising,Marzling,85417,Marzling,,,11.782216,48.389750,2500.000,2500.000,2026-07-22,,2026-07-14,Lithium-Batterie,Batterie,Speicher,SSE921999225840,5015.900
SEE910091627508,Speicher - DOC Neumpnster,ABR977771202899,In Planung,Deutschland,Schleswig-Holstein,Neumünster,Neumünster,24539,Neumünster,Oderstraße,10,9.979476,54.043909,100.000,100.000,2025-12-05,2026-02-01,,Lithium-Batterie,Batterie,Speicher,SSE924256291459,215.000
SEE965796042415,BESS Gut Geratshof,ABR924481569156,In Betrieb,Deutschland,Bayern,Landsberg am Lech,Landsberg am Lech,86899,Landsberg,Gut Geratshof,1,10.837790,47.990685,150.000,150.000,2025-12-07,,2025-10-08,Lithium-Batterie,Batterie,Speicher,SSE971037902387,300.000
SEE924248795385,BESS_250kW_Niederspannung_Graustrom,ABR936563723493,In Planung,Deutschland,Bayern,Deggendorf,Otzing,94563,Otzing,Haunersdorf,5,12.782310,48.750510,250.000,250.000,2025-12-07,2026-07-01,,Lithium-Batterie,Batterie,Speicher,SSE978185689795,1044.800
SEE946334230327,800 kW Speicher,ABR989328225350,In Betrieb,Deutschland,Nordrhein-Westfalen,Borken,Gescher,48712,Gescher,Venneweg,28,7.012094,51.945734,250.000,250.000,2026-01-23,,2026-01-22,Lithium-Batterie,Batterie,Speicher,SSE977228923179,800.000
SEE965822398363,Stendal BESS,ABR961787390190,In Planung,Deutschland,Sachsen-Anhalt,Stendal,Stendal,39576,Stendal,Am Umspannwerk,1a,11.729660,52.570965,104500.000,104500.000,2025-12-08,2026-06-15,,Lithium-Batterie,Batterie,Speicher,SSE969485833605,209000.000
SEE906491895425,Reinhard Eickhoff Solarspeicher,ABR991709351275,In Betrieb,Deutschland,Niedersachsen,Heidekreis,Walsrode,29664,Walsrode,Schneeheide,17,9.541426,52.847471,200.000,200.000,2025-12-08,,2025-01-15,Lithium-Batterie,Batterie,Speicher,SSE943637267630,512.000
SEE938401862760,Speicher,ABR986695514667,In Betrieb,Deutschland,Bayern,Straubing-Bogen,Konzell,94357,Konzell,Industriestraße,11,12.725375,49.082225,125.000,113.000,2025-12-08,,2025-12-02,Lithium-Batterie,Batterie,Speicher,SSE965788772719,261.000
SEE932055327439,Batteriespeicher Altheim,ABR930588954160,In Betrieb,Deutschland,Bayern,Landshut,Essenbach,84051,Essenbach,Regensburger Straße,33,12.195462,48.595677,4000.000,4000.000,2025-12-16,,2025-12-09,Lithium-Batterie,Batterie,Speicher,SSE909039878249,8000.000
SEE944089463014,Batteriespeicher Unsbach,ABR934199651920,In Betrieb,Deutschland,Bayern,Landshut,Essenbach,84051,Essenbach,Oberunsbach,1,12.209787,48.648919,4000.000,4000.000,2025-12-16,,2025-12-10,Lithium-Batterie,Batterie,Speicher,SSE989872214077,8000.000
SEE967764492932,SGF Kubschütz BS,ABR997312744275,In Planung,Deutschland,Sachsen,Bautzen,Kubschütz,02627,Kubschütz,Purschwitz,110,14.542540,51.207006,110.000,110.000,2025-12-11,2026-07-24,,Lithium-Batterie,Batterie,Speicher,SSE926751853668,229.000
SEE983538133412,Batteriespeicher Kyritz,ABR987305744108,In Planung,Deutschland,Brandenburg,Ostprignitz-Ruppin,Kyritz,16866,Kyritz,Seestraße,39,12.428300,52.939406,5250.000,5250.000,2026-01-02,2026-11-30,,Lithium-Batterie,Batterie,Speicher,SSE978547043845,14490.000
SEE920510769771,BESS Sandhagen,ABR977696921097,In Planung,Deutschland,Mecklenburg-Vorpommern,Rostock,Biendorf,18230,Biendorf,,,11.744818,54.051829,25200.000,25200.000,2025-12-16,2027-05-01,,Lithium-Batterie,Batterie,Speicher,SSE901578558910,50150.000
SEE923518462408,HWK 1 Hagsfeld,ABR941040469184,In Betrieb,Deutschland,Baden-Württemberg,Karlsruhe,Karlsruhe,76139,Karlsruhe,Am Storrenacker,9,8.467540,49.020964,150.000,150.000,2025-12-16,,2025-12-12,Lithium-Batterie,Batterie,Speicher,SSE953770177079,540.000
SEE904344542915,Batteriespeicher Böhme 2025,ABR926772701108,In Betrieb,Deutschland,Bayern,Hof,Rehau,95111,Rehau,Neukühschwitz,33,12.010764,50.270765,1001.000,1001.000,2025-12-16,,2025-03-28,Lithium-Batterie,Batterie,Speicher,SSE984514566101,1023.000
SEE912547840417,Batteriespeicher Böhme 2023,ABR926772701108,In Betrieb,Deutschland,Bayern,Hof,Rehau,95111,Rehau,Neukühschwitz,33,12.010764,50.270765,455.000,455.000,2025-12-16,,2023-12-22,Lithium-Batterie,Batterie,Speicher,SSE957169972832,405.000
SEE941589856735,URENCO-Battery II,ABR925052145762,In Betrieb,Deutschland,Nordrhein-Westfalen,Borken,Gronau (Westf.),48599,Gronau,Röntgenstraße,4,7.081535,52.216115,2175.000,2175.000,2026-02-06,,2025-03-17,Lithium-Batterie,Batterie,Speicher,SSE995064156476,5184.000
SEE909231828400,2025 RCT,ABR988776605356,In Betrieb,Deutschland,Baden-Württemberg,Schwarzwald-Baar-Kreis,Bad Dürrheim,78073,Bad Dürrheim,Donaustraße,10,8.589328,47.998140,100.000,100.000,2025-12-16,,2025-12-16,Lithium-Batterie,Batterie,Speicher,SSE913850765022,233.000
SEE940578469482,Batterie Werkstatt,ABR943935162538,In Betrieb,Deutschland,Bayern,Unterallgäu,Kirchheim i. Schw.,87757,Kirchheim,Dorfstraße,28,10.470684,48.180488,125.000,125.000,2025-12-16,,2025-11-07,Lithium-Batterie,Batterie,Speicher,SSE951308176792,258.000
SEE913632023296,Kraftwek EV,ABR942139537814,In Planung,Deutschland,Niedersachsen,Oldenburg,Großenkneten,26197,Großenkneten,Dünhoop,6,8.243253,52.910643,400.000,400.000,2025-12-17,2026-08-01,,Lithium-Batterie,Batterie,Speicher,SSE904193256858,400.000
SEE939255216891,Batterie 215 kWh,ABR927505210690,In Betrieb,Deutschland,Nordrhein-Westfalen,Lippe,Lemgo,32657,Lemgo,Am Ochsenteich,31,8.866711,52.032790,100.000,100.000,2025-12-17,,2025-11-24,Lithium-Batterie,Batterie,Speicher,SSE918535518856,215.000
SEE969638882191,171-BESS Emmerke,ABR926970364822,In Betrieb,Deutschland,Niedersachsen,Hildesheim,Giesen,31180,Giesen,Gutenbergstraße,20,9.871068,52.160250,3000.000,3000.000,2025-12-23,,2025-12-23,Lithium-Batterie,Batterie,Speicher,SSE969524109661,6048.000
SEE969408230634,Daimlerstraße 8,ABR930921442538,In Betrieb,Deutschland,Niedersachsen,Cloppenburg,Cloppenburg,49661,Cloppenburg,Daimlerstraße,8,8.071092,52.840208,184.000,184.000,2025-12-17,,2025-12-02,Nickel-Cadmium- / Nickel-Metallhydridbatterie,Batterie,Speicher,SSE999780252023,164.000
SEE942141217322,PV MühldorfMBM,ABR945190562566,In Betrieb,Deutschland,Bayern,Mühldorf a. Inn,Mühldorf a. Inn,84453,Mühldorf,Münchener Straße,84,12.507500,48.246607,250.000,250.000,2025-12-17,,2025-12-15,Lithium-Batterie,Batterie,Speicher,SSE955482029776,504.000
SEE937263494973,Batteriespeicher (24038 P),ABR917120240356,In Betrieb,Deutschland,Baden-Württemberg,Calw,Haiterbach,72221,Haiterbach,Industriestraße,34,8.632466,48.506566,704.000,704.000,2025-12-17,,2025-12-01,Lithium-Batterie,Batterie,Speicher,SSE923393272987,853.200
SEE931631808997,Stromspeicher Friedland,ABR961025215599,In Betrieb,Deutschland,Mecklenburg-Vorpommern,Mecklenburgische Seenplatte,Friedland,17098,Friedland,Anklamer Straße,17 z,13.565444,53.684472,100.000,100.000,2025-12-19,,2025-12-18,Lithium-Batterie,Batterie,Speicher,SSE999529536100,860.000
SEE907044508380,Batteriespeicher 645,ABR987832206582,In Betrieb,Deutschland,Bayern,Weißenburg-Gunzenhausen,Pappenheim,91788,Pappenheim,Beckstraße,9,10.977105,48.936057,645.000,150.000,2025-12-18,,2025-12-08,Lithium-Batterie,Batterie,Speicher,SSE900728901712,645.000
SEE921717205536,Speicher 2025,ABR954841343584,In Betrieb,Deutschland,Nordrhein-Westfalen,Minden-Lübbecke,Rahden,32369,Rahden,Nuttelner Straße,50,8.665708,52.430336,356.400,356.400,2025-12-19,,2025-12-19,Lithium-Batterie,Batterie,Speicher,SSE932211727479,645.000
SEE908992147423,Speicher Trafohaus,ABR996234910331,In Betrieb,Deutschland,Bayern,Cham,Bad Kötzting,93444,Bad Kötzting,Bgm.-Seidl-Platz,1,12.861980,49.175172,736.000,736.000,2026-03-31,,2026-03-30,Lithium-Batterie,Batterie,Speicher,SSE915338307533,1288.000
SEE966750904572,Speicher II Barmeyer GbR,ABR913527407415,In Betrieb,Deutschland,Niedersachsen,Grafschaft Bentheim,Samern,48465,Samern,Ohner Straße,133,7.253983,52.290041,100.000,100.000,2025-12-19,,2025-08-28,Lithium-Batterie,Batterie,Speicher,SSE962065274690,215.000
SEE996325116604,Großer Stromspeicher,ABR967027216350,In Betrieb,Deutschland,Nordrhein-Westfalen,Recklinghausen,Castrop-Rauxel,44577,Castrop-Rauxel,Hebewerkstraße,119,7.314891,51.609180,108.000,108.000,2025-12-19,,2025-12-04,Lithium-Batterie,Batterie,Speicher,SSE917831334825,107.000
SEE903864901639,"BESS Wehr – 11,5 MW",ABR943901418713,In Planung,Deutschland,Baden-Württemberg,Waldshut,Wehr,79664,Wehr,,,7.908126,47.617521,11500.000,11500.000,2025-12-19,2026-11-02,,Lithium-Batterie,Batterie,Speicher,SSE971063018403,22300.000
SEE975774567724,PV 3 Halle ＆ Carport,ABR934573356236,In Betrieb,Deutschland,Baden-Württemberg,Karlsruhe,Bruchsal,76646,Bruchsal,Industriestraße,1,8.571404,49.126662,1000.000,440.000,2025-12-19,,2025-12-10,Lithium-Batterie,Batterie,Speicher,SSE919757478829,2258.000
SEE937414469638,233 RCT Speicher,ABR902874546229,In Betrieb,Deutschland,Nordrhein-Westfalen,Gütersloh,Gütersloh,33334,Gütersloh,Holler Straße,301,8.378428,51.945545,100.000,100.000,2025-12-20,,2025-12-19,Lithium-Batterie,Batterie,Speicher,SSE973891431270,217.900
SEE952753897867,DGF Speicher 2,ABR977278709396,In Betrieb,Deutschland,Bayern,Dingolfing-Landau,Dingolfing,84130,Dingolfing,Bajuwarenstraße,4,12.456221,48.641052,1288.000,736.000,2025-12-21,,2025-06-30,Lithium-Batterie,Batterie,Speicher,SSE987758582333,1159.000
SEE957047107721,Speicher PV-Anlage 2,ABR967890825000,In Betrieb,Deutschland,Bayern,Weiden i.d. OPf.,Weiden i.d. OPf.,92637,Weiden,Regensburger Straße,95,12.142300,49.651950,143.200,143.200,2025-12-21,,2025-11-21,Lithium-Batterie,Batterie,Speicher,SSE915530931383,184.000
SEE927029223039,Speicher Vencon,ABR993465604565,In Betrieb,Deutschland,Nordrhein-Westfalen,Gütersloh,Gütersloh,33335,Gütersloh,Paderborner Straße,102,8.486129,51.926835,300.000,300.000,2025-12-22,,2025-05-06,Lithium-Batterie,Batterie,Speicher,SSE980362694850,449.550
SEE900436476137,JB-PV,ABR918410241695,In Betrieb,Deutschland,Nordrhein-Westfalen,Steinfurt,Ibbenbüren,49479,Ibbenbüren,Richard-Gerhardi-Str.,1,7.668493,52.279485,150.000,150.000,2025-12-22,,2025-12-22,Lithium-Batterie,Batterie,Speicher,SSE924522501640,240.000
SEE974339345678,PV_PMB_Batterie,ABR907387812335,In Betrieb,Deutschland,Baden-Württemberg,Böblingen,Gärtringen,71116,Gärtringen,Böblinger Straße,5,8.906674,48.637467,100.000,100.000,2025-12-22,,2025-12-15,Blei-Batterie,Batterie,Speicher,SSE905866549802,134.000
SEE997893754069,JLO 261kWh Bess Letzin,ABR903990581149,In Planung,Deutschland,Mecklenburg-Vorpommern,Mecklenburgische Seenplatte,Gnevkow,17089,Gnevkow,Letzin,13,13.201045,53.781115,110.000,110.000,2025-12-22,2026-04-30,,Nickel-Cadmium- / Nickel-Metallhydridbatterie,Batterie,Speicher,SSE990703124755,261.000
SEE933656069124,Voltfang 2 Outdoor,ABR908208108927,In Betrieb,Deutschland,Nordrhein-Westfalen,Steinfurt,Emsdetten,48282,Emsdetten,Hollefeldstr.,14,7.558604,52.155595,183.000,183.000,2025-12-23,,2025-12-23,Lithium-Batterie,Batterie,Speicher,SSE982408922729,180.000
SEE947399244915,Field Waldkappel,ABR942003369305,In Betrieb,Deutschland,Hessen,Werra-Meißner-Kreis,Waldkappel,37284,Waldkappel,,,9.885211,51.148454,16000.000,16000.000,2026-03-03,,2025-11-26,Lithium-Batterie,Batterie,Speicher,SSE995533411822,33400.000
SEE955557041146,BESS 1-1,ABR922287310682,In Planung,Deutschland,Bayern,Tirschenreuth,Waldershof,95679,Waldershof,An der Brücke,21,12.060786,49.987146,821.430,810.000,2025-12-27,2026-02-27,,Lithium-Batterie,Batterie,Speicher,SSE974122287376,1524.000
SEE986627913810,BAT KA1,ABR959193501972,In Betrieb,Deutschland,Thüringen,Saalfeld-Rudolstadt,Kaulsdorf,07338,Kaulsdorf,Kirschallee,1,11.433416,50.612092,125.000,125.000,2025-12-29,,2025-12-10,Lithium-Batterie,Batterie,Speicher,SSE948326382786,254.000
SEE966968790561,PV-N88b,ABR973382240152,In Betrieb,Deutschland,Sachsen,Chemnitz,Chemnitz,09116,Chemnitz,Neefestraße,88b,12.887368,50.819559,125.000,125.000,2025-12-29,,2025-11-21,Lithium-Batterie,Batterie,Speicher,SSE933015213274,261.000
SEE942853307359,Stromspeicher Sporthalle2,ABR915784039989,In Betrieb,Deutschland,Bayern,Oberallgäu,Haldenwang,87490,Haldenwang,Am Schwimmbad,2 a,10.353924,47.792222,100.000,100.000,2025-12-30,,2025-12-30,Lithium-Batterie,Batterie,Speicher,SSE975986918185,215.000
SEE908280447303,LFD 13/50,ABR950894261097,In Betrieb,Deutschland,Nordrhein-Westfalen,Borken,Südlohn,46354,Südlohn,Ramsdorfer Straße,2,6.870189,51.938878,405.000,405.000,2025-12-30,,2025-11-20,Lithium-Batterie,Batterie,Speicher,SSE941280150361,1233.000
SEE984770876327,25121-25122 Blauhoff-Südstrasse2,ABR902241786029,In Betrieb,Deutschland,Nordrhein-Westfalen,Minden-Lübbecke,Porta Westfalica,32457,Porta Westfalica,Südstraße,2,8.883570,52.204933,250.000,250.000,2025-12-30,,2025-12-13,Lithium-Batterie,Batterie,Speicher,SSE996473623337,578.000
SEE918053945950,PowerStationSME_Mitterteich,ABR968637497757,In Betrieb,Deutschland,Bayern,Tirschenreuth,Mitterteich,95666,Mitterteich,Carl-Zeiss-Straße,4,12.229656,49.938704,1000.000,1000.000,2025-12-31,,2025-12-31,Lithium-Batterie,Batterie,Speicher,SSE994241546666,2500.000
SEE976448617332,BESS Bremervörde 1,ABR992511086164,In Planung,Deutschland,Niedersachsen,Rotenburg (Wümme),Bremervörde,27432,Bremervörde,Gnarrenburger Straße,106,9.131162,53.471929,250.000,250.000,2026-01-02,2026-04-01,,Lithium-Batterie,Batterie,Speicher,SSE982189331345,522.000
SEE946806341926,BESS Bremervörde 2,ABR992511086164,In Planung,Deutschland,Niedersachsen,Rotenburg (Wümme),Bremervörde,27432,Bremervörde,Gewerbering,19,9.113429,53.498713,250.000,250.000,2026-01-02,2026-04-01,,Lithium-Batterie,Batterie,Speicher,SSE995018108810,522.000
SEE914157709399,Batteriespeicher Kunrau – UW Kunrau,ABR906803746957,In Planung,Deutschland,Sachsen-Anhalt,Altmarkkreis Salzwedel,Klötze,38486,Klötze,,,11.036000,52.569149,15000.000,15000.000,2026-01-03,2027-01-01,,Lithium-Batterie,Batterie,Speicher,SSE949123193339,30000.000
SEE993303273403,Spindler-Tannenweg14-Battery,ABR925824354064,In Betrieb,Deutschland,Bayern,Coburg,Weitramsdorf,96479,Weitramsdorf,,,,,100.000,5.220,2026-01-04,,2025-06-05,Blei-Batterie,Batterie,Speicher,SSE902893804188,5.120
SEE951791534451,PV Cornexo Offenbach,ABR990381731597,In Betrieb,Deutschland,Rheinland-Pfalz,Südliche Weinstraße,Offenbach an der Queich,76877,Offenbach,Im Niedersand,46,8.204705,49.192140,110.000,110.000,2026-01-05,,2026-01-05,Lithium-Batterie,Batterie,Speicher,SSE991624742738,216.000
SEE953394975563,Seestraße 40,ABR947999592676,In Betrieb,Deutschland,Baden-Württemberg,Heilbronn,Abstatt,74232,Abstatt,,,,,112.000,29.900,2026-01-05,,2025-09-22,Lithium-Batterie,Batterie,Speicher,SSE947474792003,42.000
SEE976352702957,trlyr 9,ABR906942683205,In Betrieb,Deutschland,Niedersachsen,Heidekreis,Munster,29614,Soltau,Harburger Strasse,120,9.842535,53.004899,17250.000,17250.000,2026-03-31,,2026-03-12,Lithium-Batterie,Batterie,Speicher,SSE915691830556,38225.000
SEE915332454158,Stitzenberger Nadlerstraße 26,ABR909444703242,In Betrieb,Deutschland,Baden-Württemberg,Ravensburg,Leutkirch im Allgäu,88299,Leutkirch,Nadlerstraße,26,10.026251,47.819385,110.000,110.000,2026-01-05,,2026-01-05,Lithium-Batterie,Batterie,Speicher,SSE944550263723,144.000
SEE900382163389,Batteriespeicher 240 kWh,ABR976252276152,In Betrieb,Deutschland,Nordrhein-Westfalen,Euskirchen,Hellenthal,53940,Hellenthal,Dommersbach,52,6.473162,50.492701,100.000,100.000,2026-01-06,,2025-12-11,Lithium-Batterie,Batterie,Speicher,SSE960379991043,240.000
SEE991275737992,C_Voltfang 2 Outdoor,ABR973679805934,In Betrieb,Deutschland,Niedersachsen,Cloppenburg,Cappeln (Oldenburg),49692,Cappeln,Heinrich-Beckermann-Straße,8,8.125453,52.802755,183.000,183.000,2026-01-06,,2025-12-30,Lithium-Batterie,Batterie,Speicher,SSE980253452804,180.000
SEE909260537298,BMO_Voltfang 2 Outdoor,ABR931026327317,In Betrieb,Deutschland,Niedersachsen,Oldenburg (Oldb),Oldenburg (Oldb),26125,Oldenburg,Wilhelmshavener Heerstraße,100,8.231998,53.178140,183.000,183.000,2026-01-06,,2025-12-30,Lithium-Batterie,Batterie,Speicher,SSE942950202977,180.000
SEE998994765190,Manuel-Carl-Benz-Str.10,ABR914589120175,In Betrieb,Deutschland,Nordrhein-Westfalen,Borken,Reken,48734,Reken,,,,,130.000,1.000,2026-01-06,,2024-01-10,Lithium-Batterie,Batterie,Speicher,SSE968659710056,140.000
SEE996279626716,Stromspeicher,ABR933106156497,In Planung,Deutschland,Rheinland-Pfalz,Ahrweiler,Grafschaft,53501,Grafschaft,Ahrtalstraße,,7.101778,50.571993,8740.000,8740.000,2026-01-07,2026-10-01,,Lithium-Batterie,Batterie,Speicher,SSE965184964480,20060.000
SEE987233838580,Batteriespeicher- Hyperstrong ~ 250 kWh,ABR900802313370,In Planung,Deutschland,Niedersachsen,Region Hannover,Springe,31832,Springe,Biermannskamp,5,9.559018,52.219203,105.000,105.000,2026-01-08,2026-06-01,,Lithium-Batterie,Batterie,Speicher,SSE953494674670,233.000
SEE939110753912,Batteriespeicher Fenecon XL 2026,ABR963353704004,In Betrieb,Deutschland,Baden-Württemberg,Breisgau-Hochschwarzwald,Breitnau,79874,Breitnau,Mühlenweg,4,8.103308,47.935524,1500.000,1500.000,2026-01-08,,2025-12-02,Lithium-Batterie,Batterie,Speicher,SSE987160193264,3600.000
SEE990651687630,Speicher Produktion Ahaus,ABR958460137517,In Betrieb,Deutschland,Nordrhein-Westfalen,Borken,Ahaus,48683,Ahaus,Fleehook,14,7.032181,52.090345,430.000,100.000,2026-01-08,,2026-01-02,Lithium-Batterie,Batterie,Speicher,SSE919151723839,430.000
SEE917439634563,Stromspeicher,ABR954454880490,In Betrieb,Deutschland,Nordrhein-Westfalen,Steinfurt,Rheine,48432,Rheine,Harkortstr.,1,7.454327,52.322028,750.000,750.000,2026-01-09,,2025-12-17,Lithium-Batterie,Batterie,Speicher,SSE901269330405,1584.000
SEE982841894621,Trading-BESS Steingaden,ABR917414306324,In Betrieb,Deutschland,Bayern,Weilheim-Schongau,Steingaden,86989,Steingaden,,,10.832362,47.738362,6000.000,6000.000,2026-05-22,,2026-05-21,Lithium-Batterie,Batterie,Speicher,SSE989121287357,12192.000
SEE911749533608,BESS VWK Hannover,ABR957659462591,In Betrieb,Deutschland,Niedersachsen,Region Hannover,Hannover,30419,Hannover,,,9.669167,52.419806,3440.000,3130.000,2026-05-19,,2026-05-08,Lithium-Batterie,Batterie,Speicher,SSE962489767259,6880.000
SEE950648312006,CFM Vennstein Speicher,ABR999571488822,In Betrieb,Deutschland,Nordrhein-Westfalen,Städteregion Aachen,Roetgen,52159,Roetgen,Am Vennstein,1 c,6.183380,50.654385,100.000,100.000,2026-01-09,,2025-07-14,Lithium-Batterie,Batterie,Speicher,SSE988102470375,215.000
SEE927927585772,OPGmbH Batterie,ABR908286810019,In Planung,Deutschland,Niedersachsen,Osnabrück,Osnabrück,49074,Osnabrück,Theodor-Heuss-Platz,10,8.060094,52.271969,126.000,92.000,2026-01-12,2026-04-30,,Lithium-Batterie,Batterie,Speicher,SSE960005816528,126.000
SEE926245506438,SEE_2025_4642_Föhren_BESS,ABR983113762846,In Betrieb,Deutschland,Rheinland-Pfalz,Trier-Saarburg,Föhren,54343,Föhren,,,6.787633,49.853609,20000.000,20000.000,2026-01-12,,2025-12-18,Lithium-Batterie,Batterie,Speicher,SSE997517372877,55165.000
SEE923183004385,Stromspeicher 1800 kW/h,ABR929492242845,In Betrieb,Deutschland,Bayern,Ostallgäu,Görisried,87657,Görisried,Mühlenstraße,15,10.513451,47.709257,600.000,600.000,2026-01-12,,2026-01-08,Lithium-Batterie,Batterie,Speicher,SSE973929172670,1800.000
SEE965283709821,Helleborn,ABR991377692007,In Planung,Deutschland,Nordrhein-Westfalen,Paderborn,Bad Wünnenberg,33181,Bad Wünnenberg,Auf dem Rügge,1,8.673811,51.516350,200.000,200.000,2026-01-12,2026-08-31,,Lithium-Batterie,Batterie,Speicher,SSE982972158562,400.000
SEE969528668171,Solax Speicher 215KWh 100KW IBN:15.12.2025,ABR981996331531,In Betrieb,Deutschland,Bayern,Weißenburg-Gunzenhausen,Treuchtlingen,91757,Treuchtlingen,Haag,4,10.887676,48.932409,100.000,100.000,2026-01-13,,2025-12-15,Lithium-Batterie,Batterie,Speicher,SSE906373993454,215.000
SEE928960724876,H2O-Power-Pack,ABR993028900950,In Betrieb,Deutschland,Baden-Württemberg,Lörrach,Steinen,79585,Steinen,Wiesenstraße,32,7.730252,47.638817,118.000,118.000,2026-01-13,,2025-11-24,Lithium-Batterie,Batterie,Speicher,SSE985093584524,240.000
SEE962982764038,BÖHÖ_K32_Speicher,ABR948343575833,In Planung,Deutschland,Baden-Württemberg,Heilbronn,Heilbronn,74078,Heilbronn,Alexander-Baumann-Straße,39,9.171313,49.180139,276.000,276.000,2026-04-22,2026-05-08,,Lithium-Batterie,Batterie,Speicher,SSE953028241330,355.200
SEE906519867236,Energiewürfel 1,ABR966639109890,In Planung,Deutschland,Niedersachsen,Cloppenburg,Cloppenburg,49661,Cloppenburg,Siemensstraße,5,8.065015,52.843662,368.000,368.000,2026-01-14,2026-08-12,,Lithium-Batterie,Batterie,Speicher,SSE937124831978,900.000
SEE968514715073,Berlin - POCO Wedding,ABR982873533390,In Betrieb,Deutschland,Berlin,Berlin,Berlin,13359,Berlin,Drontheimer Straße,30 A,13.376571,52.558914,436.000,436.000,2026-01-27,,2025-12-19,Lithium-Batterie,Batterie,Speicher,SSE915173980915,436.000
SEE938915243529,WAZ - Betriebshof Bützow,ABR964470029469,In Betrieb,Deutschland,Mecklenburg-Vorpommern,Rostock,Bützow,18246,Bützow,Am Heidekamp,9,11.999203,53.824089,105.000,100.000,2026-03-02,,2026-02-18,Lithium-Batterie,Batterie,Speicher,SSE915103852749,144.000
SEE941323673628,Batteriespeicher mit Generator RKW,ABR914243377624,In Betrieb,Deutschland,Sachsen,Zwickau,Zwickau,08056,Zwickau,Reichenbacher Straße,89,12.471555,50.708760,220.000,220.000,2026-01-14,,2025-06-25,Lithium-Batterie,Batterie,Speicher,SSE962753239659,350.000
SEE994839655664,Sp. Hilz. Tal,ABR968914506073,In Betrieb,Deutschland,Baden-Württemberg,Tuttlingen,Talheim,78607,Talheim,Finkenweg,1,8.662640,48.008017,100.000,100.000,2026-01-15,,2025-12-22,Lithium-Batterie,Batterie,Speicher,SSE976917530650,180.000
SEE990707106870,PV-Anlage,ABR934852164538,In Betrieb,Deutschland,Nordrhein-Westfalen,Rhein-Kreis Neuss,Grevenbroich,41516,Grevenbroich,,,,,129.000,30.000,2026-01-15,,2026-01-15,Lithium-Batterie,Batterie,Speicher,SSE992240891640,129.000
SEE911114626904,PV-Anlage Tolli Park,ABR995493075416,In Betrieb,Deutschland,Rheinland-Pfalz,Mayen-Koblenz,Mayen,56727,Mayen,Nikolaus-Otto-Straße,11,7.264933,50.334315,100.000,100.000,2026-01-15,,2026-01-15,Lithium-Batterie,Batterie,Speicher,SSE948716501490,108.000
SEE949105114598,"PV 2025-478,35kWp",ABR907132401135,In Betrieb,Deutschland,Bayern,Cham,Cham,93413,Cham,Gewerbepark Chammünster Nord,16,12.682425,49.210332,644.000,644.000,2026-01-16,,2026-01-02,Lithium-Batterie,Batterie,Speicher,SSE913319712444,2184.000
SEE989462539771,BESS Groß Laasch,ABR901162720907,In Betrieb,Deutschland,Mecklenburg-Vorpommern,Ludwigslust-Parchim,Groß Laasch,19288,Groß Laasch,,,11.501923,53.349951,13416.000,13416.000,2026-04-28,,2026-04-27,Lithium-Batterie,Batterie,Speicher,SSE955055871337,26832.000
SEE939107641321,Speicher 2026,ABR975102478050,In Betrieb,Deutschland,Bayern,Tirschenreuth,Mitterteich,95666,Mitterteich,,,12.220890,49.935570,276.000,276.000,2026-02-25,,2026-02-24,Lithium-Batterie,Batterie,Speicher,SSE928199239202,553.000
SEE927367216656,Stromspeicher-04.2026,ABR910593554975,In Betrieb,Deutschland,Hessen,Main-Kinzig-Kreis,Linsengericht,63589,Linsengericht,Am Sandacker,3,9.202081,50.193382,108.000,108.000,2026-01-19,,2026-01-15,Lithium-Batterie,Batterie,Speicher,SSE948234469593,215.000
SEE921567836218,Speicher 2026,ABR914141793564,In Betrieb,Deutschland,Niedersachsen,Diepholz,Borstel,27246,Borstel,Campen,1,8.950866,52.667857,356.400,356.400,2026-01-19,,2026-01-19,Lithium-Batterie,Batterie,Speicher,SSE971873259881,645.000
SEE919423236128,500 kWh Speicher,ABR951811356247,In Betrieb,Deutschland,Sachsen-Anhalt,Dessau-Roßlau,Dessau-Roßlau,06842,Dessau-Roßlau,Am Eichengarten,12,12.297543,51.816370,500.000,500.000,2026-01-19,,2016-03-01,Lithium-Batterie,Batterie,Speicher,SSE931616031662,500.000
SEE971082603956,Speicher für Ladesäule,ABR966753171711,In Betrieb,Deutschland,Bayern,Würzburg,Rottendorf,97228,Rottendorf,Gut Wöllried,5,10.004505,49.791285,100.000,50.000,2026-01-19,,2025-12-15,Lithium-Batterie,Batterie,Speicher,SSE934214896947,160.000
SEE902672618920,PV-Speicher,ABR964977862293,In Betrieb,Deutschland,Nordrhein-Westfalen,Rhein-Kreis Neuss,Rommerskirchen,41569,Rommerskirchen,Eggershovergasse,45,6.690234,51.032920,200.000,200.000,2026-01-19,,2025-12-29,Lithium-Batterie,Batterie,Speicher,SSE949076552382,430.000
SEE941392141127,PV-Anlage Govinda,ABR960952154841,In Betrieb,Deutschland,Rheinland-Pfalz,Neustadt an der Weinstraße,Neustadt an der Weinstraße,67433,Neustadt,Joseph-Monier-Straße,12,8.165819,49.346453,100.000,100.000,2026-01-20,,2026-01-19,Lithium-Batterie,Batterie,Speicher,SSE928311546478,48.000
SEE938972800130,ECO POWER FIVE GmbH,ABR917598812901,In Planung,Deutschland,Bayern,München,München,81247,München,,,11.441865,48.169966,103500.000,103500.000,2026-01-21,2028-05-31,,Lithium-Batterie,Batterie,Speicher,SSE950534658607,238000.000
SEE965131234796,Batteriespeicher Westfalen 3,ABR907042335667,In Planung,Deutschland,Nordrhein-Westfalen,Hamm,Hamm,59071,Hamm,Siegenbeckstraße,10,7.970723,51.682563,538000.000,538000.000,2026-01-21,2028-02-01,,Lithium-Batterie,Batterie,Speicher,SSE936426263012,1145.580
SEE903330304469,"Stromspeicher 1 (LUNA2000-215-2S10, PCS 100 kW)",ABR973497274752,In Betrieb,Deutschland,Thüringen,Sonneberg,Sonneberg,96515,Sonneberg,Werkringstraße,11,11.209638,50.348469,100.000,100.000,2026-06-18,,2026-06-10,Lithium-Batterie,Batterie,Speicher,SSE956854416514,215.000
SEE998409486894,LFD 13/51,ABR950894261097,In Betrieb,Deutschland,Nordrhein-Westfalen,Borken,Südlohn,46354,Südlohn,Ramsdorfer Straße,2,6.870189,51.938878,405.000,405.000,2026-01-21,,2026-01-21,Lithium-Batterie,Batterie,Speicher,SSE963473432344,1620.000
SEE969731724404,KTS-Speicher,ABR906202861404,In Betrieb,Deutschland,Mecklenburg-Vorpommern,Ludwigslust-Parchim,Pampow,19075,Pampow,Ahornstr.,14,11.369507,53.568338,200.000,50.000,2026-01-21,,2025-12-01,Lithium-Batterie,Batterie,Speicher,SSE999468782170,200.000
SEE963514247548,BESS Strübbel,ABR914358874711,In Betrieb,Deutschland,Schleswig-Holstein,Dithmarschen,Schülp,25764,Schülp,Schülperneuensiel,,8.940704,54.258067,56000.000,56000.000,2026-08-07,,2026-01-28,Lithium-Batterie,Batterie,Speicher,SSE937570438196,112000.000
SEE907166265062,NS_03_250_522_Regnitz,ABR994862223465,In Betrieb,Deutschland,Baden-Württemberg,Ravensburg,Achberg,88147,Achberg,Regnitz,8,9.735874,47.634630,250.000,250.000,2026-04-29,,2026-04-02,Lithium-Batterie,Batterie,Speicher,SSE917970404533,500.000
SEE950602379045,Batteriespeicher Möck Biogas,ABR957203936615,In Betrieb,Deutschland,Bayern,Ansbach,Oberdachstetten,91617,Oberdachstetten,,,10.442352,49.400764,396.000,396.000,2026-01-22,,2025-12-01,Lithium-Batterie,Batterie,Speicher,SSE989992235075,900.000
SEE933533230470,NS_04_250_522_Oberlangensee,ABR994862223465,In Betrieb,Deutschland,Baden-Württemberg,Bodenseekreis,Neukirch,88099,Neukirch,Oberlangensee,2,9.707741,47.644400,250.000,250.000,2026-06-17,,2026-05-13,Lithium-Batterie,Batterie,Speicher,SSE910160706219,500.000
SEE909380339642,NS_05_250_522_Bernried,ABR994862223465,In Betrieb,Deutschland,Baden-Württemberg,Bodenseekreis,Neukirch,88099,Neukirch,,,9.682849,47.658042,250.000,250.000,2026-06-17,,2026-05-07,Lithium-Batterie,Batterie,Speicher,SSE935435726112,500.000
SEE978229632961,NS_06_250_522_Oberhofen,ABR994862223465,In Betrieb,Deutschland,Baden-Württemberg,Ravensburg,Ravensburg,88214,Ravensburg,Waidenhofener Straße,9,9.605703,47.737763,250.000,250.000,2026-06-17,,2026-06-05,Lithium-Batterie,Batterie,Speicher,SSE984556897829,500.000
SEE949227797051,Bernhard Thiery ＆ Sohn PV,ABR951318914872,In Betrieb,Deutschland,Saarland,Saarlouis,Nalbach,66809,Nalbach,Piesbacher Straße,40,6.793179,49.383103,100.000,100.000,2026-01-22,,2026-01-20,Lithium-Batterie,Batterie,Speicher,SSE964247827434,194.000
SEE981377002234,Batterie PV Dachanlage (Erweiterung),ABR965431172934,In Betrieb,Deutschland,Nordrhein-Westfalen,Minden-Lübbecke,Petershagen,32469,Petershagen,Westerfeld,3,8.891400,52.377252,108.000,108.000,2026-01-22,,2025-09-09,Lithium-Batterie,Batterie,Speicher,SSE960353446484,213.000
SEE992119869510,Speicher,ABR900854927556,In Betrieb,Deutschland,Brandenburg,Teltow-Fläming,Luckenwalde,14943,Luckenwalde,Industriestraße,1 e,13.151756,52.078735,540.000,540.000,2026-01-23,,2026-01-23,Lithium-Batterie,Batterie,Speicher,SSE996927151607,1075.000
SEE915083504829,Speicher 2026,ABR969012276455,In Betrieb,Deutschland,Bayern,Ansbach,Leutershausen,91578,Leutershausen,Eckartsweiler,10,10.345612,49.263066,108.000,108.000,2026-01-23,,2026-01-22,Lithium-Batterie,Batterie,Speicher,SSE904949696594,215.000
SEE951513869533,Batteriespeicher 1,ABR908110441983,In Planung,Deutschland,Nordrhein-Westfalen,Paderborn,Lichtenau,33165,Lichtenau,Ringstraße,11,8.930687,51.651910,999.000,999.000,2026-01-23,2026-09-01,,Lithium-Batterie,Batterie,Speicher,SSE903685810691,3421.000
SEE942088999749,Batteriespeicher 2,ABR908110441983,In Planung,Deutschland,Nordrhein-Westfalen,Paderborn,Lichtenau,33165,Lichtenau,Ringstraße,11,8.931938,51.651879,1995.000,1995.000,2026-01-23,2026-09-01,,Lithium-Batterie,Batterie,Speicher,SSE998696681767,5014.000
SEE920111327103,Schwarzstartbatterie,ABR995015782372,In Betrieb,Deutschland,Brandenburg,Oberspreewald-Lausitz,Schwarzheide,01987,Schwarzheide,Schipkauer Straße,1,13.889436,51.478138,2400.000,2400.000,2026-01-27,,2022-05-01,Lithium-Batterie,Batterie,Speicher,SSE986239999578,3350.000
SEE949117296008,Speicher Ost_Messe Friedrichshafen,ABR945024667252,In Betrieb,Deutschland,Baden-Württemberg,Bodenseekreis,Friedrichshafen,88046,Friedrichshafen,Neue Messe,1,9.506237,47.678312,450.000,450.000,2026-03-20,,2026-03-19,Lithium-Batterie,Batterie,Speicher,SSE930912466833,941.000
SEE988084314773,Speicher_2026,ABR962147651418,In Betrieb,Deutschland,Hessen,Wetteraukreis,Büdingen,63546,Hammersbach,Am Klosterkopf,1,9.005358,50.247172,100.000,100.000,2026-01-26,,2026-01-19,Lithium-Batterie,Batterie,Speicher,SSE983842511517,193.560
SEE953092776097,BS_WASWFW_1,ABR983753959101,In Betrieb,Deutschland,Rheinland-Pfalz,Pirmasens,Pirmasens,66954,Pirmasens,Im Neuen Feld,14,7.568209,49.179997,520.000,520.000,2026-01-26,,2026-01-14,Lithium-Batterie,Batterie,Speicher,SSE935751490261,650.000
SEE964350235539,BESS Freifläche Reflex,ABR935681611613,In Betrieb,Deutschland,Nordrhein-Westfalen,Warendorf,Ahlen,59227,Ahlen,,,7.939062,51.780006,1656.000,1656.000,2026-01-26,,2026-01-15,Lithium-Batterie,Batterie,Speicher,SSE942965813595,1800.000
SEE989188747610,Batterie M Hotel,ABR956675962856,In Betrieb,Deutschland,Bayern,Ansbach,Dinkelsbühl,91550,Dinkelsbühl,Neue Allee,4,10.308292,49.068482,160.000,135.000,2026-01-27,,2026-01-21,Lithium-Batterie,Batterie,Speicher,SSE935222529803,740.000
SEE928089226831,ABR973915498821,ABR973915498821,In Betrieb,Deutschland,Bayern,Donau-Ries,Rain,86641,Rain,Ulrichstraße,10,10.966229,48.669294,200.000,200.000,2026-06-23,,2026-02-26,Lithium-Batterie,Batterie,Speicher,SSE937719705868,360.000
SEE995373892393,Aemilienhausen  Speicher,ABR997721947038,In Betrieb,Deutschland,Thüringen,Unstrut-Hainich-Kreis,Mühlhausen/Thüringen,99974,Mühlhausen,Aemilienhäuser Straße,32 b,10.486725,51.199323,110.000,110.000,2026-01-27,,2026-01-26,Lithium-Batterie,Batterie,Speicher,SSE926687645405,216.000
SEE901199916830,BESS Rockensußra,ABR971239871825,In Planung,Deutschland,Thüringen,Kyffhäuserkreis,Ebeleben,99713,Ebeleben,,,10.693670,51.298325,50000.000,50000.000,2026-01-27,2026-12-01,,Lithium-Batterie,Batterie,Speicher,SSE916973027121,200000.000
SEE996804867492,PVA Schömberg BESS,ABR922181483369,In Planung,Deutschland,Baden-Württemberg,Zollernalbkreis,Schömberg,72355,Schömberg,,,8.742410,48.204980,6000.000,6000.000,2026-01-27,2026-07-31,,Lithium-Batterie,Batterie,Speicher,SSE934098747922,18000.000
SEE970344705858,Batteriespeicher Bad Dürrheim,ABR999691410536,In Betrieb,Deutschland,Baden-Württemberg,Schwarzwald-Baar-Kreis,Bad Dürrheim,78073,Bad Dürrheim,Schwenninger Straße,20,8.532165,48.032220,704.000,704.000,2026-03-23,,2026-03-18,Lithium-Batterie,Batterie,Speicher,SSE937778193453,590.000
SEE917182041502,Speicher Schreinerei,ABR970667309535,In Betrieb,Deutschland,Bayern,Forchheim,Ebermannstadt,91320,Ebermannstadt,Friedhofstraße,30,11.188244,49.785037,100.000,100.000,2026-01-27,,2026-01-15,Lithium-Batterie,Batterie,Speicher,SSE972046566270,215.000
SEE993666165865,Speicher Impulsa Elsterwerda 10 MWh,ABR986421844358,In Betrieb,Deutschland,Brandenburg,Elbe-Elster,Elsterwerda,04910,Elsterwerda,An den Kanitzen,30,13.550710,51.464044,4390.000,4390.000,2026-07-24,,2026-07-07,Lithium-Batterie,Batterie,Speicher,SSE997351146504,10020.000
SEE921014163461,BESS Sinzing,ABR998553881057,In Betrieb,Deutschland,Bayern,Regensburg,Sinzing,93161,Sinzing,,,12.037157,48.983027,3400.000,3400.000,2026-01-28,,2026-01-27,Lithium-Batterie,Batterie,Speicher,SSE995078928922,8944.000
SEE908244718845,Speicher Backcharge Heavy,ABR962306963901,In Betrieb,Deutschland,Niedersachsen,Emsland,Rhede (Ems),26899,Rhede,,,7.241821,53.067424,736.000,736.000,2026-02-03,,2026-02-03,Sonstige Batterie,Batterie,Speicher,SSE992353619704,1288.000
SEE906147501366,Kreuzberg Luna Speicher,ABR932858809149,In Betrieb,Deutschland,Hessen,Fulda,Tann (Rhön),36142,Tann,Hauptstraße,6,10.016213,50.628119,108.000,108.000,2026-01-28,,2026-01-28,Lithium-Batterie,Batterie,Speicher,SSE981247103788,215.000
SEE994403544776,Speicher neue Bushalle,ABR941285615698,In Betrieb,Deutschland,Niedersachsen,Diepholz,Drebber,49457,Drebber,Flessenmoor,1,8.410717,52.637307,138.400,138.400,2026-01-28,,2023-05-26,Lithium-Batterie,Batterie,Speicher,SSE962961650529,133.500
SEE921363637033,Oslebshausen - Speicher,ABR927397646904,In Planung,Deutschland,Bremen,Bremen,Bremen,28237,Bremen,,,8.743000,53.143770,2508.000,2508.000,2026-01-28,2026-08-31,,Lithium-Batterie,Batterie,Speicher,SSE962873817454,4012.000
SEE999093210277,SEDE607510032-X,ABR942217905054,In Planung,Deutschland,Sachsen,Chemnitz,Chemnitz,09247,Chemnitz,Röhrsdorfer Allee,39,12.849044,50.867314,100.000,100.000,2026-01-29,2026-02-04,,Lithium-Batterie,Batterie,Speicher,SSE985513754162,200.000
SEE999327225800,Speicher 2026,ABR929369973704,In Betrieb,Deutschland,Nordrhein-Westfalen,Paderborn,Delbrück,33129,Delbrück,Rauschfeld,1,8.559596,51.711278,110.000,110.000,2026-01-29,,2026-01-29,Lithium-Batterie,Batterie,Speicher,SSE974387850926,253.260
SEE954866902865,EnGeSaar Firmengebäude_2026,ABR936866241519,In Betrieb,Deutschland,Saarland,Regionalverband Saarbrücken,Saarbrücken,66115,Saarbrücken,Angela-Braun-Straße,21,6.965540,49.237211,110.000,110.000,2026-01-29,,2026-01-28,Lithium-Batterie,Batterie,Speicher,SSE931768732028,225.000
SEE927922085253,BESS-Einbeck,ABR986860240483,In Betrieb,Deutschland,Niedersachsen,Northeim,Einbeck,37574,Einbeck,Schwammelwitzer Straße,,9.844530,51.810279,24500.000,24500.000,2026-01-30,,2026-01-08,Lithium-Batterie,Batterie,Speicher,SSE919368943365,64000.000
SEE943498695696,Speicher,ABR945715370959,In Betrieb,Deutschland,Bayern,Berchtesgadener Land,Saaldorf-Surheim,83416,Saaldorf-Surheim,Haasmühl,1,12.944560,47.862075,110.000,110.000,2026-01-30,,2026-01-15,Lithium-Batterie,Batterie,Speicher,SSE962952923359,225.000
SEE900702056025,Batteriespeicher 1,ABR913630229492,In Betrieb,Deutschland,Bayern,Landshut,Weihmichl,84107,Weihmichl,Dorfmühlstraße,5,12.045371,48.599473,450.000,450.000,2026-02-17,,2026-01-30,Sonstige Batterie,Batterie,Speicher,SSE983288343611,885.000
SEE926969531082,Ristok Speicher,ABR905709666291,In Betrieb,Deutschland,Sachsen-Anhalt,Wittenberg,Gräfenhainichen,06773,Gräfenhainichen,Berliner Straße,32,12.474969,51.737255,500.000,500.000,2026-01-31,,2025-12-31,Lithium-Batterie,Batterie,Speicher,SSE948284821341,1032.000
SEE941385597870,Stromspeicher,ABR984687926474,In Betrieb,Deutschland,Bayern,Fürstenfeldbruck,Mammendorf,82291,Mammendorf,Zum Drisselfeld,6,11.170786,48.204583,1500.000,1500.000,2026-06-08,,2026-06-01,Lithium-Batterie,Batterie,Speicher,SSE928975937759,4072.000
SEE909634889633,sunsationBattery1000,ABR944559281117,In Betrieb,Deutschland,Bayern,Regen,Zachenberg,94239,Zachenberg,Pointmannsgrub,3,13.019141,48.997409,300.000,300.000,2026-05-04,,2026-04-01,Lithium-Batterie,Batterie,Speicher,SSE905255567738,1044.000
SEE967278907212,Triakku 15MwH,ABR914471939878,In Planung,Deutschland,Nordrhein-Westfalen,Kleve,Kevelaer,47623,Kevelaer,Ossenpaß,10,6.263272,51.584392,3000.000,3000.000,2026-02-01,2026-03-20,,Lithium-Batterie,Batterie,Speicher,SSE942547085563,15000.000
SEE946820231913,OLHO tronic GmbH,ABR929400042697,In Betrieb,Deutschland,Nordrhein-Westfalen,Herford,Löhne,32584,Löhne,Scheidkamp,13,8.734169,52.195116,160.000,160.000,2026-03-15,,2026-02-01,Lithium-Batterie,Batterie,Speicher,SSE973995078449,160.000
SEE909799942396,Wiederkehr 1,ABR982580483568,In Betrieb,Deutschland,Bayern,Ostallgäu,Stötten a. Auerberg,87675,Stötten,Remnatsried,7,10.736166,47.755455,122.800,50.000,2026-02-02,,2026-01-23,Lithium-Batterie,Batterie,Speicher,SSE956296178124,100.000
SEE957036722058,Wiederkehr 2,ABR942548415567,In Betrieb,Deutschland,Bayern,Ostallgäu,Stötten a. Auerberg,87675,Stötten,,,,,122.800,25.000,2026-02-02,,2026-01-23,Lithium-Batterie,Batterie,Speicher,SSE901660330967,100.000
SEE901685119578,Speicher _ Direktmarketing,ABR931685277169,In Betrieb,Deutschland,Brandenburg,Potsdam-Mittelmark,Kleinmachnow,14532,Kleinmachnow,Fahrenheitstraße,9,13.192782,52.402238,100.000,100.000,2026-02-26,,2026-02-12,Lithium-Batterie,Batterie,Speicher,SSE935411307229,215.000
SEE905513563830,BESS Remscheid Luckhausen,ABR949753239568,In Planung,Deutschland,Nordrhein-Westfalen,Remscheid,Remscheid,42899,Remscheid,,,7.252197,51.221088,5150.000,5150.000,2026-02-02,2026-08-31,,Lithium-Batterie,Batterie,Speicher,SSE980855189184,11608.000
SEE917538776577,Batteriespeicher_ANTergy B33 Mönchweiler_215kWh_2025,ABR939588708957,In Betrieb,Deutschland,Baden-Württemberg,Schwarzwald-Baar-Kreis,Mönchweiler,78087,Mönchweiler,Bundesstraße,5,8.415525,48.105014,100.000,100.000,2026-02-02,,2025-10-01,Lithium-Batterie,Batterie,Speicher,SSE981997471373,215.000
SEE939118109261,BESS Mallersdorf-Pfaffenberg,ABR987788900459,In Planung,Deutschland,Bayern,Straubing-Bogen,Mallersdorf-Pfaffenberg,84066,Mallersdorf-Pfaffenberg,,,12.190205,48.768705,7200.000,7200.000,2026-02-03,2026-09-01,,Lithium-Batterie,Batterie,Speicher,SSE903117201158,28800.000
SEE908522959397,PV AC Batteriespeicher Arlinger Tunnel Pforzheim,ABR947690348794,In Betrieb,Deutschland,Baden-Württemberg,Pforzheim,Pforzheim,75179,Pforzheim,,,8.645261,48.894211,292.000,286.160,2026-02-04,,2025-07-01,Lithium-Batterie,Batterie,Speicher,SSE998567318501,262.400
SEE951053686188,Addinol  - Speicher 1,ABR905105043139,In Betrieb,Deutschland,Sachsen-Anhalt,Saalekreis,Leuna,06237,Leuna,Am Haupttor,4609,12.011500,51.322761,184.000,184.000,2026-02-04,,2025-07-16,Sonstige Batterie,Batterie,Speicher,SSE948140332073,164.000
SEE959701195594,PVA Kreipe Hofladen,ABR903140910416,In Betrieb,Deutschland,Sachsen-Anhalt,Saalekreis,Schkopau,06258,Schkopau,Thomas-Müntzer-Straße,60,12.107228,51.394763,100.000,100.000,2026-02-04,,2025-11-01,Lithium-Batterie,Batterie,Speicher,SSE908911099505,217.900
SEE959378039719,PV-BESS-Ri-5-25,ABR920238778451,In Betrieb,Deutschland,Baden-Württemberg,Rems-Murr-Kreis,Fellbach,70736,Fellbach,Ringstraße,5,9.272532,48.820305,108.000,100.000,2026-02-04,,2025-11-11,Lithium-Batterie,Batterie,Speicher,SSE996414292172,215.000
SEE973784907288,WA-SP-1,ABR975351443892,In Betrieb,Deutschland,Nordrhein-Westfalen,Bielefeld,Bielefeld,33647,Bielefeld,Südring,92,8.513961,51.972365,108.000,108.000,2026-05-15,,2026-04-27,Lithium-Batterie,Batterie,Speicher,SSE908830579805,215.000
SEE980461358011,BESS Leuna 1,ABR963082122353,In Betrieb,Deutschland,Sachsen-Anhalt,Saalekreis,Merseburg,06217,Merseburg,,,11.968264,51.305677,50940.000,46332.000,2026-04-01,,2026-03-30,Lithium-Batterie,Batterie,Speicher,SSE986362948764,101592.000
SEE927582792126,BESS Leuna 2,ABR961353941788,In Betrieb,Deutschland,Sachsen-Anhalt,Saalekreis,Merseburg,06217,Merseburg,,,11.968152,51.305917,50940.000,46332.000,2026-04-01,,2026-03-18,Lithium-Batterie,Batterie,Speicher,SSE939818013431,101592.000
SEE975681378666,Iserlohn 1,ABR992511086164,In Planung,Deutschland,Nordrhein-Westfalen,Märkischer Kreis,Iserlohn,58640,Iserlohn,Eichelberger Straße,55,7.674242,51.452424,1000.000,1000.000,2026-02-06,2026-04-01,,Lithium-Batterie,Batterie,Speicher,SSE955195743112,1566.000
SEE995456283742,Kleinwallstadt 1,ABR992511086164,In Planung,Deutschland,Bayern,Miltenberg,Kleinwallstadt,63839,Kleinwallstadt,Am Viehtrieb,1,9.185298,49.862917,2250.000,2250.000,2026-02-06,2026-10-01,,Lithium-Batterie,Batterie,Speicher,SSE972496456053,4698.000
SEE916187786777,BESS Bergtheim,ABR998730980924,In Planung,Deutschland,Bayern,Würzburg,Bergtheim,97241,Bergtheim,,,10.076906,49.910457,15000.000,15000.000,2026-02-08,2027-03-01,,Lithium-Batterie,Batterie,Speicher,SSE945694447970,30000.000
SEE926739409559,Velbert - Fressnapf,ABR982873533390,In Betrieb,Deutschland,Nordrhein-Westfalen,Mettmann,Velbert,42551,Velbert,Friedrichstraße,303,7.054492,51.331562,436.000,436.000,2026-02-09,,2026-02-06,Lithium-Batterie,Batterie,Speicher,SSE978501123552,436.000
SEE967119984266,Wittmann Batteriespeicher,ABR980434840314,In Betrieb,Deutschland,Bayern,Neumarkt i.d. OPf.,Neumarkt i.d. OPf.,92318,Neumarkt,Alois-Senefelder-Straße,15,11.441292,49.258970,108.000,108.000,2026-02-10,,2025-12-18,Lithium-Batterie,Batterie,Speicher,SSE980720946218,215.000
SEE983795656280,Speicher Januar 2026,ABR904074845232,In Betrieb,Deutschland,Niedersachsen,Diepholz,Wetschen,49453,Wetschen,Wetscher Bruchstraße,67,8.430473,52.570732,100.000,100.000,2026-02-10,,2026-01-29,Lithium-Batterie,Batterie,Speicher,SSE965094629578,215.000
SEE900048895463,25128-251227-Moenichhusen-54,ABR902241786029,In Betrieb,Deutschland,Nordrhein-Westfalen,Minden-Lübbecke,Bad Oeynhausen,32549,Bad Oeynhausen,Mönichhusen,54,8.812663,52.232801,250.000,250.000,2026-02-10,,2026-01-21,Lithium-Batterie,Batterie,Speicher,SSE908679198755,578.000
SEE962269184610,Bielefeld - IMO Carwash,ABR982873533390,In Betrieb,Deutschland,Nordrhein-Westfalen,Bielefeld,Bielefeld,33605,Bielefeld,Detmolder Straße,331,8.572740,52.001481,654.000,654.000,2026-02-10,,2026-02-05,Lithium-Batterie,Batterie,Speicher,SSE952931178689,654.000
SEE958149549853,Batteriespeicher 160 kWh,ABR937139878074,In Betrieb,Deutschland,Nordrhein-Westfalen,Coesfeld,Ascheberg,59387,Ascheberg,Haselburger Damm,1,7.615890,51.798391,160.000,50.000,2026-02-11,,2024-06-19,Lithium-Batterie,Batterie,Speicher,SSE954638556920,160.000
SEE961712143617,Solar Carport,ABR997247005236,In Betrieb,Deutschland,Bayern,Unterallgäu,Bad Wörishofen,86825,Bad Wörishofen,Thermenallee,1,10.590894,48.020823,1472.000,1472.000,2026-02-12,,2025-11-20,Lithium-Batterie,Batterie,Speicher,SSE932302674613,2400.000
SEE961950355421,"Solarpark Altmannstein-Steinsdorf PR - P23-112 - BESS 1.080,00 kW",ABR951195208248,In Betrieb,Deutschland,Bayern,Eichstätt,Altmannstein,93336,Altmannstein,,,11.593555,48.902142,1080.000,1080.000,2026-02-12,,2026-02-02,Lithium-Batterie,Batterie,Speicher,SSE910706925777,2150.000
SEE940492675761,BESS Amalon Gewerbepark,ABR984704229250,In Planung,Deutschland,Baden-Württemberg,Zollernalbkreis,Albstadt,72458,Albstadt,Schmiechastraße,151,9.028163,48.220497,3000.000,2000.000,2026-02-12,2026-03-31,,Lithium-Batterie,Batterie,Speicher,SSE956015489265,6000.000
SEE907238340376,Voltfang 2 184kW,ABR935758730728,In Betrieb,Deutschland,Baden-Württemberg,Alb-Donau-Kreis,Heroldstatt,72535,Heroldstatt,Schwabenstraße,9,9.650169,48.444411,184.000,184.000,2026-02-13,,2025-01-01,Lithium-Batterie,Batterie,Speicher,SSE979924089883,180.000
SEE956511991330,Bergkamen Speicher I,ABR949450718373,In Betrieb,Deutschland,Nordrhein-Westfalen,Unna,Bergkamen,59192,Bergkamen,Lise-Meitner-Straße,4 ,7.672472,51.648231,215.000,108.000,2026-02-13,,2026-01-28,Lithium-Batterie,Batterie,Speicher,SSE973921166714,215.000
SEE941733049150,Batteriespeicher Firma,ABR907034142754,In Planung,Deutschland,Rheinland-Pfalz,Mayen-Koblenz,Plaidt,56637,Plaidt,Gewerbegebiet Saffiger Str.,6,7.399250,50.384438,102.400,80.000,2026-02-13,2026-03-01,,Lithium-Batterie,Batterie,Speicher,SSE929074371642,92.160
SEE919429091103,PN250_00001_Tannau,ABR952132848244,In Planung,Deutschland,Baden-Württemberg,Bodenseekreis,Tettnang,88069,Tettnang,Im Leimen,14,9.640307,47.661491,250.000,230.000,2026-02-15,2026-04-30,,Lithium-Batterie,Batterie,Speicher,SSE989888616766,500.000
SEE958587871967,Anlage Holzlagerhalle,ABR993824012437,In Betrieb,Deutschland,Hessen,Offenbach,Dietzenbach,63128,Dietzenbach,Robert-Bosch-Straße,11,8.795633,50.026722,151.000,151.000,2026-02-16,,2026-02-01,Lithium-Batterie,Batterie,Speicher,SSE924054614009,40.000
SEE977784500630,Speicher West_Messe Friedrichshafen,ABR945024667252,In Betrieb,Deutschland,Baden-Württemberg,Bodenseekreis,Friedrichshafen,88046,Friedrichshafen,Neue Messe,1,9.506237,47.678312,630.000,630.000,2026-03-20,,2026-03-19,Lithium-Batterie,Batterie,Speicher,SSE921746718489,1317.000
SEE974570850924,Speicher Grenzach-Wyhlen,ABR992177584127,In Betrieb,Deutschland,Baden-Württemberg,Lörrach,Grenzach-Wyhlen,79639,Grenzach-Wyhlen,Solvaystraße,28,7.688033,47.539193,1408.000,1408.000,2026-03-02,,2026-01-09,Lithium-Batterie,Batterie,Speicher,SSE934934254935,1706.000
SEE942360346186,Speicher Pferdeklinik Müggenhausen,ABR973584266646,In Betrieb,Deutschland,Nordrhein-Westfalen,Euskirchen,Weilerswist,53919,Weilerswist,Heimerzheimer Straße,18,6.877653,50.713394,102.400,50.000,2026-02-16,,2025-12-16,Lithium-Batterie,Batterie,Speicher,SSE931604973370,97.280
SEE947849622225,Batteriespeicher_KSD_SAK,ABR987300074132,In Betrieb,Deutschland,Baden-Württemberg,Freudenstadt,Pfalzgrafenweiler,72285,Pfalzgrafenweiler,Lange Straße,60,8.564867,48.529364,120.000,110.000,2026-02-16,,2025-12-01,Lithium-Batterie,Batterie,Speicher,SSE943511666283,225.000
SEE993806394124,BESS Moorhof,ABR990846877754,In Betrieb,Deutschland,Sachsen-Anhalt,Harz,Quedlinburg,06484,Quedlinburg,Gernröder Weg,4 A,11.142298,51.777732,176.000,176.000,2026-02-16,,2024-12-11,Lithium-Batterie,Batterie,Speicher,SSE980145763797,398.000
SEE935738942745,PV-Anlage 1 Fräcon,ABR926303429365,In Betrieb,Deutschland,Niedersachsen,Osnabrück,Melle,49324,Melle,Rottwiese,19,8.315961,52.216215,100.000,100.000,2026-02-16,,2026-01-26,Lithium-Batterie,Batterie,Speicher,SSE927861293139,196.600
SEE937976380952,Schönwohld - Speicher,ABR993990514575,In Planung,Deutschland,Schleswig-Holstein,Rendsburg-Eckernförde,Achterwehr,24239,Achterwehr,,,10.017081,54.307530,6840.000,6750.000,2026-02-17,2027-01-04,,Lithium-Batterie,Batterie,Speicher,SSE969057448824,15045.000
SEE932639100335,PVA_Offgridtec AG-BAT,ABR968123216350,In Planung,Deutschland,Bayern,Rottal-Inn,Eggenfelden,84307,Eggenfelden,Im Gewerbepark,11,12.760730,48.393450,150.000,150.000,2026-02-17,2026-08-31,,Lithium-Batterie,Batterie,Speicher,SSE951850184245,602.100
SEE941416080074,Speicher Solax 215kWh IBN 18.02.2026,ABR988075695805,In Betrieb,Deutschland,Bayern,Weißenburg-Gunzenhausen,Pappenheim,91788,Pappenheim,Geislohe,69,10.985212,48.962441,100.000,100.000,2026-02-18,,2026-02-18,Lithium-Batterie,Batterie,Speicher,SSE987806406611,215.000
SEE947097451844,Centroplan Büro Speicher,ABR901471757731,In Betrieb,Deutschland,Nordrhein-Westfalen,Städteregion Aachen,Baesweiler,52499,Baesweiler,Robert-Koch-Straße,4,6.167290,50.917270,100.000,100.000,2026-02-18,,2026-01-28,Lithium-Batterie,Batterie,Speicher,SSE944739140722,215.000
SEE951862218860,THAB Gebäude 50 Stromspeicher,ABR905149681267,In Betrieb,Deutschland,Bayern,Aschaffenburg,Aschaffenburg,63743,Aschaffenburg,Würzburger Straße,45,9.163336,49.971622,328.000,328.000,2026-02-18,,2026-02-10,Lithium-Batterie,Batterie,Speicher,SSE907350361785,645.000
SEE998295380184,Speicher,ABR945841313998,In Betrieb,Deutschland,Bayern,Augsburg,Ustersbach,86514,Ustersbach,Baschenegg,1,10.644120,48.319683,110.000,110.000,2026-04-15,,2026-03-30,Lithium-Batterie,Batterie,Speicher,SSE995332383221,225.000
SEE974738687058,Batterie-Kirsch,ABR916911361010,In Planung,Deutschland,Sachsen-Anhalt,Anhalt-Bitterfeld,Zerbst/Anhalt,39261,Zerbst,Kirschallee,4,12.101726,51.953002,184.000,184.000,2026-02-19,2026-03-27,,Lithium-Batterie,Batterie,Speicher,SSE963651034957,368.000
SEE914154932486,Tracta Speicher,ABR916956479671,In Betrieb,Deutschland,Baden-Württemberg,Ludwigsburg,Ingersheim,74379,Ingersheim,Freiberger Straße,26,9.171879,48.958768,125.970,119.600,2026-03-18,,2026-03-17,Sonstige Batterie,Batterie,Speicher,SSE939309161979,125.790
SEE928354043781,Batteriespeicher Bürgerforum,ABR941937817609,In Planung,Deutschland,Nordrhein-Westfalen,Warendorf,Ahlen,59227,Ahlen,Westenmauer,10,7.886702,51.761454,165.000,150.000,2026-02-19,2028-09-01,,Lithium-Batterie,Batterie,Speicher,SSE950537796429,150.000
SEE909099531412,"2023-02_BESS_One Box,HB",ABR984667051660,In Planung,Deutschland,Bremen,Bremen,Bremen,28309,Bremen,Bergener Straße,9,8.904514,53.025161,184.000,184.000,2026-02-19,2026-06-30,,Lithium-Batterie,Batterie,Speicher,SSE965605710719,360.000
SEE953087139494,PV-Anlage Kläranlage Rosche Hallendach und Gebläsehaus,ABR972665693067,In Betrieb,Deutschland,Niedersachsen,Uelzen,Rosche,29571,Rosche,Lüchower Straße,15,10.755526,52.987203,140.000,90.000,2026-02-19,,2025-09-12,Lithium-Batterie,Batterie,Speicher,SSE962375613172,168.000
SEE919589486221,Batteriespeicher RB 23,ABR965568156272,In Betrieb,Deutschland,Baden-Württemberg,Heidenheim,Herbrechtingen,89542,Herbrechtingen,Robert-Bosch-Straße,22,10.203980,48.627530,248.400,248.400,2026-02-20,,2024-03-01,Lithium-Batterie,Batterie,Speicher,SSE932932739140,474.000
SEE908053705753,"Carport , Quergiebel",ABR953727116861,In Betrieb,Deutschland,Nordrhein-Westfalen,Rhein-Sieg-Kreis,Hennef (Sieg),53773,Hennef,Buchfinkenweg,1,7.346715,50.730950,100.000,70.000,2026-02-20,,2026-02-16,Lithium-Batterie,Batterie,Speicher,SSE909799914874,125.000
SEE971310638231,BESS Diesenbach BF 1,ABR962822135035,In Planung,Deutschland,Bayern,Regensburg,Regenstauf,93128,Regenstauf,,,12.106548,49.123023,7200.000,7200.000,2026-02-20,2027-02-01,,Lithium-Batterie,Batterie,Speicher,SSE950553305520,28800.000
SEE926694397113,BESS Diesenbach BF 2,ABR963637873662,In Planung,Deutschland,Bayern,Regensburg,Regenstauf,93128,Regenstauf,,,12.104493,49.113694,10800.000,10800.000,2026-02-20,2027-02-01,,Lithium-Batterie,Batterie,Speicher,SSE979032859545,43200.000
SEE921951004230,BESS Diesenbach BF 5,ABR950867892839,In Planung,Deutschland,Bayern,Regensburg,Regenstauf,93128,Regenstauf,,,12.108504,49.122391,3600.000,3600.000,2026-02-20,2027-02-01,,Lithium-Batterie,Batterie,Speicher,SSE988383355095,14400.000
SEE970857322948,SPI PV1,ABR965126528985,In Betrieb,Deutschland,Hessen,Lahn-Dill-Kreis,Solms,35606,Solms,Solmser Gewerbepark,16,8.414573,50.541880,160.200,160.000,2026-02-23,,2026-02-11,Lithium-Batterie,Batterie,Speicher,SSE998833709590,192.900
SEE923639351650,BESS Diesenbach BF 7,ABR974068466378,In Planung,Deutschland,Bayern,Regensburg,Regenstauf,93128,Regenstauf,,,12.105337,49.130121,3600.000,3600.000,2026-02-23,2027-02-01,,Lithium-Batterie,Batterie,Speicher,SSE941712415990,14400.000
SEE992078783438,BESS Diesenbach BF 11,ABR952417704500,In Planung,Deutschland,Bayern,Regensburg,Regenstauf,93128,Regenstauf,,,12.107353,49.112808,7200.000,7200.000,2026-02-23,2027-02-01,,Lithium-Batterie,Batterie,Speicher,SSE951463693899,28800.000
SEE913159691169,Wendt Batteriespeicher 225/110,ABR940449694081,In Betrieb,Deutschland,Niedersachsen,Osnabrück,Georgsmarienhütte,49124,Georgsmarienhütte,Oeseder Straße,1,8.066504,52.217559,110.000,110.000,2026-02-23,,2026-02-19,Lithium-Batterie,Batterie,Speicher,SSE979141552238,225.000
SEE927931349377,Stromspeicher,ABR991129070985,In Betrieb,Deutschland,Bayern,Bayreuth,Bayreuth,95448,Bayreuth,Carl-Kolb-Straße,10,11.627944,49.965527,300.000,300.000,2026-02-24,,2026-02-23,Lithium-Batterie,Batterie,Speicher,SSE925162579136,640.000
SEE970380271706,Batteriespeicher PV-Anlage iKWK,ABR950379943371,In Betrieb,Deutschland,Mecklenburg-Vorpommern,Vorpommern-Rügen,Stralsund,18437,Stralsund,Vogelsangstr.,5,13.037988,54.316659,100.000,100.000,2026-06-02,,2026-05-06,Lithium-Batterie,Batterie,Speicher,SSE973253888469,215.040
SEE902335679916,Netzspeicher,ABR919186616595,In Betrieb,Deutschland,Sachsen-Anhalt,Mansfeld-Südharz,Hettstedt,06333,Hettstedt,Über der Heckerlingsbreite,6,11.493066,51.656245,270.000,270.000,2026-02-24,,2026-02-19,Lithium-Batterie,Batterie,Speicher,SSE914798434162,552.000
SEE935249212627,Speicher Hassler Reisen GmbH,ABR940744700647,In Betrieb,Deutschland,Baden-Württemberg,Böblingen,Sindelfingen,71069,Sindelfingen,Am Buchental,20,8.950324,48.701235,108.000,108.000,2026-02-24,,2025-12-17,Lithium-Batterie,Batterie,Speicher,SSE953482275216,215.000
SEE992507491347,BS Ladepark SWK Verkehrs AG,ABR965756169145,In Betrieb,Deutschland,Rheinland-Pfalz,Kaiserslautern,Kaiserslautern,67657,Kaiserslautern,Stiftswaldstraße,4,7.795852,49.442954,240.000,240.000,2026-03-27,,2026-03-13,Lithium-Batterie,Batterie,Speicher,SSE909477734848,720.000
SEE952673800527,Batteriespeicher SB Eigenrieden,ABR968517916002,In Betrieb,Deutschland,Thüringen,Unstrut-Hainich-Kreis,Rodeberg,99974,Mühlhausen,Faulunger Tal,1,10.312865,51.204002,100.000,100.000,2026-07-29,,2026-06-22,Lithium-Batterie,Batterie,Speicher,SSE916315901102,270.000
SEE950312195430,Batterie,ABR990232806023,In Betrieb,Deutschland,Rheinland-Pfalz,Westerwaldkreis,Breitenau,56237,Breitenau,Sayntalstraße,2,7.685432,50.495789,110.000,110.000,2026-02-25,,2026-02-25,Lithium-Batterie,Batterie,Speicher,SSE929852363159,224.000
SEE990008085188,Energiehandel-Speicher-Süd A 21,ABR913081152592,In Betrieb,Deutschland,Bayern,Aschaffenburg,Alzenau,63755,Alzenau,Industriegebiet Süd A,21,9.040872,50.050222,269.000,269.000,2026-02-26,,2026-02-26,Lithium-Batterie,Batterie,Speicher,SSE934039693509,552.000
SEE959997921679,Energiehandel-Speicher-Süd A 23,ABR913081152592,In Betrieb,Deutschland,Bayern,Aschaffenburg,Alzenau,63755,Alzenau,Industriegebiet Süd A,23,9.040911,50.050538,269.000,269.000,2026-02-26,,2026-03-19,Lithium-Batterie,Batterie,Speicher,SSE969555238958,552.000
SEE971437854798,BESS Regionalwerke 1,ABR923844788043,In Planung,Deutschland,Bayern,Cham,Willmering,93497,Willmering,,,12.676824,49.255357,7274.000,7274.000,2026-02-26,2027-02-02,,Lithium-Batterie,Batterie,Speicher,SSE985163930770,15000.000
SEE928719476322,Bat Zeißstr,ABR991898657219,In Betrieb,Deutschland,Niedersachsen,Region Hannover,Hannover,30519,Hannover,,,,,105.000,20.000,2026-02-26,,2025-12-30,Lithium-Batterie,Batterie,Speicher,SSE956051718893,233.000
SEE971911462891,Batteriespeicher SG,ABR983726541470,In Betrieb,Deutschland,Baden-Württemberg,Esslingen,Köngen,73257,Köngen,Wangerhöfe,1,9.339704,48.684789,100.000,100.000,2026-02-26,,2026-02-11,Lithium-Batterie,Batterie,Speicher,SSE991904728940,336.000
SEE908086900491,Dools-Speicher,ABR983044066631,In Betrieb,Deutschland,Bayern,Rosenheim,Breitbrunn a. Chiemsee,83254,Breitbrunn,Haus,2,12.390790,47.906131,368.000,368.000,2026-02-26,,2026-02-04,Lithium-Batterie,Batterie,Speicher,SSE994319635674,737.000
SEE938069478518,Stromspeicher an PV,ABR988730716814,In Betrieb,Deutschland,Baden-Württemberg,Schwäbisch Hall,Schwäbisch Hall,74523,Schwäbisch Hall,Stockäcker,1,9.794353,49.128352,5160.000,5160.000,2026-05-15,,2026-05-12,Lithium-Batterie,Batterie,Speicher,SSE923860147664,10000.000
SEE984138261246,251288-251289 Oberbauerschafterstr. 4,ABR902241786029,In Betrieb,Deutschland,Nordrhein-Westfalen,Herford,Kirchlengern,32278,Kirchlengern,Oberbauerschafter Straße,4,8.610511,52.241036,250.000,250.000,2026-02-27,,2026-02-25,Lithium-Batterie,Batterie,Speicher,SSE909021263947,522.000
SEE954975026643,25123b-25124 Alterpostweg 16,ABR902241786029,In Betrieb,Deutschland,Nordrhein-Westfalen,Minden-Lübbecke,Petershagen,32469,Petershagen,Alter Postweg,16,8.962130,52.395185,250.000,250.000,2026-02-27,,2026-02-18,Lithium-Batterie,Batterie,Speicher,SSE962638030739,578.000
SEE953981583027,Gewerbespeicher 2026,ABR905811961802,In Planung,Deutschland,Niedersachsen,Diepholz,Drentwede,49406,Drentwede,,,8.575015,52.745861,2520.000,2520.000,2026-02-27,2026-09-30,,Lithium-Batterie,Batterie,Speicher,SSE949864768742,5640.000
SEE904567127012,T-H-001 SP,ABR913618639992,In Betrieb,Deutschland,Bayern,Lindau (Bodensee),Hergatz,88145,Hergatz,Leiblachfeld,2,9.829043,47.643270,150.000,150.000,2026-02-28,,2026-02-28,Lithium-Batterie,Batterie,Speicher,SSE981659140685,380.000
SEE951695045466,PV-Speicher Stall,ABR901978096593,In Planung,Deutschland,Niedersachsen,Gifhorn,Brome,38465,Brome,,,10.870189,52.623253,184.000,184.000,2026-03-01,2026-08-01,,Lithium-Batterie,Batterie,Speicher,SSE977380853741,688.000
SEE928276530444,Trading-Speicher Stall,ABR901978096593,In Planung,Deutschland,Niedersachsen,Gifhorn,Brome,38465,Brome,,,10.869674,52.622899,368.000,368.000,2026-03-01,2026-08-01,,Lithium-Batterie,Batterie,Speicher,SSE947332001759,1376.000
SEE970042832054,Batteriespeicher Bad Salzungen,ABR936529750570,In Betrieb,Deutschland,Thüringen,Wartburgkreis,Bad Salzungen,36433,Bad Salzungen,,,10.221276,50.800053,1250.000,1250.000,2026-03-02,,2026-03-02,Lithium-Batterie,Batterie,Speicher,SSE923445966888,1700.000
SEE955205486077,Addinol  - Speicher 2,ABR905105043139,In Betrieb,Deutschland,Sachsen-Anhalt,Saalekreis,Leuna,06237,Leuna,Am Haupttor,4609,12.011500,51.322760,184.000,184.000,2026-03-02,,2025-07-16,Sonstige Batterie,Batterie,Speicher,SSE974875414357,164.000
SEE953881080190,ERL006 ILKAZELL,ABR947995281109,In Betrieb,Deutschland,Sachsen,Zwickau,Zwickau,08066,Zwickau,Talstraße,17,12.497443,50.733498,264.000,264.000,2026-03-02,,2026-02-13,Lithium-Batterie,Batterie,Speicher,SSE954716004329,530.100
SEE973320703091,BESS 2 AssetCo_Standort Verden,ABR911372173431,In Betrieb,Deutschland,Niedersachsen,Verden,Verden (Aller),27283,Verden,Siemensstraße,13,9.247098,52.911925,4600.000,4600.000,2026-04-15,,2026-04-15,Lithium-Batterie,Batterie,Speicher,SSE982372268519,10864.000
SEE919315360603,Batteriespeicher Wildpoldsried,ABR956587193072,In Betrieb,Deutschland,Bayern,Oberallgäu,Wildpoldsried,87499,Wildpoldsried,Salzstraße,17,10.398660,47.769240,480.000,480.000,2026-03-31,,2026-03-27,Lithium-Batterie,Batterie,Speicher,SSE915690394011,960.000
SEE905808012746,Batteriepark Nägeleried,ABR937274793003,In Betrieb,Deutschland,Bayern,Oberallgäu,Sulzberg,87477,Sulzberg,Nägeleried,7,10.375246,47.681119,6900.000,6900.000,2026-07-16,,2026-07-10,Lithium-Batterie,Batterie,Speicher,SSE993766029913,13100.000
SEE971641923228,Speicher 2 Grenzach-Wyhlen,ABR992177584127,In Betrieb,Deutschland,Baden-Württemberg,Lörrach,Grenzach-Wyhlen,79639,Grenzach-Wyhlen,Solvaystraße,28,7.688033,47.539193,1408.000,1408.000,2026-03-03,,2026-01-09,Lithium-Batterie,Batterie,Speicher,SSE915649785792,1706.000
SEE993844312784,Speicher 3 Grenzach-Wyhlen,ABR992177584127,In Betrieb,Deutschland,Baden-Württemberg,Lörrach,Grenzach-Wyhlen,79639,Grenzach-Wyhlen,Solvaystraße,28,7.688033,47.539193,528.000,88.000,2026-03-03,,2026-01-09,Lithium-Batterie,Batterie,Speicher,SSE959862159619,2133.000
SEE991479439890,BESS Kirschgartenweg 1,ABR946299421976,In Planung,Deutschland,Rheinland-Pfalz,Worms,Worms,67547,Worms,Der Untere Hantalweg,22,8.342198,49.620941,10545.000,10545.000,2026-03-03,2026-09-28,,Lithium-Batterie,Batterie,Speicher,SSE915335541756,20407.000
SEE976701215879,GigaBattery Jänschwalde 1000,ABR932926516955,In Planung,Deutschland,Brandenburg,Spree-Neiße,Teichland,03185,Peitz,Teichlandstr.,,14.466580,51.833902,1000000.000,1000000.000,2026-03-03,2027-12-31,,Lithium-Batterie,Batterie,Speicher,SSE950145550062,4000000.000
SEE998036960637,GigaBattery Boxberg 400,ABR932926516955,In Planung,Deutschland,Sachsen,Görlitz,Boxberg/O.L.,02943,Boxberg,,,14.566004,51.419918,400000.000,400000.000,2026-03-03,2027-12-31,,Lithium-Batterie,Batterie,Speicher,SSE985403656071,1600000.000
SEE949065983555,GridBattery Heinersbrück 100,ABR932926516955,In Planung,Deutschland,Brandenburg,Spree-Neiße,Heinersbrück,03185,Heinersbrück,,,14.507131,51.808484,100000.000,100000.000,2026-03-03,2027-06-09,,Lithium-Batterie,Batterie,Speicher,SSE998460649887,400000.000
SEE910698679443,Batteriespeicher 100 kWh für FF PV,ABR957067235008,In Planung,Deutschland,Baden-Württemberg,Ravensburg,Isny im Allgäu,88316,Isny,Unterried,5,10.005084,47.708198,100.000,100.000,2026-03-04,2026-08-17,,Lithium-Batterie,Batterie,Speicher,SSE953230536293,88.000
SEE935222798384,Graustromspeicher,ABR912512232131,In Betrieb,Deutschland,Bayern,Mühldorf a. Inn,Aschau a. Inn,84544,Aschau,Rulading,1,12.345643,48.210593,360.000,360.000,2026-03-04,,2026-03-04,Lithium-Batterie,Batterie,Speicher,SSE916396621098,806.400
SEE966093589542,Batteriespeicher Wessels Twist,ABR955323176638,In Betrieb,Deutschland,Niedersachsen,Emsland,Twist,49767,Twist,J.-D.-Lauenstein-Straße,14,7.113344,52.644577,184.000,184.000,2026-03-05,,2026-02-25,Hochtemperaturbatterie,Batterie,Speicher,SSE936153050084,184.000
SEE958958269768,Trading-Speicher Meinke,ABR979788647847,In Betrieb,Deutschland,Niedersachsen,Harburg,Marschacht,21436,Marschacht,,,10.337732,53.379195,269.000,269.000,2026-04-15,,2026-04-15,Lithium-Batterie,Batterie,Speicher,SSE974746405224,552.000
SEE943486577959,Ruhrtaler Frischei GmbH＆ COKG - Speicher,ABR975480964640,In Betrieb,Deutschland,Nordrhein-Westfalen,Unna,Fröndenberg/Ruhr,58730,Fröndenberg,Palzstrasse,24,7.805603,51.487245,250.000,250.000,2026-03-05,,2026-03-03,Lithium-Batterie,Batterie,Speicher,SSE990667090448,522.000
SEE981458189465,CDD Trading,ABR948538831744,In Betrieb,Deutschland,Nordrhein-Westfalen,Heinsberg,Heinsberg,52525,Heinsberg,Wurmstraße,4,6.125516,51.073169,184.000,184.000,2026-04-17,,2026-04-07,Lithium-Batterie,Batterie,Speicher,SSE960530636073,368.000
SEE943184612600,Besigheimerstr. 62 Batteriespeicher (2026_2),ABR958596631699,In Betrieb,Deutschland,Baden-Württemberg,Ludwigsburg,Kirchheim am Neckar,74366,Kirchheim,Besigheimer Straße,62,9.144211,49.038915,150.000,150.000,2026-03-06,,2026-02-25,Lithium-Batterie,Batterie,Speicher,SSE933513075992,540.000
SEE980982093255,Batteriespeicher Greilmeier,ABR960945318717,In Betrieb,Deutschland,Bayern,Mühldorf a. Inn,Obertaufkirchen,84419,Obertaufkirchen,am Logistikpark,1,12.281372,48.253229,1000.000,1000.000,2026-04-17,,2026-04-17,Lithium-Batterie,Batterie,Speicher,SSE958929816250,1016.000
SEE990399466559,RV Dinslaken Scholtenstraße 91,ABR904764967053,In Planung,Deutschland,Nordrhein-Westfalen,Wesel,Dinslaken,46539,Dinslaken,Scholtenstraße,91,6.783871,51.566660,180.000,180.000,2026-03-06,2026-07-31,,Lithium-Batterie,Batterie,Speicher,SSE942982648828,831.000
SEE905079636719,Brenntag_Glauchau_Speicher 1,ABR938981577498,In Betrieb,Deutschland,Sachsen,Zwickau,Glauchau,08371,Glauchau,Boschstraße,3,12.532784,50.835465,100.000,100.000,2026-03-06,,2026-03-06,Lithium-Batterie,Batterie,Speicher,SSE917947631702,215.000
SEE975704263597,TradingTesvolt,ABR934945498946,In Betrieb,Deutschland,Sachsen,Vogtlandkreis,Reichenbach im Vogtland,08468,Reichenbach,Friedensstraße,40,12.292203,50.629418,184.000,184.000,2026-06-06,,2026-04-01,Lithium-Batterie,Batterie,Speicher,SSE969684170563,364.000
SEE983236446623,Tesvolt Speicher Hagenaufeld,ABR964742679026,In Betrieb,Deutschland,Bayern,Straubing-Bogen,Mallersdorf-Pfaffenberg,84066,Mallersdorf-Pfaffenberg,,,12.187890,48.770140,184.000,184.000,2026-03-07,,2026-03-06,Lithium-Batterie,Batterie,Speicher,SSE971054295363,384.000
SEE980025058999,Speicher Thomasboden Power Stack Erweiterung,ABR907506602984,In Betrieb,Deutschland,Bayern,Würzburg,Eibelstadt,97246,Eibelstadt,Am Thomasboden,8,9.989585,49.736803,110.000,110.000,2026-03-09,,2026-02-26,Lithium-Batterie,Batterie,Speicher,SSE975127235416,229.000
SEE952658974731,HIRI - Hildebrand und Richter GmbH ＆ Co. KG,ABR937027422020,In Betrieb,Deutschland,Niedersachsen,Lüneburg,Kirchgellersen,21394,Kirchgellersen,Einemhofer Weg,9,10.290541,53.233813,100.000,100.000,2026-03-09,,2026-02-19,Lithium-Batterie,Batterie,Speicher,SSE924424750245,215.000
SEE979569132326,Sunline Batteriespeicher 1,ABR969275466020,In Betrieb,Deutschland,Thüringen,Eichsfeld,Dingelstädt,37351,Dingelstädt,Industriegebiet Wachstedter Straße,11,10.286936,51.301033,170.000,170.000,2026-03-09,,2026-02-24,Lithium-Batterie,Batterie,Speicher,SSE946661919384,320.000
SEE921054334586,BESS Kandel,ABR979710865103,In Planung,Deutschland,Rheinland-Pfalz,Germersheim,Kandel,76870,Kandel,Sonnenweg,1,8.206230,49.088670,4750.000,4750.000,2026-03-25,2026-09-01,,Lithium-Batterie,Batterie,Speicher,SSE981205607778,10000.000
SEE974995165702,Raiffeisen Waren Zentrale AG Standort Riedstadt - Batteriespeicher,ABR966370138210,In Betrieb,Deutschland,Hessen,Groß-Gerau,Riedstadt,64560,Riedstadt,Oppenheimer Straße,26,8.491954,49.853670,108.000,108.000,2026-04-24,,2026-04-08,Lithium-Batterie,Batterie,Speicher,SSE978812611021,215.000
SEE979328346841,Fritz Murr Batteriespeicher,ABR909325124944,In Betrieb,Deutschland,Baden-Württemberg,Ludwigsburg,Murr,71711,Murr,Gottlieb-Daimler-Straße,62,9.239359,48.956521,100.000,100.000,2026-03-25,,2026-03-25,Lithium-Batterie,Batterie,Speicher,SSE916537329388,194.560
SEE959401360704,Speicher-Osten393,ABR924556367991,In Betrieb,Deutschland,Niedersachsen,Cuxhaven,Osten,21756,Osten,Landstraße,27,9.232284,53.741055,460.000,460.000,2026-06-02,,2026-05-07,Lithium-Batterie,Batterie,Speicher,SSE908051492907,922.000
SEE919763514597,NS_07_250_522_Habratsweiler,ABR994862223465,In Planung,Deutschland,Baden-Württemberg,Bodenseekreis,Friedrichshafen,88048,Friedrichshafen,,,9.502754,47.699804,250.000,250.000,2026-03-12,2026-06-01,,Lithium-Batterie,Batterie,Speicher,SSE947054239744,500.000
SEE948921011906,Speicher 2026 Bakum,ABR914501466251,In Betrieb,Deutschland,Niedersachsen,Vechta,Bakum,49456,Bakum,Heckenweg,2,8.206585,52.729973,125.000,125.000,2026-07-13,,2026-07-09,Lithium-Batterie,Batterie,Speicher,SSE925312846095,258.000
SEE957833897751,NS_08_250_522_Senglingen,ABR994862223465,In Planung,Deutschland,Baden-Württemberg,Bodenseekreis,Meckenbeuren,88074,Meckenbeuren,Senglingen,6,9.582781,47.726546,250.000,250.000,2026-03-12,2026-09-01,,Lithium-Batterie,Batterie,Speicher,SSE976802912615,500.000
SEE939027539067,Geislohe 40 Solaxspeicher Erweiterung IBN12.03.2026 645kWh 300KW,ABR995300038986,In Betrieb,Deutschland,Bayern,Weißenburg-Gunzenhausen,Pappenheim,91788,Pappenheim,Geislohe,39,10.989414,48.965352,300.000,300.000,2026-03-12,,2026-03-12,Lithium-Batterie,Batterie,Speicher,SSE928122907994,645.000
SEE999213255034,PV LEMO Batterie,ABR988579712961,In Betrieb,Deutschland,Nordrhein-Westfalen,Rhein-Sieg-Kreis,Niederkassel,53859,Niederkassel,Michael-Lehmacher-Str.,1,7.048566,50.811927,1998.000,600.000,2026-03-12,,2025-10-01,Lithium-Batterie,Batterie,Speicher,SSE902593323408,540.000
SEE932750106643,BESS Beerendorf,ABR958577446472,In Planung,Deutschland,Sachsen,Nordsachsen,Delitzsch,04509,Delitzsch,,,12.358370,51.520167,11180.000,10000.000,2026-03-12,2027-06-09,,Lithium-Batterie,Batterie,Speicher,SSE950844272791,22360.000
SEE995192510072,Speicher Papenburg,ABR948924899617,In Betrieb,Deutschland,Niedersachsen,Emsland,Papenburg,26871,Papenburg,Bethlehem rechts,51,7.437214,53.060817,184.000,180.000,2026-06-29,,2026-06-29,Lithium-Batterie,Batterie,Speicher,SSE944858422655,430.000
SEE901336542441,Hemmoor - Netto Stader Straße,ABR982873533390,In Betrieb,Deutschland,Niedersachsen,Cuxhaven,Hemmoor,21745,Hemmoor,Stader Straße,46,9.178422,53.682245,436.000,436.000,2026-03-13,,2026-03-03,Lithium-Batterie,Batterie,Speicher,SSE924789199437,436.000
SEE916498442492,Batteriespeicher Schläberig,ABR940185907087,In Betrieb,Deutschland,Hessen,Fulda,Hosenfeld,36154,Hosenfeld,,,9.503788,50.531989,4000.000,4000.000,2026-04-01,,2026-03-26,Lithium-Batterie,Batterie,Speicher,SSE946540516017,8360.000
SEE952439638906,Agri-PV Paßhausen,ABR907473777067,In Planung,Deutschland,Bayern,Dingolfing-Landau,Eichendorf,94428,Eichendorf,,,12.801871,48.619254,320.000,320.000,2026-03-15,2026-03-16,,Lithium-Batterie,Batterie,Speicher,SSE917826459731,3375.960
SEE930701644848,Neue Halle,ABR932504443802,In Betrieb,Deutschland,Bayern,Donau-Ries,Donauwörth,86609,Donauwörth,,,,,100.000,30.000,2026-03-16,,2026-03-01,Lithium-Batterie,Batterie,Speicher,SSE994499506436,80.000
SEE971400707335,Klaron Neunte Energie (Weißenfels 1),ABR912387761507,In Planung,Deutschland,Sachsen-Anhalt,Burgenlandkreis,Weißenfels,06667,Weißenfels,,,11.968134,51.217267,12000.000,12000.000,2026-03-16,2026-06-30,,Lithium-Batterie,Batterie,Speicher,SSE978708992623,40000.000
SEE926234337807,PV-Anlage Golfclub Domtal Mommenheim,ABR973788458892,In Betrieb,Deutschland,Rheinland-Pfalz,Mainz-Bingen,Mommenheim,55278,Mommenheim,Am Golfplatz,1,8.288070,49.871999,100.000,88.000,2026-03-16,,2025-10-10,Lithium-Batterie,Batterie,Speicher,SSE904183271083,215.000
SEE910664388980,Stromspeicher Gronau,ABR931238872759,In Planung,Deutschland,Nordrhein-Westfalen,Borken,Gronau (Westf.),48599,Gronau,Lasterfeld,20,7.031447,52.135252,1540.000,1540.000,2026-03-17,2026-04-01,,Lithium-Batterie,Batterie,Speicher,SSE982893629646,5016.000
SEE980130273096,Beuerlein GmbH ＆ Co KG - Batteriespeicher Gaibach,ABR918067517853,In Betrieb,Deutschland,Bayern,Kitzingen,Volkach,97332,Volkach,Schönbornstraße,35,10.219228,49.888548,1500.000,1500.000,2026-04-08,,2026-03-30,Nickel-Cadmium- / Nickel-Metallhydridbatterie,Batterie,Speicher,SSE922092325109,3664.800
SEE998320283916,PVA U6 BESS,ABR925938493802,In Betrieb,Deutschland,Sachsen,Bautzen,Hoyerswerda,02977,Hoyerswerda,,,14.273385,51.450188,108.000,108.000,2026-03-17,,2026-02-20,Lithium-Batterie,Batterie,Speicher,SSE958376564544,215.000
SEE946297877799,Derstappen,ABR933984749644,In Betrieb,Deutschland,Mecklenburg-Vorpommern,Nordwestmecklenburg,Lützow,19209,Lützow,Am Galgenberg,11,11.166884,53.660152,184.000,184.000,2026-03-18,,2026-03-18,Lithium-Batterie,Batterie,Speicher,SSE930974808404,328.000
SEE919141986237,Speicher,ABR919592995123,In Betrieb,Deutschland,Thüringen,Erfurt,Erfurt,99087,Erfurt,Bergrat-Voigt-Straße,18,11.044837,51.033564,100.000,100.000,2026-03-18,,2026-03-10,Lithium-Batterie,Batterie,Speicher,SSE997035228908,215.000
SEE945365634999,Tibo Photovoltaik Gottesgabe 3 - Speicher,ABR979040163139,In Planung,Deutschland,Brandenburg,Märkisch-Oderland,Neutrebbin,15320,Neutrebbin,Schwarzer Weg,,14.110510,52.385730,25000.000,20000.000,2026-03-18,2027-11-30,,Sonstige Batterie,Batterie,Speicher,SSE935642318704,20000.000
SEE935738853492,Speicher_Tesvolt,ABR959444799691,In Betrieb,Deutschland,Rheinland-Pfalz,Alzey-Worms,Bechtheim,67595,Bechtheim,In den Reben,1,8.285935,49.723000,100.000,100.000,2026-05-06,,2026-05-05,Lithium-Batterie,Batterie,Speicher,SSE993276058892,320.000
SEE900481442750,Speicher Müller GbR,ABR903887011315,In Betrieb,Deutschland,Bayern,Oberallgäu,Missen-Wilhams,87547,Missen-Wilhams,Riedleweg,3 a,10.099031,47.592576,199.000,60.000,2026-03-18,,2026-03-12,Lithium-Batterie,Batterie,Speicher,SSE926845487434,179.100
SEE982249837893,Am Bahnweg 3 Speicher,ABR928660580215,In Betrieb,Deutschland,Bayern,Landshut,Essenbach,84051,Essenbach,,,12.201021,48.588830,4472.000,4472.000,2026-07-29,,2026-07-15,Lithium-Batterie,Batterie,Speicher,SSE947774936282,8944.000
SEE999065682262,Stromspeicher 1 Schlüter Lünzum,ABR975497121227,In Betrieb,Deutschland,Nordrhein-Westfalen,Recklinghausen,Haltern am See,45721,Haltern am See,Lünzumer Weg,67,7.150626,51.753037,125.000,125.000,2026-04-08,,2026-04-07,Lithium-Batterie,Batterie,Speicher,SSE987386884250,215.000
SEE918434186866,25126-25127-Rehmerloher Straße 281,ABR902241786029,In Betrieb,Deutschland,Nordrhein-Westfalen,Herford,Kirchlengern,32278,Kirchlengern,Rehmerloher Straße,281,8.678832,52.237495,250.000,250.000,2026-03-19,,2026-03-18,Lithium-Batterie,Batterie,Speicher,SSE961731283196,578.000
SEE981191406416,SP-Anlage 01-2026,ABR951471135916,In Betrieb,Deutschland,Baden-Württemberg,Neckar-Odenwald-Kreis,Osterburken,74706,Osterburken,Alte Römerstraße,8,9.430775,49.416796,110.000,110.000,2026-03-19,,2026-01-30,Lithium-Batterie,Batterie,Speicher,SSE940174095313,253.260
SEE958823668320,Kemmler Solar ACM-339 Speicher,ABR956512433167,In Betrieb,Deutschland,Baden-Württemberg,Rems-Murr-Kreis,Fellbach,70736,Fellbach,Dieselstraße,15,9.254028,48.841122,125.000,125.000,2026-03-20,,2026-01-28,Lithium-Batterie,Batterie,Speicher,SSE920431538555,261.000
SEE948200596537,Batteriespeicher Tann,ABR980899728127,In Betrieb,Deutschland,Bayern,Rottal-Inn,Tann,84367,Tann,Lagerhausstraße,,12.886705,48.323890,6624.000,6624.000,2026-04-29,,2026-04-27,Sonstige Batterie,Batterie,Speicher,SSE945226554435,14400.000
SEE952149192521,HBK Firmensitz Hauptstandort Speicher,ABR917747936205,In Planung,Deutschland,Niedersachsen,Region Hannover,Burgwedel,30938,Burgwedel,Ehlbeek,16,9.844002,52.488241,150.000,150.000,2026-03-20,2026-08-03,,Lithium-Batterie,Batterie,Speicher,SSE903356947152,597.000
SEE910345719737,Wunsiedel Holenbrunn Ost PV-Park,ABR919017057450,In Betrieb,Deutschland,Bayern,Wunsiedel i. Fichtelgebirge,Wunsiedel,95632,Wunsiedel,Bahnhofstraße,,12.030561,50.051942,8900.000,8900.000,2026-03-23,,2025-12-03,Lithium-Batterie,Batterie,Speicher,SSE913342768227,17880.000
SEE989226019679,25129-251211 -Nordbanhstr. 110,ABR902241786029,In Betrieb,Deutschland,Nordrhein-Westfalen,Herford,Löhne,32584,Löhne,Nordbahnstraße,110,8.775841,52.202135,250.000,250.000,2026-03-23,,2026-03-18,Lithium-Batterie,Batterie,Speicher,SSE936386505986,578.000
SEE904122885036,"Stromspeicher Uni Passau Campus 2574,75 kWp",ABR947623842023,In Betrieb,Deutschland,Bayern,Passau,Passau,94032,Passau,Innstraße,41,13.449553,48.566558,704.000,704.000,2026-03-23,,2026-03-19,Lithium-Batterie,Batterie,Speicher,SSE954635363569,704.000
SEE975247990820,BESS Wertheim,ABR902592972270,In Planung,Deutschland,Baden-Württemberg,Main-Tauber-Kreis,Wertheim,97877,Wertheim,Neue Vockenroter Steige,103,9.499656,49.750093,15500.000,15500.000,2026-03-23,2026-09-02,,Lithium-Batterie,Batterie,Speicher,SSE973151099486,40120.000
SEE984750414365,BESS Heselstücken,ABR962610891891,In Betrieb,Deutschland,Hamburg,Hamburg,Hamburg,22453,Hamburg,Heselstücken,17,9.996648,53.616047,2195.000,2195.000,2026-03-23,,2026-03-26,Lithium-Batterie,Batterie,Speicher,SSE959350766732,5000.000
SEE902456970633,Coburg - Netto Callenbergerstraße,ABR982873533390,In Betrieb,Deutschland,Bayern,Coburg,Coburg,96450,Coburg,Callenberger Straße,42 a,10.953020,50.270160,436.000,436.000,2026-03-23,,2026-03-17,Lithium-Batterie,Batterie,Speicher,SSE905747165299,436.000
SEE957868942778,Berlin Hellersdorf - La Festa,ABR982873533390,In Betrieb,Deutschland,Berlin,Berlin,Berlin,12621,Berlin,Gülzower Straße,34,13.584617,52.515020,436.000,436.000,2026-03-23,,2026-03-13,Lithium-Batterie,Batterie,Speicher,SSE967191623930,436.000
SEE983359305999,Stromspeicher Neu Dach Hauptstelle,ABR995357645847,In Betrieb,Deutschland,Baden-Württemberg,Konstanz,Reichenau,78479,Reichenau,Abt-Berno-Straße,1,9.060456,47.697859,120.000,120.000,2026-03-30,,2026-03-30,Lithium-Batterie,Batterie,Speicher,SSE988728381772,153.000
SEE900288873931,BESS Tirpersdorf,ABR965074943014,In Planung,Deutschland,Sachsen,Vogtlandkreis,Tirpersdorf,08606,Tirpersdorf,,,12.194504,50.437703,17250.000,17250.000,2026-03-24,2026-05-31,,Lithium-Batterie,Batterie,Speicher,SSE927714961024,50150.000
SEE949655786481,BESS Werdau,ABR928941149414,In Planung,Deutschland,Sachsen,Zwickau,Werdau,08412,Werdau,,,12.377020,50.714565,10100.000,9200.000,2026-03-24,2026-08-07,,Lithium-Batterie,Batterie,Speicher,SSE902025220893,20000.000
SEE996447760945,Batteriespeicher Schotterwerk Beuerlein Aub,ABR918067517853,In Betrieb,Deutschland,Bayern,Würzburg,Aub,97239,Aub,Katzengraben,6,10.054215,49.553018,500.000,500.000,2026-04-08,,2026-03-31,Lithium-Batterie,Batterie,Speicher,SSE940785880391,1075.000
SEE970166515192,Speicher Seine Ahle 215 kW,ABR958460137517,In Betrieb,Deutschland,Nordrhein-Westfalen,Borken,Heek,48619,Heek,Ahle,131,7.048172,52.091888,215.000,50.000,2026-03-25,,2026-01-20,Lithium-Batterie,Batterie,Speicher,SSE984064983205,193.500
SEE989219799670,Dussmann Bischofsmais Speicher,ABR989576378938,In Betrieb,Deutschland,Bayern,Regen,Bischofsmais,94253,Bischofsmais,Gewerbepark,5,13.095197,48.903232,120.000,120.000,2026-03-26,,2026-03-18,Lithium-Batterie,Batterie,Speicher,SSE994875799100,200.000
SEE915254548614,RCT CESS200,ABR937979267236,In Betrieb,Deutschland,Baden-Württemberg,Rastatt,Rastatt,76437,Rastatt,Riederhof,1,8.179481,48.853165,100.000,100.000,2026-04-20,,2026-03-30,Lithium-Batterie,Batterie,Speicher,SSE976329159005,233.000
SEE924647815943,Speicher Bottendorf,ABR915202882586,In Betrieb,Deutschland,Thüringen,Kyffhäuserkreis,Roßleben-Wiehe,06571,Roßleben-Wiehe,Untere Dorfstraße,5,11.404290,51.302160,108.000,108.000,2026-03-26,,2026-03-02,Lithium-Batterie,Batterie,Speicher,SSE907108920806,215.000
SEE901330056036,Batterie_2021,ABR924976522963,In Betrieb,Deutschland,Bayern,Unterallgäu,Tussenhausen,86874,Tussenhausen,Hausener Straße,101,10.521324,48.122033,120.000,120.000,2026-03-26,,2021-05-06,Lithium-Batterie,Batterie,Speicher,SSE961735535246,307.000
SEE941769985330,Speicher,ABR933374389849,In Betrieb,Deutschland,Nordrhein-Westfalen,Wesel,Hamminkeln,46499,Hamminkeln,Stockum,2,6.634646,51.752769,108.000,108.000,2026-04-13,,2026-03-03,Lithium-Batterie,Batterie,Speicher,SSE941076673548,215.000
SEE938010889141,Speicher Industrial L,ABR992805785520,In Planung,Deutschland,Brandenburg,Teltow-Fläming,Dahme/Mark,15936,Dahme,,,13.360300,51.953320,736.000,736.000,2026-03-27,2026-10-28,,Nickel-Cadmium- / Nickel-Metallhydridbatterie,Batterie,Speicher,SSE942522773003,1288.000
SEE974972238993,Batteriespeicher Knetzgau,ABR954720125034,In Planung,Deutschland,Bayern,Haßberge,Knetzgau,97478,Knetzgau,,,10.554468,49.977452,20000.000,20000.000,2026-03-28,2026-08-03,,Lithium-Batterie,Batterie,Speicher,SSE906812302861,45860.000
SEE918570270337,Batterie 100KW,ABR916731414323,In Betrieb,Deutschland,Nordrhein-Westfalen,Soest,Warstein,59581,Warstein,Sauerlandstraße,9,8.222488,51.480025,100.000,50.000,2026-03-29,,2026-03-25,Lithium-Batterie,Batterie,Speicher,SSE992480337601,100.000
SEE919510927632,Garten,ABR978272653678,In Betrieb,Deutschland,Brandenburg,Dahme-Spreewald,Rietzneuendorf-Staakow,15910,Rietzneuendorf-Staakow,Dorfstraße,55,13.696058,52.031143,200.000,150.000,2026-03-29,,2026-03-29,Blei-Batterie,Batterie,Speicher,SSE945378822253,75.000
SEE969387029670,Fox 200 kwh,ABR947231233954,In Betrieb,Deutschland,Bayern,Lindau (Bodensee),Hergatz,88145,Hergatz,Edelitz,1  1/2,9.903852,47.653949,100.000,100.000,2026-03-29,,2026-01-30,Lithium-Batterie,Batterie,Speicher,SSE985562980611,200.000
SEE998104599486,Batteriespeicher Holzkirchen,ABR990512880934,In Planung,Deutschland,Bayern,Miesbach,Holzkirchen,83607,Holzkirchen,,,11.691359,47.865972,20000.000,20000.000,2026-03-29,2026-10-05,,Lithium-Batterie,Batterie,Speicher,SSE934454280148,45000.000
SEE997910012318,BESS - PFP,ABR998326944620,In Planung,Deutschland,Bayern,Neu-Ulm,Illertissen,89257,Illertissen,Josef-Henle-Straße,12,10.107823,48.235143,4800.000,4800.000,2026-03-30,2027-12-31,,Lithium-Batterie,Batterie,Speicher,SSE965518952510,10030.000
SEE917680098909,Speicher Franziskusweg,ABR967676981814,In Betrieb,Deutschland,Bayern,Weilheim-Schongau,Weilheim i. OB,82362,Weilheim,Ettaler Straße,1,11.130025,47.826360,3440.000,3440.000,2026-04-24,,2025-12-28,Lithium-Batterie,Batterie,Speicher,SSE969849796928,6880.000
SEE964977566184,Max-Volmer-Str. 16-20,ABR905594813626,In Planung,Deutschland,Nordrhein-Westfalen,Mettmann,Hilden,40724,Hilden,Max-Volmer-Straße,16,6.980670,51.171194,276.000,276.000,2026-03-30,2026-04-30,,Lithium-Batterie,Batterie,Speicher,SSE928871704905,1080.000
SEE970552005375,Batterie neu 2,ABR974820348720,In Betrieb,Deutschland,Sachsen,Bautzen,Göda,02633,Göda,Liebon,1,14.282914,51.211499,125.000,125.000,2026-03-30,,2025-09-15,Lithium-Batterie,Batterie,Speicher,SSE980786384443,261.000
SEE900793187943,BESS-Anlage Energiepark Egestorf,ABR989176638470,In Planung,Deutschland,Niedersachsen,Harburg,Egestorf,21272,Egestorf,An der Bahn,,10.070732,53.181340,5200.000,5200.000,2026-03-30,2027-01-04,,Lithium-Batterie,Batterie,Speicher,SSE951216495473,10855.000
SEE982854441447,Speicher,ABR984596884230,In Betrieb,Deutschland,Sachsen-Anhalt,Salzlandkreis,Staßfurt,39443,Staßfurt,An den Pappeln,4,11.613624,51.922407,108.000,108.000,2026-03-30,,2026-03-26,Lithium-Batterie,Batterie,Speicher,SSE907407611900,215.000
SEE959305800351,Speicher-2026,ABR950262617501,In Betrieb,Deutschland,Niedersachsen,Osnabrück,Nortrup,49638,Nortrup,Mittelstraße,22,7.871578,52.608295,100.000,100.000,2026-03-31,,2026-03-11,Lithium-Batterie,Batterie,Speicher,SSE995786958365,224.000
SEE963625294585,Bittinger Str. 4,ABR946327532452,In Betrieb,Deutschland,Nordrhein-Westfalen,Soest,Möhnesee,59519,Möhnesee,Bittinger Straße,4,8.044752,51.520675,233.000,100.000,2026-03-31,,2025-12-12,Lithium-Batterie,Batterie,Speicher,SSE907175491674,217.900
SEE963537340127,BESS Leuna 3,ABR940228980657,In Betrieb,Deutschland,Sachsen-Anhalt,Saalekreis,Merseburg,06217,Merseburg,,,11.967900,51.306218,50940.000,46332.000,2026-06-09,,2026-06-01,Lithium-Batterie,Batterie,Speicher,SSE949783632520,101592.000
SEE969468708715,BESS Leuna 4,ABR942699376991,In Betrieb,Deutschland,Sachsen-Anhalt,Saalekreis,Merseburg,06217,Merseburg,,,11.967667,51.306735,50940.000,46332.000,2026-06-09,,2026-06-04,Lithium-Batterie,Batterie,Speicher,SSE925501148405,101592.000
SEE921869198069,Stromspeicher 2 - Bad Orb,ABR924410946720,In Betrieb,Deutschland,Hessen,Main-Kinzig-Kreis,Wächtersbach,63607,Wächtersbach,,,9.307716,50.243715,8944.000,8944.000,2026-07-22,,2026-07-10,Lithium-Batterie,Batterie,Speicher,SSE986146801193,17888.000
SEE902978775358,Speicher Kulmesweg 8,ABR952900936821,In Betrieb,Deutschland,Nordrhein-Westfalen,Kleve,Straelen,47638,Straelen,Kulmesweg,8,6.289717,51.428214,269.700,269.700,2026-05-22,,2026-04-25,Lithium-Batterie,Batterie,Speicher,SSE957170798674,552.000
SEE936999514733,Speicher SE Solutions Neubeckumer Straße,ABR971065534703,In Betrieb,Deutschland,Nordrhein-Westfalen,Warendorf,Beckum,59269,Beckum,Neubeckumer Straße,65,8.039446,51.767486,110.000,110.000,2026-03-31,,2026-03-31,Lithium-Batterie,Batterie,Speicher,SSE907857433763,225.000
SEE975222107571,BESS Kahsel,ABR986258318664,In Planung,Deutschland,Brandenburg,Spree-Neiße,Neuhausen/Spree,03058,Neuhausen,,,14.458422,51.648451,32200.000,32200.000,2026-03-31,2026-08-31,,Lithium-Batterie,Batterie,Speicher,SSE959708972198,70210.000
SEE922566296522,Speicher,ABR921920232183,In Betrieb,Deutschland,Baden-Württemberg,Ravensburg,Aulendorf,88326,Aulendorf,Bruckstraße,25,9.648879,47.941379,280.000,280.000,2026-03-31,,2026-03-03,Lithium-Batterie,Batterie,Speicher,SSE979039068001,1044.000
SEE914084443298,Speicher Hölze,ABR998066252566,In Planung,Deutschland,Niedersachsen,Emsland,Papenburg,26871,Aschendorf,Hölze,5,7.328798,53.040033,184.000,184.000,2026-03-31,2026-07-31,,Lithium-Batterie,Batterie,Speicher,SSE920375424976,368.000
SEE931704712701,BESS Balzhausen 2 green flexibility,ABR928374642575,In Betrieb,Deutschland,Bayern,Günzburg,Balzhausen,86483,Balzhausen,,,10.492031,48.251460,38300.000,38300.000,2026-05-07,,2026-04-27,Lithium-Batterie,Batterie,Speicher,SSE987799966307,83400.000
SEE989719525717,Tesvolt Metjendorfer Str. 210,ABR965585399324,In Betrieb,Deutschland,Niedersachsen,Ammerland,Rastede,26180,Rastede,Metjendorfer Straße,210,8.182964,53.222465,184.000,184.000,2026-05-05,,2026-04-29,Lithium-Batterie,Batterie,Speicher,SSE900489181064,368.000
SEE998771698055,Speicher Rouen Kamp,ABR995836534150,In Planung,Deutschland,Niedersachsen,Vechta,Steinfeld (Oldenburg),49439,Steinfeld,Rouen Kamp,7,8.181971,52.576948,1000.000,1000.000,2026-04-01,2026-06-20,,Lithium-Batterie,Batterie,Speicher,SSE941557568363,2000.000
SEE997158781724,Speicher Klünenberg,ABR995836534150,In Planung,Deutschland,Niedersachsen,Vechta,Damme,49401,Damme,Klünenberg,15,8.274038,52.548261,500.000,500.000,2026-04-01,2026-06-19,,Lithium-Batterie,Batterie,Speicher,SSE962487972990,1000.000
SEE942281943860,Logistikcenter,ABR903164598447,In Betrieb,Deutschland,Bayern,Ostallgäu,Buchloe,86807,Buchloe,Ferdinand-Porsche-Straße,19,10.709866,48.046571,180.000,180.000,2026-04-01,,2026-03-18,Sonstige Batterie,Batterie,Speicher,SSE903709776187,338.000
SEE986105573451,Batteriespeicher Ebersburg 2026,ABR987487551815,In Planung,Deutschland,Hessen,Fulda,Ebersburg,36157,Ebersburg,Mittbach,22,9.792599,50.459509,125.000,125.000,2026-04-02,2026-08-03,,Lithium-Batterie,Batterie,Speicher,SSE940673420227,257.000
SEE950496580978,Stromspeicher,ABR985060187192,In Planung,Deutschland,Baden-Württemberg,Ludwigsburg,Kornwestheim,70806,Kornwestheim,Heumahden,7,9.157778,48.866067,375.000,375.000,2026-04-03,2026-07-01,,Lithium-Batterie,Batterie,Speicher,SSE923213400286,765.000
SEE955999318707,Batteriespeicher,ABR994105158967,In Betrieb,Deutschland,Sachsen,Nordsachsen,Torgau,04860,Torgau,,,,,100.000,15.000,2026-04-07,,2026-01-06,Lithium-Batterie,Batterie,Speicher,SSE980736634734,30.600
SEE988248562248,Speicher 4,ABR984171514842,In Betrieb,Deutschland,Schleswig-Holstein,Pinneberg,Elmshorn,25335,Elmshorn,,,,,190.000,6.500,2026-04-07,,2026-03-10,Sonstige Batterie,Batterie,Speicher,SSE927465269929,5.900
SEE962056982726,Speicher KW,ABR959718582561,In Planung,Deutschland,Baden-Württemberg,Biberach,Riedlingen,88499,Riedlingen,Bonhalde,,9.484063,48.137215,250.000,250.000,2026-04-07,2026-08-31,,Lithium-Batterie,Batterie,Speicher,SSE967931334157,516.000
SEE917839734856,BESS Alfdorf 5.015 kWh,ABR999577531690,In Planung,Deutschland,Baden-Württemberg,Rems-Murr-Kreis,Alfdorf,73553,Alfdorf,,,9.718388,48.912492,2556.000,2508.000,2026-04-07,2027-06-15,,Lithium-Batterie,Batterie,Speicher,SSE957381096477,5016.000
SEE912729614430,Hack Immobilien GmbH ＆ Co.KG,ABR913764435929,In Betrieb,Deutschland,Niedersachsen,Diepholz,Stuhr,28816,Stuhr,Charlotte-Auerbach-Straße,18,8.770830,52.996951,125.000,125.000,2026-04-07,,2026-03-30,Lithium-Batterie,Batterie,Speicher,SSE924048537444,300.000
SEE981231217729,Speicher Schulz SoMa,ABR994160595547,In Planung,Deutschland,Bremen,Bremen,Bremen,28309,Bremen,Johann-von-Bodeck-Straße,5,8.890796,53.032942,108.000,100.000,2026-04-08,2026-05-01,,Lithium-Batterie,Batterie,Speicher,SSE944563760219,215.000
SEE928917927275,Trading-BESS JSS2,ABR971164213813,In Planung,Deutschland,Bayern,München,Brunnthal,85649,Brunnthal,,,11.670208,48.031020,3000.000,3000.000,2026-04-08,2026-06-03,,Lithium-Batterie,Batterie,Speicher,SSE959708714545,6096.000
SEE936991827510,PV-Speicher LUNA2000 (Speicher 2.1),ABR992209465424,In Betrieb,Deutschland,Baden-Württemberg,Tuttlingen,Fridingen an der Donau,78567,Fridingen,Dr.-Werner-Esser-Str.,1,8.940557,48.039386,2236.000,2236.000,2026-04-08,,2026-03-10,Lithium-Batterie,Batterie,Speicher,SSE905576360230,4472.000
SEE912072613890,BEE - BESS Holdorf,ABR900643917003,In Planung,Deutschland,Niedersachsen,Vechta,Holdorf,49451,Holdorf,,,8.107776,52.577110,3026.000,3026.000,2026-04-09,2028-04-30,,Lithium-Batterie,Batterie,Speicher,SSE942244916559,6597.000
SEE998886855763,5 MW Batteriespeicher,ABR905180285950,In Planung,Deutschland,Sachsen-Anhalt,Stendal,Tangermünde,39590,Tangermünde,Langensalzwedeler Weg,3,11.971206,52.563897,5000.000,5000.000,2026-04-09,2026-12-19,,Lithium-Batterie,Batterie,Speicher,SSE971881725569,5000.000
SEE976804994770,20 MW Batteriespeicher,ABR905180285950,In Planung,Deutschland,Sachsen-Anhalt,Stendal,Arneburg,39596,Arneburg,Goldbecker Straße,27,11.997910,52.724658,20000.000,20000.000,2026-04-09,2026-11-28,,Lithium-Batterie,Batterie,Speicher,SSE944226710360,20000.000
SEE926988997234,Stromspeicher,ABR904076633660,In Betrieb,Deutschland,Nordrhein-Westfalen,Steinfurt,Rheine,48432,Rheine,Offenbergweg,17,7.452405,52.319964,220.000,220.000,2026-04-09,,2026-03-11,Lithium-Batterie,Batterie,Speicher,SSE983030835845,450.000
SEE991029087809,Batterie Adrian Stoop Str 50,ABR995384210698,In Betrieb,Deutschland,Bayern,Miesbach,Bad Wiessee,83707,Bad Wiessee,Adrian-Stoop-Straße,50,11.725017,47.719322,800.000,500.000,2026-07-18,,2026-06-15,Lithium-Batterie,Batterie,Speicher,SSE909497767659,1004.000
SEE933111553182,Batteriespeicher Privatbrauerei Schweiger,ABR964364817424,In Betrieb,Deutschland,Bayern,Ebersberg,Markt Schwaben,85570,Markt Schwaben,Ebersberger Straße,26,11.868177,48.187515,200.000,100.000,2026-04-14,,2025-12-19,Lithium-Batterie,Batterie,Speicher,SSE935193808426,430.000
SEE956142822218,Gewerbespeicher,ABR946563601431,In Betrieb,Deutschland,Nordrhein-Westfalen,Wesel,Sonsbeck,47665,Sonsbeck,Marienbaumer Straße,158,6.372248,51.659239,108.000,108.000,2026-04-10,,2026-03-17,Lithium-Batterie,Batterie,Speicher,SSE950946254596,215.000
SEE925317103308,Speicher / Langenselbold,ABR924410946720,In Planung,Deutschland,Hessen,Main-Kinzig-Kreis,Langenselbold,63505,Langenselbold,,,9.054192,50.175195,2500.000,2500.000,2026-04-10,2027-04-01,,Lithium-Batterie,Batterie,Speicher,SSE963423452477,5015.000
SEE960623825308,GA-Gilching PV,ABR944783305603,In Betrieb,Deutschland,Bayern,Starnberg,Gilching,82205,Gilching,Kosthofstraße,32,11.295338,48.093858,106.000,106.000,2026-04-13,,2026-04-08,Lithium-Batterie,Batterie,Speicher,SSE976937548055,430.000
SEE926100902320,Speicher Schulz SoMa 2,ABR994160595547,In Planung,Deutschland,Bremen,Bremen,Bremen,28309,Bremen,Johann-von-Bodeck-Straße,5,8.890796,53.032942,108.000,100.000,2026-04-13,2026-05-01,,Lithium-Batterie,Batterie,Speicher,SSE927805139462,215.000
SEE926576187153,Speicher PV Kläranlage,ABR919337590354,In Betrieb,Deutschland,Bayern,Landsberg am Lech,Apfeldorf,86974,Apfeldorf,Kinsauer Straße,20,10.926121,47.885914,200.000,61.000,2026-06-01,,2026-05-15,Sonstige Batterie,Batterie,Speicher,SSE909900457306,60.000
SEE903598070403,Frischebrüder Speicher,ABR943313918344,In Betrieb,Deutschland,Baden-Württemberg,Freiburg im Breisgau,Freiburg im Breisgau,79108,Freiburg,Stübeweg,53,7.850061,48.027131,100.000,100.000,2026-04-13,,2026-04-02,Lithium-Batterie,Batterie,Speicher,SSE987761442655,232.000
SEE996526382686,PN250 | Büchel | ABAO Energy,ABR952132848244,In Planung,Deutschland,Baden-Württemberg,Bodenseekreis,Tettnang,88069,Tettnang,,,9.611945,47.672414,125.000,125.000,2026-04-13,2026-06-30,,Lithium-Batterie,Batterie,Speicher,SSE963106594029,522.000
SEE905926943007,Großspeicher,ABR995583102756,In Betrieb,Deutschland,Baden-Württemberg,Biberach,Berkheim,88450,Berkheim,Robert-Bosch-Straße,8,10.078645,48.048827,184.000,184.000,2026-04-21,,2025-10-01,Lithium-Batterie,Batterie,Speicher,SSE928440207448,360.000
SEE945982894516,Wilhelmshaven - Netto Ernst Barlach Straße,ABR982873533390,In Betrieb,Deutschland,Niedersachsen,Wilhelmshaven,Wilhelmshaven,26389,Wilhelmshaven,Ernst-Barlach-Straße,22,8.063950,53.527370,436.000,436.000,2026-04-13,,2026-03-31,Lithium-Batterie,Batterie,Speicher,SSE906010404084,436.000
SEE985367414465,BESS Schmäinghook 53,ABR942092282059,In Planung,Deutschland,Nordrhein-Westfalen,Borken,Ahaus,48683,Ahaus,Schmäinghook,53,6.908004,52.119378,125.000,125.000,2026-04-13,2026-05-01,,Lithium-Batterie,Batterie,Speicher,SSE926044724118,261.000
SEE928179619154,ESS-258kLA-SA1,ABR997977740155,In Betrieb,Deutschland,Baden-Württemberg,Rottweil,Rottweil,78628,Rottweil,Rheinwaldstraße,34,8.642846,48.142361,125.000,110.000,2026-04-14,,2026-01-16,Lithium-Batterie,Batterie,Speicher,SSE927068656195,258.000
SEE999046238778,NS_02_158_318_Dentenweiler,ABR994862223465,In Betrieb,Deutschland,Baden-Württemberg,Bodenseekreis,Tettnang,88069,Tettnang,Dentenweiler,2,9.681173,47.610535,158.000,158.000,2026-06-17,,2026-05-21,Lithium-Batterie,Batterie,Speicher,SSE971758291449,300.000
SEE903925095949,BESS Wetzen,ABR914788743809,In Planung,Deutschland,Niedersachsen,Lüneburg,Oldendorf (Luhe),21385,Oldendorf,Am Altenberg,,10.245877,53.167786,56406.000,56406.000,2026-04-14,2026-08-30,,Lithium-Batterie,Batterie,Speicher,SSE937585617203,112000.000
SEE902677665356,trlyr 10,ABR997169880331,In Planung,Deutschland,Niedersachsen,Osnabrück,Badbergen,49635,Badbergen,,,7.957650,52.629903,6000.000,6000.000,2026-04-14,2026-06-05,,Lithium-Batterie,Batterie,Speicher,SSE928168307642,13790.000
SEE978745540207,Growatt,ABR971046677573,In Betrieb,Deutschland,Baden-Württemberg,Rastatt,Gaggenau,76571,Gaggenau,Theodor-Bergmann-Straße,1,8.317880,48.806152,153.600,50.000,2026-04-14,,2026-04-10,Lithium-Batterie,Batterie,Speicher,SSE910070530041,15.000
SEE993165942554,Speicher-Stemmen468,ABR924556367991,In Planung,Deutschland,Niedersachsen,Rotenburg (Wümme),Stemmen,27389,Stemmen,Lindenstraße,39,9.555205,53.229920,216.000,216.000,2026-04-14,2026-07-31,,Lithium-Batterie,Batterie,Speicher,SSE999899514593,430.000
SEE981872977921,Anker Solix,ABR911810088822,In Betrieb,Deutschland,Bayern,Donau-Ries,Donauwörth,86609,Donauwörth,,,,,100.000,2.700,2026-04-14,,2026-04-14,Lithium-Batterie,Batterie,Speicher,SSE904890542889,2.700
SEE984352496806,PV Anlage Wolf Nürnberg,ABR954613819613,In Betrieb,Deutschland,Bayern,Nürnberg,Nürnberg,90411,Nürnberg,Andernacher Straße,29,11.099817,49.491228,100.000,100.000,2026-04-14,,2025-12-01,Blei-Batterie,Batterie,Speicher,SSE937178871234,100.000
SEE952076517145,PV Halle 2,ABR964277931477,In Betrieb,Deutschland,Nordrhein-Westfalen,Mettmann,Ratingen,40882,Ratingen,Mauerweg,3,6.873263,51.284976,108.000,108.000,2026-04-15,,2026-05-05,Lithium-Batterie,Batterie,Speicher,SSE984967956955,215.000
SEE913280505540,PVA Lalendorf BESS Grau,ABR959749215858,In Planung,Deutschland,Mecklenburg-Vorpommern,Rostock,Lalendorf,18279,Lalendorf,Am Umformwerk,,12.403664,53.755248,6200.000,6200.000,2026-04-15,2026-06-15,,Lithium-Batterie,Batterie,Speicher,SSE957982858122,14707.000
SEE932306410743,2512103-2512134-Im Twehlen 31,ABR902241786029,In Betrieb,Deutschland,Nordrhein-Westfalen,Herford,Bünde,32257,Bünde,Im Twehlen,31,8.574339,52.218460,250.000,250.000,2026-04-15,,2026-04-10,Lithium-Batterie,Batterie,Speicher,SSE974946837429,522.000
SEE995462678518,251224-251225-Hartsiekerweg 152,ABR902241786029,In Betrieb,Deutschland,Nordrhein-Westfalen,Herford,Löhne,32584,Löhne,Hartsieker Weg,152,8.753552,52.173169,250.000,250.000,2026-04-15,,2026-04-09,Lithium-Batterie,Batterie,Speicher,SSE914213192882,578.000
SEE995236375193,Krumbacher Speditions GmbH - Stromspeicher,ABR958764188499,In Betrieb,Deutschland,Bayern,Günzburg,Krumbach (Schwaben),86381,Krumbach,Michael-Faist-Straße,19,10.356617,48.250595,736.000,92.000,2026-04-17,,2026-03-31,Lithium-Batterie,Batterie,Speicher,SSE993070284381,990.000
SEE996047699928,Batteriespeicher PV,ABR986924416885,In Planung,Deutschland,Baden-Württemberg,Hohenlohekreis,Neuenstein,74632,Neuenstein,Maybachstraße,5,9.586424,49.213153,250.000,250.000,2026-04-15,2026-10-01,,Lithium-Batterie,Batterie,Speicher,SSE987116074203,500.000
SEE998426695620,Trading Speicher Boschstr,ABR989911832262,In Betrieb,Deutschland,Niedersachsen,Heidekreis,Neuenkirchen,29643,Neuenkirchen,Boschstraße,10,9.687561,53.029058,184.000,184.000,2026-04-15,,2026-03-31,Lithium-Batterie,Batterie,Speicher,SSE906616487832,368.000
SEE942302009865,PV Anlage,ABR933809795757,In Betrieb,Deutschland,Hessen,Wiesbaden,Wiesbaden,55252,Mainz-Kastel,Steinern Straße,,8.291408,50.012587,500.000,500.000,2026-04-15,,2026-04-15,Lithium-Batterie,Batterie,Speicher,SSE933023398215,500.000
SEE998066521105,24203 SP Passow II Weisin Speicher,ABR977280905571,In Betrieb,Deutschland,Mecklenburg-Vorpommern,Ludwigslust-Parchim,Passow,19386,Passow,,,12.092280,53.515160,10224.000,10224.000,2026-07-01,,2026-05-06,Lithium-Batterie,Batterie,Speicher,SSE958423932999,17888.000
SEE963457499172,Speicher 2026,ABR905701373302,In Betrieb,Deutschland,Bayern,Mühldorf a. Inn,Unterreit,83567,Unterreit,Schlichting,1,12.404202,48.134287,276.000,276.000,2026-04-15,,2026-03-05,Lithium-Batterie,Batterie,Speicher,SSE952194103725,553.000
SEE968323470255,Voßnacker Str. 67,ABR934044232908,In Betrieb,Deutschland,Nordrhein-Westfalen,Mettmann,Velbert,42555,Velbert,Voßnacker Straße,67,7.100000,51.357347,108.000,100.000,2026-04-15,,2026-04-15,Lithium-Batterie,Batterie,Speicher,SSE912594820929,215.000
SEE901422714356,Speicher - 480 kWh,ABR926289793672,In Betrieb,Deutschland,Bayern,Coburg,Untersiemau,96253,Untersiemau,Bahnhofstraße,17,10.960417,50.195759,340.000,340.000,2026-04-15,,2025-10-19,Lithium-Batterie,Batterie,Speicher,SSE964516501935,480.000
SEE963460954484,Fenecon XL,ABR946081586777,In Betrieb,Deutschland,Nordrhein-Westfalen,Borken,Rhede,46414,Rhede,Enckhook,3,6.696363,51.797875,1500.000,1500.000,2026-04-16,,2026-04-16,Lithium-Batterie,Batterie,Speicher,SSE905852258183,4072.000
SEE913072031325,Beilrode - BESS - CoLocation 2,ABR903837623278,In Betrieb,Deutschland,Sachsen,Nordsachsen,Beilrode,04886,Beilrode,Am Dorfe,901,13.088320,51.573630,44720.000,44720.000,2026-06-01,,2026-06-01,Lithium-Batterie,Batterie,Speicher,SSE951341181449,89440.000
SEE987129678436,Beilrode - BESS - CoLocation 1,ABR903837623278,In Betrieb,Deutschland,Sachsen,Nordsachsen,Beilrode,04886,Beilrode,Falkenstruther Weg,999 Z,13.090410,51.573040,76024.000,76024.000,2026-07-20,,2026-07-14,Lithium-Batterie,Batterie,Speicher,SSE900801713669,152048.000
SEE907703367938,Heizhaus 1,ABR982612454924,In Betrieb,Deutschland,Bayern,Weißenburg-Gunzenhausen,Treuchtlingen,91757,Treuchtlingen,Mühlstraße,,10.531792,48.571970,122.880,50.000,2026-04-16,,2026-04-04,Lithium-Batterie,Batterie,Speicher,SSE975057129625,110.580
SEE925194571825,Dittigheim BESS,ABR994552034579,In Planung,Deutschland,Baden-Württemberg,Main-Tauber-Kreis,Tauberbischofsheim,97941,Tauberbischofsheim,,,9.666460,49.591720,10000.000,10000.000,2026-04-16,2027-06-01,,Lithium-Batterie,Batterie,Speicher,SSE904540074388,28269.000
SEE978334406730,Tiste BESS 2,ABR981012087725,In Planung,Deutschland,Niedersachsen,Rotenburg (Wümme),Tiste,27419,Tiste,Herwigshof,1,9.591700,53.297260,3800.000,3800.000,2026-04-17,2026-04-24,,Lithium-Batterie,Batterie,Speicher,SSE944765992401,8256.670
SEE947673951089,Batteriespeicher Gransee Nord,ABR962291061378,In Planung,Deutschland,Brandenburg,Oberhavel,Gransee,16775,Gransee,,,13.164792,52.990698,7000.000,7000.000,2026-04-17,2027-01-01,,Lithium-Batterie,Batterie,Speicher,SSE977179765910,14000.000
SEE996056393350,BESS Bokensdorf,ABR984948535117,In Planung,Deutschland,Niedersachsen,Gifhorn,Bokensdorf,38556,Bokensdorf,,,10.703167,52.463747,7500.000,7500.000,2026-04-21,2028-02-01,,Lithium-Batterie,Batterie,Speicher,SSE943094272543,30000.000
SEE936168777976,Batteriespeicher Lengerich,ABR935045748818,In Planung,Deutschland,Nordrhein-Westfalen,Steinfurt,Lengerich,49525,Lengerich,,,7.796510,52.191812,4200.000,4200.000,2026-04-17,2027-01-01,,Lithium-Batterie,Batterie,Speicher,SSE932780667916,8400.000
SEE921669679621,PVA 4 Kerschgens Neubau,ABR946902777162,In Betrieb,Deutschland,Nordrhein-Westfalen,Städteregion Aachen,Stolberg (Rhld.),52222,Stolberg,Steinbachstraße,38,6.204790,50.790150,900.000,900.000,2026-04-20,,2025-12-22,Lithium-Batterie,Batterie,Speicher,SSE976705166306,1800.000
SEE901847719103,BESS 2026,ABR907921597391,In Betrieb,Deutschland,Baden-Württemberg,Breisgau-Hochschwarzwald,Vogtsburg im Kaiserstuhl,79235,Vogtsburg,Badbergstraße,2,7.651607,48.094092,150.000,150.000,2026-04-20,,2026-03-20,Lithium-Batterie,Batterie,Speicher,SSE964983521559,372.000
SEE991864190474,Batteriespeicher PV Anlage Meuser Optik,ABR983741538851,In Betrieb,Deutschland,Hessen,Limburg-Weilburg,Villmar,65606,Villmar,Fürfurter Straße,105,8.253284,50.414234,175.000,170.000,2026-04-20,,2026-04-07,Lithium-Batterie,Batterie,Speicher,SSE932188881990,170.000
SEE923005437469,Batt218,ABR988640146862,In Betrieb,Deutschland,Brandenburg,Elbe-Elster,Herzberg (Elster),04916,Herzberg,An den Steinenden,3,13.227232,51.676477,109.000,109.000,2026-04-20,,2026-04-19,Lithium-Batterie,Batterie,Speicher,SSE911125009765,218.000
SEE975291632479,Speicher 2026,ABR907928241747,In Betrieb,Deutschland,Nordrhein-Westfalen,Wesel,Sonsbeck,47665,Sonsbeck,Stadtveener Straße,30,6.404500,51.598019,125.000,125.000,2026-04-20,,2026-04-16,Lithium-Batterie,Batterie,Speicher,SSE993634765417,261.000
SEE911826827330,Großspeicher Solarpark Walpenreuth,ABR921411392013,In Planung,Deutschland,Bayern,Hof,Zell im Fichtelgebirge,95239,Zell,,,11.792440,50.111100,2400.000,2400.000,2026-04-21,2027-01-01,,Lithium-Batterie,Batterie,Speicher,SSE981784026243,5000.000
SEE936100873810,Batteriespeicher Koppenlohe,ABR991735675833,In Planung,Deutschland,Bayern,Unterallgäu,Bad Grönenbach,87730,Bad Grönenbach,Darast,,10.219065,47.910324,4500.000,4500.000,2026-04-21,2027-08-01,,Lithium-Batterie,Batterie,Speicher,SSE922172061699,9000.000
SEE931531401762,BMW Batteriespeicher München Knorrstrasse FIZ,ABR929322061196,In Betrieb,Deutschland,Bayern,München,München,80807,München,Knorrstraße,,11.569299,48.195583,1800.000,1800.000,2026-04-21,,2026-01-07,Lithium-Batterie,Batterie,Speicher,SSE965881754308,1700.000
SEE974597605477,Stromspeicher 3312 kW,ABR940955371360,In Betrieb,Deutschland,Niedersachsen,Cloppenburg,Friesoythe,26169,Friesoythe,Friesoyther Straße,19,7.819648,52.993799,3312.000,3312.000,2026-05-07,,2026-04-20,Lithium-Batterie,Batterie,Speicher,SSE975414463584,6480.000
SEE993058679123,Solarkraftwerk Mitterteich Speicher,ABR987110730433,In Planung,Deutschland,Bayern,Tirschenreuth,Mitterteich,95666,Mitterteich,,,12.211056,49.948342,5300.000,5300.000,2026-04-21,2026-12-31,,Lithium-Batterie,Batterie,Speicher,SSE946654484936,15045.000
SEE934692429200,Batteriespeicher Wasserwerk Haßfurt,ABR921600705358,In Betrieb,Deutschland,Bayern,Haßberge,Haßfurt,97437,Haßfurt,Augsfelder Straße,6,10.526070,50.029293,1250.000,1250.000,2026-04-22,,2026-01-01,Lithium-Batterie,Batterie,Speicher,SSE985907293079,1400.000
SEE948707971585,Speicher Löhner Str.,ABR977275861110,In Betrieb,Deutschland,Nordrhein-Westfalen,Herford,Löhne,32584,Löhne,Löhner Straße,80,8.770587,52.202747,500.000,500.000,2026-04-22,,2026-04-21,Lithium-Batterie,Batterie,Speicher,SSE950430851836,1056.000
SEE923837465418,BESS Munningen-Laub Co-Located,ABR983702716991,In Planung,Deutschland,Bayern,Donau-Ries,Munningen,86754,Munningen,,,10.669300,48.914875,2890.000,2890.000,2026-04-22,2026-07-31,,Lithium-Batterie,Batterie,Speicher,SSE907879189679,7500.000
SEE927144435935,PV-Anlage Biberach Zellertsraße 12a Firma,ABR930915270239,In Betrieb,Deutschland,Baden-Württemberg,Ortenaukreis,Biberach,77781,Biberach,Zeller Straße,12 a,8.035345,48.336303,102.000,102.000,2026-04-22,,2026-04-22,Lithium-Batterie,Batterie,Speicher,SSE970113597646,96.000
SEE962493783009,Speicher Beratzhausen IV - P23-167,ABR929144908235,In Planung,Deutschland,Bayern,Regensburg,Beratzhausen,93176,Beratzhausen,,,11.777250,49.109971,2500.000,2500.000,2026-04-30,2028-12-01,,Lithium-Batterie,Batterie,Speicher,SSE944823584876,5000.000
SEE987573397112,Solarpark Wiedergeltingen Oberes Ried - BESS,ABR908758462890,In Planung,Deutschland,Bayern,Unterallgäu,Wiedergeltingen,86879,Wiedergeltingen,,,10.678492,48.029238,6667.000,6667.000,2026-04-22,2027-03-01,,Lithium-Batterie,Batterie,Speicher,SSE917952160198,20000.000
SEE956237176431,Speicher Uettingen III - P25-227,ABR924894282512,In Planung,Deutschland,Bayern,Würzburg,Uettingen,97292,Uettingen,,,9.740427,49.772536,1250.000,1250.000,2026-04-30,2028-12-01,,Lithium-Batterie,Batterie,Speicher,SSE932940568213,2500.000
SEE976741221045,Speicher Ingolstadt IX - P25-158,ABR919777837361,In Planung,Deutschland,Bayern,Ingolstadt,Ingolstadt,85053,Ingolstadt,,,11.471474,48.730423,400.000,400.000,2026-04-30,2028-12-01,,Lithium-Batterie,Batterie,Speicher,SSE942182897095,800.000
SEE923584556827,Speicher Reichertshofen XXI - P26-016,ABR941182821482,In Planung,Deutschland,Bayern,Pfaffenhofen a.d. Ilm,Reichertshofen,85084,Reichertshofen,,,11.505303,48.677864,2500.000,2500.000,2026-04-30,2028-12-01,,Lithium-Batterie,Batterie,Speicher,SSE930172933380,5000.000
SEE985069798368,Speicher Baar-Ebenhausen V - P25-029,ABR936048173829,In Planung,Deutschland,Bayern,Pfaffenhofen a.d. Ilm,Baar-Ebenhausen,85107,Baar-Ebenhausen,,,11.495559,48.693966,2500.000,2500.000,2026-04-30,2028-12-01,,Lithium-Batterie,Batterie,Speicher,SSE981408580472,5000.000
SEE930371913817,Graustromspeicher 1250 KW,ABR933203256625,In Planung,Deutschland,Niedersachsen,Celle,Bergen,29303,Bergen,,,9.907792,52.858529,1250.000,1250.000,2026-04-22,2026-06-01,,Lithium-Batterie,Batterie,Speicher,SSE981288289113,2500.000
SEE923479659596,Speicher Lenting X - P25-207,ABR915397227261,In Planung,Deutschland,Bayern,Eichstätt,Lenting,85101,Lenting,,,11.462522,48.801232,1250.000,1250.000,2026-04-30,2028-12-01,,Lithium-Batterie,Batterie,Speicher,SSE984010066457,2500.000
SEE980841939885,Speicher Waldegg,ABR942632853961,In Betrieb,Deutschland,Bayern,Unterallgäu,Bad Grönenbach,87730,Bad Grönenbach,Waldegg,1,10.237779,47.869976,1000.000,1000.000,2026-04-23,,2026-03-20,Lithium-Batterie,Batterie,Speicher,SSE949073988009,2000.000
SEE951196978898,PV Kläranlage Speicher,ABR961341801780,In Betrieb,Deutschland,Sachsen,Görlitz,Bad Muskau,02953,Bad Muskau,Dubrauer Weg,6,14.701745,51.566156,110.000,110.000,2026-04-23,,2026-04-21,Lithium-Batterie,Batterie,Speicher,SSE924537492742,144.000
SEE969919161632,Speicher Seckach V - P26-042,ABR927019975917,In Planung,Deutschland,Baden-Württemberg,Neckar-Odenwald-Kreis,Seckach,74743,Seckach,,,9.309782,49.435570,2500.000,2500.000,2026-04-30,2028-12-01,,Lithium-Batterie,Batterie,Speicher,SSE929107155645,5000.000
SEE968450339340,green flexibility BESS Ennigerloh GmbH,ABR972562919970,In Betrieb,Deutschland,Nordrhein-Westfalen,Warendorf,Ennigerloh,59320,Ennigerloh,Hoher Weg,,8.021510,51.849582,13800.000,10000.000,2026-08-04,,2026-08-03,Lithium-Batterie,Batterie,Speicher,SSE961756515210,9900.000
SEE982407643502,PV Anlage Homebox Bremen,ABR976067044021,In Betrieb,Deutschland,Bremen,Bremen,Bremen,28207,Bremen,Pfalzburger Straße,71,8.873959,53.062225,120.000,110.000,2026-04-24,,2026-04-24,Lithium-Batterie,Batterie,Speicher,SSE967959328046,225.000
SEE937263809555,BESS Oberpfalz I,ABR966119962717,In Betrieb,Deutschland,Bayern,Neustadt a.d. Waldnaab,Kirchendemenreuth,92665,Kirchendemenreuth,Püllersreuth,23,12.126423,49.790452,220.000,220.000,2026-04-24,,2026-04-23,Lithium-Batterie,Batterie,Speicher,SSE950966799626,450.000
SEE971484656130,Solarpark Erkheim Auenweg - BESS,ABR998333997275,In Planung,Deutschland,Bayern,Unterallgäu,Erkheim,87746,Erkheim,,,10.350446,48.038505,1000.000,1000.000,2026-04-24,2027-03-01,,Lithium-Batterie,Batterie,Speicher,SSE926914647639,2000.000
SEE909626118369,Speicher Rottendorf III - P26-046,ABR931104655592,In Planung,Deutschland,Bayern,Würzburg,Rottendorf,97228,Rottendorf,,,10.038928,49.800634,3750.000,3750.000,2026-04-30,2028-12-01,,Lithium-Batterie,Batterie,Speicher,SSE910045661398,7500.000
SEE981161409263,Speicher Leinach - P25-184,ABR912332889423,In Planung,Deutschland,Bayern,Würzburg,Leinach,97274,Leinach,,,9.801791,49.875560,1250.000,1250.000,2026-04-30,2028-12-01,,Lithium-Batterie,Batterie,Speicher,SSE996730165075,2500.000
SEE940188024033,251232-251219-Habighorsterweg 246,ABR902241786029,In Betrieb,Deutschland,Nordrhein-Westfalen,Herford,Bünde,32257,Bünde,Habighorster Weg,246,8.561492,52.228765,250.000,250.000,2026-04-26,,2026-04-20,Lithium-Batterie,Batterie,Speicher,SSE931215485927,578.000
SEE934240114695,HKW - Batteriespeicher,ABR946577317328,In Planung,Deutschland,Nordrhein-Westfalen,Viersen,Kempen,47906,Kempen,Otto-Schott-Straße,4,6.417201,51.375775,2500.000,2500.000,2026-04-27,2026-06-30,,Lithium-Batterie,Batterie,Speicher,SSE922836873651,5000.000
SEE982815141034,FTZ Friesack PV Carport Batteriespeicher,ABR991853598359,In Planung,Deutschland,Brandenburg,Havelland,Friesack,14662,Friesack,Berliner Allee,30,12.580950,52.730551,253.260,240.000,2026-04-27,2026-09-30,,Lithium-Batterie,Batterie,Speicher,SSE918472598010,253.260
SEE982493082339,"Unterm Ohmberg 23 2026 32,4 kWp 27 kVA",ABR956905179542,In Betrieb,Deutschland,Nordrhein-Westfalen,Hochsauerlandkreis,Marsberg,34431,Marsberg,Unterm Ohmberg,23,8.877391,51.478312,125.000,125.000,2026-04-27,,2026-04-03,Lithium-Batterie,Batterie,Speicher,SSE912068061964,261.000
SEE975389826964,wpd Batteriespeicher Lautlingen Nord,ABR967499921042,In Planung,Deutschland,Baden-Württemberg,Zollernalbkreis,Albstadt,72459,Albstadt,,,8.954788,48.205247,2500.000,2500.000,2026-04-27,2027-07-01,,Lithium-Batterie,Batterie,Speicher,SSE921585457853,5000.000
SEE952224745826,wpd Batteriespeicher Spechtritz,ABR942222286131,In Planung,Deutschland,Sachsen,Sächsische Schweiz-Osterzgebirge,Rabenau,01734,Rabenau,,,13.628817,50.950985,4000.000,4000.000,2026-04-27,2027-07-01,,Lithium-Batterie,Batterie,Speicher,SSE959794145544,8000.000
SEE997375335762,BESS Groß Kummerfeld Süd,ABR933776283783,In Planung,Deutschland,Schleswig-Holstein,Segeberg,Groß Kummerfeld,24626,Groß Kummerfeld,,,10.114843,54.017686,7000.000,7000.000,2026-04-27,2027-05-01,,Lithium-Batterie,Batterie,Speicher,SSE991237493478,14000.000
SEE927283631045,Speicher Rohrbach XV - P25-096,ABR922027917980,In Planung,Deutschland,Bayern,Pfaffenhofen a.d. Ilm,Rohrbach,85296,Rohrbach,,,11.526921,48.620661,1250.000,1250.000,2026-04-30,2028-12-01,,Lithium-Batterie,Batterie,Speicher,SSE928051551770,2500.000
SEE952992508883,Speicher Rottendorf II - P25-185,ABR930062959094,In Planung,Deutschland,Bayern,Würzburg,Rottendorf,97228,Rottendorf,,,10.045759,49.803200,1250.000,1250.000,2026-04-30,2028-12-01,,Lithium-Batterie,Batterie,Speicher,SSE914272772100,2500.000
SEE938806202598,BESS Haideck,ABR952883734254,In Planung,Deutschland,Bayern,Hof,Oberkotzau,95145,Oberkotzau,,,11.955010,50.251800,5147.000,5147.000,2026-04-27,2027-09-27,,Lithium-Batterie,Batterie,Speicher,SSE915210861283,10293.000
SEE986920461797,BESS Autengrün,ABR900384825988,In Planung,Deutschland,Bayern,Kulmbach,Rugendorf,95365,Rugendorf,,,11.911669,50.251404,6580.000,6580.000,2026-04-27,2027-09-20,,Lithium-Batterie,Batterie,Speicher,SSE914540539077,13160.000
SEE907494664452,Speicher Winterbach III - P22-260,ABR925922358452,In Planung,Deutschland,Bayern,Günzburg,Winterbach,89368,Winterbach,,,10.520801,48.465511,3750.000,3750.000,2026-04-30,2028-12-01,,Lithium-Batterie,Batterie,Speicher,SSE927243077944,7500.000
SEE903321442613,BESS Konradsreuth,ABR937117976556,In Planung,Deutschland,Bayern,Hof,Konradsreuth,95176,Konradsreuth,,,11.875900,50.277480,6580.000,6580.000,2026-04-27,2027-10-04,,Lithium-Batterie,Batterie,Speicher,SSE953556757891,13160.000
SEE949935751277,Gewerbespeicher 2026,ABR971417195712,In Planung,Deutschland,Niedersachsen,Diepholz,Eydelstedt,49406,Eydelstedt,Donstorf,82,8.547661,52.658267,552.000,92.000,2026-04-27,2026-10-14,,Lithium-Batterie,Batterie,Speicher,SSE918175818095,1106.000
SEE938431922069,Batteriespeicher Gorzberg,ABR964622030107,In Planung,Deutschland,Mecklenburg-Vorpommern,Vorpommern-Greifswald,Greifswald,17489,Greifswald,Am Gorzberg,21,13.388181,54.079387,880.000,880.000,2026-04-27,2026-08-14,,Lithium-Batterie,Batterie,Speicher,SSE911039839519,1832.000
SEE948849620143,BESS Förstenreuth II,ABR943718085122,In Planung,Deutschland,Bayern,Hof,Zell im Fichtelgebirge,95239,Zell,,,11.777782,50.142098,3980.000,3980.000,2026-04-27,2027-12-06,,Lithium-Batterie,Batterie,Speicher,SSE913942731027,7960.000
SEE992356704230,BESS Winsen 1,ABR992511086164,In Planung,Deutschland,Niedersachsen,Harburg,Winsen (Luhe),21423,Winsen,Zum Felde,5,10.309184,53.338433,125.000,125.000,2026-04-27,2026-10-01,,Lithium-Batterie,Batterie,Speicher,SSE989727158402,261.000
SEE979476263335,BESS Wadg,ABR934569427995,In Planung,Deutschland,Saarland,Saarlouis,Wadgassen,66787,Wadgassen,Wendelstraße,,6.798959,49.260437,5000.000,5000.000,2026-04-28,2026-12-01,,Lithium-Batterie,Batterie,Speicher,SSE960746898562,10000.000
SEE983075526197,Speicher Gachenbach PR II - P26-076,ABR969440732721,In Planung,Deutschland,Bayern,Neuburg-Schrobenhausen,Gachenbach,86565,Gachenbach,,,11.248947,48.510074,6250.000,6250.000,2026-04-30,2028-12-01,,Lithium-Batterie,Batterie,Speicher,SSE916674745423,12500.000
SEE963178717838,Thale59,ABR993904967541,In Planung,Deutschland,Sachsen-Anhalt,Harz,Thale,06502,Thale,Roßtrappenstraße,59,11.025176,51.753943,17500.000,17500.000,2026-04-28,2027-10-15,,Lithium-Batterie,Batterie,Speicher,SSE901814830800,37625.000
SEE927672771390,Grünstromspeicher Jungensberg,ABR921472850279,In Betrieb,Deutschland,Bayern,Lindau (Bodensee),Stiefenhofen,88167,Stiefenhofen,Jungensberg,1 1/2,10.018891,47.601976,500.000,500.000,2026-04-28,,2026-04-23,Lithium-Batterie,Batterie,Speicher,SSE998253398091,929.000
SEE980989554322,Graustromspeicher Jungensberg,ABR921472850279,In Betrieb,Deutschland,Bayern,Lindau (Bodensee),Stiefenhofen,88167,Stiefenhofen,Jungensberg,11/2,10.018891,47.601976,2000.000,2000.000,2026-04-28,,2026-04-23,Lithium-Batterie,Batterie,Speicher,SSE984972091252,6037.000
SEE941676699238,Kuder GmbH CNC-Technik - Speicher,ABR983345516415,In Betrieb,Deutschland,Baden-Württemberg,Böblingen,Herrenberg,71083,Herrenberg,Einsteinstraße,7,8.893392,48.576347,100.000,100.000,2026-04-28,,2026-03-24,Lithium-Batterie,Batterie,Speicher,SSE970587544665,215.000
SEE927868647645,AKG SEC Speicher,ABR927792621278,In Betrieb,Deutschland,Bayern,Fürth,Cadolzburg,90556,Cadolzburg,,,10.849906,49.494852,270.000,270.000,2026-04-28,,2026-04-27,Lithium-Batterie,Batterie,Speicher,SSE967017089520,1016.000
SEE967706303999,Mando Multiwerke 10 - Speicher Königsborn,ABR922051851120,In Planung,Deutschland,Sachsen-Anhalt,Jerichower Land,Biederitz,39175,Biederitz,,,11.776555,52.132289,4000.000,4000.000,2026-04-28,2026-05-11,,Lithium-Batterie,Batterie,Speicher,SSE902310004177,8000.000
SEE962694649210,Batteriespeicher zwissTEX Germany,ABR969634731257,In Betrieb,Deutschland,Baden-Württemberg,Heidenheim,Gerstetten,89547,Gerstetten,Heuchlinger Straße,34,10.072065,48.600712,450.000,450.000,2026-04-28,,2026-04-22,Lithium-Batterie,Batterie,Speicher,SSE905418959776,846.900
SEE942344822132,Max-Volmer-Str. 23,ABR905594813626,In Planung,Deutschland,Nordrhein-Westfalen,Mettmann,Hilden,40724,Hilden,Max-Volmer-Straße,23,6.981168,51.170565,125.000,125.000,2026-04-28,2026-07-17,,Lithium-Batterie,Batterie,Speicher,SSE985929421955,500.000
SEE951788049258,Solarpark Ingolstadt X - P25-208,ABR997459884193,In Planung,Deutschland,Bayern,Ingolstadt,Ingolstadt,85053,Ingolstadt,,,11.460193,48.744075,1250.000,1250.000,2026-04-30,2028-12-01,,Lithium-Batterie,Batterie,Speicher,SSE932134442510,2500.000
SEE965631489450,KA Lomersheim PV Freifläch - Speicher,ABR978140453034,In Planung,Deutschland,Baden-Württemberg,Enzkreis,Mühlacker,75417,Mühlacker,Obere Au,1,8.874894,48.937691,250.000,250.000,2026-04-29,2026-08-31,,Lithium-Batterie,Batterie,Speicher,SSE973058358662,466.000
SEE984413550584,Agri-PV Heusweiler BESS,ABR975744474137,In Planung,Deutschland,Saarland,Regionalverband Saarbrücken,Heusweiler,66265,Heusweiler,,,6.913373,49.347790,1100.000,1100.000,2026-04-29,2027-05-31,,Lithium-Batterie,Batterie,Speicher,SSE955732489268,2500.000
SEE972977601088,Borgstedtfelde 1 Speicher,ABR925296821910,In Planung,Deutschland,Schleswig-Holstein,Rendsburg-Eckernförde,Borgstedt,24794,Borgstedt,,,9.683420,54.337324,3500.000,3500.000,2026-04-29,2028-04-28,,Lithium-Batterie,Batterie,Speicher,SSE960958734658,7000.000
SEE903542702305,Bad Wünnenberg 3 Speicher,ABR937367252035,In Planung,Deutschland,Nordrhein-Westfalen,Paderborn,Bad Wünnenberg,33181,Bad Wünnenberg,,,8.779770,51.556295,4800.000,4800.000,2026-04-30,2028-12-04,,Lithium-Batterie,Batterie,Speicher,SSE992195488490,9600.000
SEE934256237616,"Brunnenstraße 20, Bad Breisig",ABR934840466118,In Betrieb,Deutschland,Rheinland-Pfalz,Ahrweiler,Bad Breisig,53498,Bad Breisig,Brunnenstraße,20,7.307949,50.501737,233.000,100.000,2026-04-30,,2026-04-29,Lithium-Batterie,Batterie,Speicher,SSE979201538738,233.000
SEE980161575503,Frankfurt Oder West 2.3 Speicher,ABR902828591244,In Planung,Deutschland,Brandenburg,Frankfurt (Oder),Frankfurt (Oder),15234,Frankfurt,,,14.466301,52.324506,6500.000,6500.000,2026-04-30,2028-12-04,,Lithium-Batterie,Batterie,Speicher,SSE965955892776,13000.000
SEE945537657887,Arpsdorf 2 Speicher,ABR960539438715,In Planung,Deutschland,Schleswig-Holstein,Rendsburg-Eckernförde,Arpsdorf,24634,Arpsdorf,,,9.872111,54.011800,3100.000,3100.000,2026-04-30,2028-12-04,,Lithium-Batterie,Batterie,Speicher,SSE949270637434,6200.000
SEE984944135533,Bagenz 2.2 Speicher,ABR934635875712,In Planung,Deutschland,Brandenburg,Spree-Neiße,Neuhausen/Spree,03058,Neuhausen,,,14.434216,51.638602,6500.000,6500.000,2026-04-30,2028-12-04,,Lithium-Batterie,Batterie,Speicher,SSE976661719745,13000.000
SEE901702163997,Rickling 1.3 Speicher,ABR914224652122,In Planung,Deutschland,Schleswig-Holstein,Segeberg,Rickling,24635,Rickling,,,10.202505,53.977772,3500.000,3500.000,2026-04-30,2028-12-04,,Lithium-Batterie,Batterie,Speicher,SSE987475756345,7000.000
SEE977294638090,Volle Lotte,ABR999899683183,In Betrieb,Deutschland,Thüringen,Eichsfeld,Heilbad Heiligenstadt,37308,Heilbad Heiligenstadt,Ludwig-Löwe-Straße,1,10.124813,51.390287,100.000,100.000,2026-04-30,,2026-04-30,Lithium-Batterie,Batterie,Speicher,SSE940364471545,211.000
SEE953740596626,Batteriespeicher Lastspitzen,ABR900544336934,In Betrieb,Deutschland,Nordrhein-Westfalen,Märkischer Kreis,Plettenberg,58840,Plettenberg,In den Hofwiesen,13,7.839923,51.170254,700.000,700.000,2026-05-28,,2026-05-25,Lithium-Batterie,Batterie,Speicher,SSE908533121721,738.000
SEE993319778084,Speicher,ABR906265647113,In Betrieb,Deutschland,Bayern,Schwandorf,Teunz,92552,Teunz,Bierbrunnen,1,12.390865,49.495308,125.000,125.000,2026-05-01,,2025-12-15,Lithium-Batterie,Batterie,Speicher,SSE989702316766,258.000
SEE997730114995,Schwarzenbek -Röntgenstr. 18 (BESS),ABR992511086164,In Planung,Deutschland,Schleswig-Holstein,Herzogtum Lauenburg,Schwarzenbek,21493,Schwarzenbek,Röntgenstraße,18,10.506783,53.504037,1000.000,1000.000,2026-05-03,2027-12-01,,Lithium-Batterie,Batterie,Speicher,SSE999645586157,2088.000
SEE944360041801,Salz Schondra Kebigsgraben 9 BESS,ABR992511086164,In Planung,Deutschland,Bayern,Rhön-Grabfeld,Salz,97616,Salz,Am Kebigsgraben,9,10.192599,50.298750,1500.000,1500.000,2026-05-03,2027-01-01,,Lithium-Batterie,Batterie,Speicher,SSE974677466233,3132.000
SEE903381038559,HB - Lachendorf Im Bulloh - BESS,ABR992511086164,In Planung,Deutschland,Niedersachsen,Celle,Lachendorf,29331,Lachendorf,Im Bulloh,,10.236741,52.630275,2000.000,2000.000,2026-05-03,2027-12-31,,Lithium-Batterie,Batterie,Speicher,SSE928873359905,4176.000
SEE944540052153,HB - Lehnstedt Waldstr. - BESS,ABR992511086164,In Planung,Deutschland,Niedersachsen,Cuxhaven,Hagen im Bremischen,27628,Hagen,Waldstraße,1,8.642570,53.310796,250.000,250.000,2026-05-03,2027-12-31,,Lithium-Batterie,Batterie,Speicher,SSE949835756020,522.000
SEE903037507682,HB - Lehnstedt Schulstr - Buschweg BESS,ABR992511086164,In Planung,Deutschland,Niedersachsen,Cuxhaven,Hagen im Bremischen,27628,Hagen,Alte Schulstraße,,8.648109,53.312684,250.000,250.000,2026-05-03,2027-12-31,,Lithium-Batterie,Batterie,Speicher,SSE943631835811,522.000
SEE988566028860,Batteriespeicher - Marienthal,ABR920315355568,In Planung,Deutschland,Bayern,Deggendorf,Deggendorf,94469,Deggendorf,Marienthal,2,12.990793,48.851809,1634.000,1634.000,2026-05-04,2026-05-20,,Lithium-Batterie,Batterie,Speicher,SSE921196013455,4460.000
SEE933819601840,Batteriespeicher Grüningen,ABR934776144609,In Planung,Deutschland,Baden-Württemberg,Biberach,Riedlingen,88499,Riedlingen,,,9.455774,48.175222,3000.000,3000.000,2026-05-04,2026-08-01,,Lithium-Batterie,Batterie,Speicher,SSE948187464270,6121.000
SEE924359814463,Speicher,ABR911929473564,In Betrieb,Deutschland,Nordrhein-Westfalen,Warendorf,Warendorf,48231,Warendorf,,,7.937507,52.024278,125.000,125.000,2026-06-08,,2026-05-26,Lithium-Batterie,Batterie,Speicher,SSE909981054067,261.000
SEE995745316632,BAT_PENZBERG_HotelBerggeist,ABR982031438734,In Betrieb,Deutschland,Bayern,Weilheim-Schongau,Penzberg,82377,Penzberg,Bahnhofstraße,47,11.377419,47.755222,110.000,110.000,2026-06-15,,2026-06-01,Lithium-Batterie,Batterie,Speicher,SSE998026481272,225.000
SEE974635257897,Speicher_Neubau,ABR966166564605,In Planung,Deutschland,Baden-Württemberg,Ludwigsburg,Vaihingen an der Enz,71665,Vaihingen,Horrheimer Straße,36,8.959053,48.968389,375.000,300.000,2026-05-04,2026-12-31,,Lithium-Batterie,Batterie,Speicher,SSE922307860500,750.000
SEE978939069606,PIONEXT Batteriespeicher Solarpark Hütschenhausen,ABR908154282139,In Planung,Deutschland,Rheinland-Pfalz,Kaiserslautern,Hütschenhausen,66882,Hütschenhausen,,,7.513434,49.436647,5015.000,5015.000,2026-05-05,2027-01-01,,Lithium-Batterie,Batterie,Speicher,SSE969604656351,10030.000
SEE925027341748,Sophien-Carrée KA,ABR959355163567,In Betrieb,Deutschland,Baden-Württemberg,Karlsruhe,Karlsruhe,76133,Karlsruhe,Sophienstraße,129-133,8.379846,49.007750,128.000,50.000,2026-05-05,,2024-07-31,Lithium-Batterie,Batterie,Speicher,SSE976118583172,98.000
SEE992927558651,Dannenmann Stromspeicher,ABR921731026254,In Betrieb,Deutschland,Baden-Württemberg,Alb-Donau-Kreis,Amstetten,73340,Amstetten,Birketweg,7,9.856810,48.573930,100.000,100.000,2026-05-05,,2026-02-13,Lithium-Batterie,Batterie,Speicher,SSE979140356554,400.000
SEE942151508373,VHaus_PV,ABR972068075187,In Betrieb,Deutschland,Nordrhein-Westfalen,Wesel,Dinslaken,46539,Dinslaken,Dorfstraße,22,6.781422,51.566260,126.000,50.000,2026-05-06,,2026-04-24,Lithium-Batterie,Batterie,Speicher,SSE935866283376,120.000
SEE994873681186,MM16 - Speicher Töttelstedt - Erfurt,ABR900142413754,In Betrieb,Deutschland,Thüringen,Gotha,Bienstädt,99100,Bienstädt,,,10.886821,51.006838,1250.000,1250.000,2026-06-01,,2026-05-11,Lithium-Batterie,Batterie,Speicher,SSE928153455259,1517.000
SEE917146636904,Batteriespeicher-Buch,ABR973275600827,In Betrieb,Deutschland,Bayern,Passau,Tiefenbach,94113,Tiefenbach,,,13.346140,48.621421,5040.000,5040.000,2026-08-05,,2026-07-24,Lithium-Batterie,Batterie,Speicher,SSE919266529067,8910.000
SEE905656133037,Stromspeicher Erle,ABR991972861495,In Planung,Deutschland,Nordrhein-Westfalen,Borken,Raesfeld,46348,Raesfeld,Hatkamp,45,6.895518,51.740954,125.000,125.000,2026-05-07,2026-05-15,,Lithium-Batterie,Batterie,Speicher,SSE984887320263,261.000
SEE902905019036,Spirit Speicher 2026 BESS261,ABR938015266497,In Planung,Deutschland,Sachsen-Anhalt,Magdeburg,Magdeburg,39104,Magdeburg,Karl-Schmidt-Straße,42,11.641356,52.102108,125.000,125.000,2026-05-07,2026-05-11,,Lithium-Batterie,Batterie,Speicher,SSE994101786331,255.000
SEE937813917464,Speicher,ABR916191936434,In Planung,Deutschland,Bayern,Ostallgäu,Jengen,86860,Jengen,Eurishofen,,10.719596,47.973960,440.000,440.000,2026-05-07,2026-06-01,,Sonstige Batterie,Batterie,Speicher,SSE923624461388,1500.000
SEE990653966627,Ecoflow River 3 plus Max,ABR967769185174,In Betrieb,Deutschland,Nordrhein-Westfalen,Mönchengladbach,Mönchengladbach,41065,Mönchengladbach,NeusserStraße,,6.484784,51.201864,500.000,500.000,2026-05-07,,2026-03-24,Lithium-Batterie,Batterie,Speicher,SSE948715930697,0.858
SEE907812202229,Stromspeicher Wirtschaftsgebäude,ABR928095441242,In Betrieb,Deutschland,Hessen,Rheingau-Taunus-Kreis,Rüdesheim am Rhein,65385,Rüdesheim am Rhein,Klosterweg,1,7.926560,49.991961,100.000,100.000,2026-05-07,,2026-05-07,Lithium-Batterie,Batterie,Speicher,SSE921394779085,145.500
SEE916701311645,Stromspeicher Reithalle West,ABR982502662835,In Betrieb,Deutschland,Schleswig-Holstein,Ostholstein,Süsel,23701,Süsel,Lehmkamp,3,10.688622,54.067528,300.000,300.000,2026-05-28,,2026-05-28,Lithium-Batterie,Batterie,Speicher,SSE958487609400,332.000
SEE972647392971,Batteriespeicher Marktoberdorf,ABR990218930629,In Planung,Deutschland,Bayern,Ostallgäu,Marktoberdorf,87616,Marktoberdorf,Johann-Georg-Fendt-Straße,26,10.611919,47.779278,9900.000,9900.000,2026-05-08,2026-08-07,,Lithium-Batterie,Batterie,Speicher,SSE984969313169,24000.000
SEE922742940447,Ludzay-Gohrweide 15-II,ABR949667536791,In Betrieb,Deutschland,Nordrhein-Westfalen,Bottrop,Bottrop,46238,Bottrop,Gohrweide,15,6.943737,51.514296,324.000,300.000,2026-05-11,,2026-05-11,Lithium-Batterie,Batterie,Speicher,SSE918422906988,645.000
SEE992359577978,Stallgebäude Altheim - Speicher,ABR999110391170,In Betrieb,Deutschland,Bayern,Neustadt a.d. Aisch-Bad Windsheim,Dietersheim,91463,Dietersheim,Altheim,28,10.507667,49.553997,100.000,100.000,2026-05-12,,2026-05-04,Lithium-Batterie,Batterie,Speicher,SSE936155724624,215.000
SEE908517074623,Kyon-26 Battery Storage,ABR906445302191,In Planung,Deutschland,Sachsen-Anhalt,Börde,Sülzetal,39171,Sülzetal,,,11.575843,52.062095,23700.000,23700.000,2026-05-12,2026-10-08,,Lithium-Batterie,Batterie,Speicher,SSE996361644314,47100.000
SEE909400840998,Kyon-53 Battery Storage,ABR988763171093,In Planung,Deutschland,Schleswig-Holstein,Nordfriesland,Horstedt,25860,Horstedt,,,9.072722,54.510083,146500.000,146500.000,2026-05-12,2027-05-27,,Lithium-Batterie,Batterie,Speicher,SSE911079112313,294400.000
SEE964305378076,Kyon-101 Battery Storage,ABR996723278485,In Planung,Deutschland,Sachsen,Mittelsachsen,Großschirma,09603,Großschirma,,,13.215833,50.966806,58000.000,58000.000,2026-05-12,2027-08-30,,Lithium-Batterie,Batterie,Speicher,SSE962667742009,131400.000
SEE952748684632,Tradingspeicher Therme,ABR900998152593,In Planung,Deutschland,Bayern,Unterallgäu,Bad Wörishofen,86825,Bad Wörishofen,Thermenallee,1,10.591298,48.022636,736.000,736.000,2026-05-13,2026-05-25,,Lithium-Batterie,Batterie,Speicher,SSE937886573314,1288.000
SEE916151505366,Speicher 258 kWh,ABR956727096546,In Betrieb,Deutschland,Baden-Württemberg,Heilbronn,Oedheim,74229,Oedheim,Hirschfeld,3,9.232254,49.240469,125.000,125.000,2026-05-13,,2026-05-04,Lithium-Batterie,Batterie,Speicher,SSE944195468729,258.000
SEE915957408963,Batteriespeicher 2026,ABR991065602035,In Betrieb,Deutschland,Baden-Württemberg,Freudenstadt,Freudenstadt,72250,Freudenstadt,Robert-Bürkle-Straße,26,8.427528,48.467396,110.000,110.000,2026-05-13,,2026-05-06,Lithium-Batterie,Batterie,Speicher,SSE910389954125,229.000
SEE950332687472,PN250 | Albertshofen | ABAO Solutions,ABR952132848244,In Planung,Deutschland,Baden-Württemberg,Ravensburg,Ravensburg,88212,Ravensburg,Albertshofen,5,9.629306,47.777900,250.000,250.000,2026-05-14,2026-07-31,,Lithium-Batterie,Batterie,Speicher,SSE930792388867,522.000
SEE955081498256,Graustromspeicher,ABR983619182063,In Planung,Deutschland,Bayern,Oberallgäu,Durach,87471,Durach,Heubachstraße,4,10.338644,47.704252,250.000,250.000,2026-05-15,2026-08-03,,Lithium-Batterie,Batterie,Speicher,SSE921889000175,980.000
SEE910572715786,Stromspeicher 261 kWh,ABR983952613743,In Betrieb,Deutschland,Bayern,Deggendorf,Hengersberg,94491,Hengersberg,Hauptstraße,6,13.050023,48.781212,125.000,125.000,2026-05-15,,2026-05-13,Lithium-Batterie,Batterie,Speicher,SSE925890129955,261.000
SEE957362810924,BESS MvL 19 Remscheid,ABR909836358708,In Betrieb,Deutschland,Nordrhein-Westfalen,Remscheid,Remscheid,42897,Remscheid,Max-von-Laue Str,19-35,7.271111,51.199685,100.000,100.000,2026-05-15,,2026-04-29,Lithium-Batterie,Batterie,Speicher,SSE917064818123,200.000
SEE981327701675,iBL6,ABR952393048667,In Betrieb,Deutschland,Bayern,Kelheim,Neustadt a.d. Donau,93333,Neustadt,Raffineriestraße,21,11.763295,48.795345,270.000,270.000,2026-05-16,,2026-05-15,Lithium-Batterie,Batterie,Speicher,SSE949857433008,770.000
SEE909495852074,iBL7,ABR952393048667,In Betrieb,Deutschland,Bayern,Kelheim,Neustadt a.d. Donau,93333,Neustadt,Raffineriestraße,21,11.763295,48.795345,270.000,270.000,2026-05-16,,2026-05-15,Lithium-Batterie,Batterie,Speicher,SSE911582211084,770.000
SEE996741247272,iBL2,ABR952393048667,In Betrieb,Deutschland,Bayern,Kelheim,Neustadt a.d. Donau,93333,Neustadt,Am Volksfestplatz,,11.765904,48.811947,270.000,270.000,2026-06-29,,2026-06-25,Lithium-Batterie,Batterie,Speicher,SSE902996210343,750.000
SEE926415362598,iBL3,ABR952393048667,In Betrieb,Deutschland,Bayern,Kelheim,Neustadt a.d. Donau,93333,Neustadt,Am Volksfestplatz,,11.765911,48.811975,270.000,270.000,2026-06-29,,2026-06-25,Lithium-Batterie,Batterie,Speicher,SSE954295402769,750.000
SEE962141169896,iBL4,ABR952393048667,In Planung,Deutschland,Bayern,Kelheim,Neustadt a.d. Donau,93333,Neustadt,,,11.756663,48.813076,270.000,270.000,2026-05-16,2026-08-15,,Lithium-Batterie,Batterie,Speicher,SSE906684683198,770.000
SEE969497139337,iBL5,ABR952393048667,In Planung,Deutschland,Bayern,Kelheim,Neustadt a.d. Donau,93333,Neustadt,,,11.756671,48.813102,270.000,270.000,2026-05-16,2026-08-15,,Lithium-Batterie,Batterie,Speicher,SSE944693592544,770.000
SEE959371615385,iBL8,ABR952393048667,In Planung,Deutschland,Bayern,Kelheim,Neustadt a.d. Donau,93333,Neustadt,,,11.758208,48.811831,270.000,270.000,2026-05-16,2026-08-15,,Lithium-Batterie,Batterie,Speicher,SSE953404099265,770.000
SEE932699684660,Batterie 430-100,ABR983896481705,In Planung,Deutschland,Hamburg,Hamburg,Hamburg,21079,Hamburg,Großmoordamm,100,10.004034,53.453107,200.000,200.000,2026-05-17,2026-09-30,,Lithium-Batterie,Batterie,Speicher,SSE967919383504,430.000
SEE916385117854,Anker Speicher E1600 Balkonkraftwerk,ABR954502443318,In Betrieb,Deutschland,Baden-Württemberg,Ravensburg,Berg,88276,Berg,,,,,200.000,0.450,2026-05-17,,2026-05-11,Nickel-Cadmium- / Nickel-Metallhydridbatterie,Batterie,Speicher,SSE960190757576,1.600
SEE931706824617,PV Eigenv. Speicher,ABR988426162055,In Betrieb,Deutschland,Nordrhein-Westfalen,Steinfurt,Nordwalde,48356,Nordwalde,Westerode,62,7.529010,52.100638,209.000,209.000,2026-05-19,,2026-01-01,Lithium-Batterie,Batterie,Speicher,SSE961729791993,209.000
SEE952477461849,Speicher 2026,ABR936489311811,In Betrieb,Deutschland,Bayern,Passau,Vilshofen an der Donau,94474,Vilshofen,Oberfeld,1,13.253942,48.604578,100.000,100.000,2026-05-19,,2026-05-19,Lithium-Batterie,Batterie,Speicher,SSE996341909402,215.000
SEE918241145889,Kyon-56 Battery Storage,ABR962434023836,In Planung,Deutschland,Niedersachsen,Nienburg (Weser),Hilgermissen,27318,Hilgermissen,,,9.162444,52.835944,146500.000,146500.000,2026-05-19,2027-05-20,,Lithium-Batterie,Batterie,Speicher,SSE943295195023,294400.000
SEE974784277180,Am Oberen Hirschberg,ABR984183124053,In Planung,Deutschland,Bayern,Starnberg,Tutzing,82327,Tutzing,,,11.217309,47.912884,2800.000,2800.000,2026-05-19,2027-01-01,,Lithium-Batterie,Batterie,Speicher,SSE942542805982,5600.000
SEE970332184511,BESS Grevesmühlen,ABR990327284545,In Planung,Deutschland,Mecklenburg-Vorpommern,Nordwestmecklenburg,Grevesmühlen,23936,Grevesmühlen,Lübecker Straße,32,11.169332,53.864089,17280.000,17280.000,2026-05-19,2026-07-01,,Lithium-Batterie,Batterie,Speicher,SSE944774455669,43973.000
SEE936787278076,Speicher 233 kwh  Gärtnerei,ABR919268940174,In Betrieb,Deutschland,Baden-Württemberg,Hohenlohekreis,Neuenstein,74632,Neuenstein,Unteres Weidenfeld,57,9.584652,49.197913,120.000,120.000,2026-05-19,,2026-04-30,Lithium-Batterie,Batterie,Speicher,SSE992622524005,233.000
SEE948773436292,Batteriespeicher Wilsingen,ABR973341045842,In Planung,Deutschland,Baden-Württemberg,Reutlingen,Trochtelfingen,72818,Trochtelfingen,,,9.317751,48.268583,2200.000,2200.000,2026-05-20,2026-07-21,,Lithium-Batterie,Batterie,Speicher,SSE914880563053,5015.000
SEE988731387044,Stromspeicher Kläranlage,ABR905600251855,In Planung,Deutschland,Nordrhein-Westfalen,Gütersloh,Borgholzhausen,33829,Borgholzhausen,Im Recke,10,8.259340,52.050164,220.000,200.000,2026-05-20,2026-07-30,,Lithium-Batterie,Batterie,Speicher,SSE963716854803,430.000
SEE968182451303,Batterie Borgwardstraße,ABR942452654304,In Planung,Deutschland,Nordrhein-Westfalen,Borken,Gronau (Westf.),48599,Gronau,Borgwardstraße,19,7.062392,52.200381,4800.000,4800.000,2026-05-20,2026-12-01,,Sonstige Batterie,Batterie,Speicher,SSE987208374181,10000.000
SEE920328411381,Günter-Bimmerle-Halle Speicher 2026,ABR932226377843,In Betrieb,Deutschland,Baden-Württemberg,Ortenaukreis,Oppenau,77728,Oppenau,Einmatt,6,8.172027,48.476707,125.000,125.000,2026-08-05,,2026-08-04,Lithium-Batterie,Batterie,Speicher,SSE929311482612,261.000
SEE971949646959,Golfclub-Solar,ABR984397547310,In Betrieb,Deutschland,Rheinland-Pfalz,Neuwied,Neuwied,56566,Neuwied,,,7.546784,50.463409,110.000,110.000,2026-05-21,,2026-05-11,Lithium-Batterie,Batterie,Speicher,SSE989575253175,252.000
SEE965355276213,Huawei Speicher 1,ABR987416470347,In Betrieb,Deutschland,Bayern,Weißenburg-Gunzenhausen,Gunzenhausen,91710,Gunzenhausen,Alemannenstraße,19,10.757817,49.125301,108.000,108.000,2026-05-21,,2026-04-15,Lithium-Batterie,Batterie,Speicher,SSE980258979030,215.000
SEE998503834553,Huawei Speicher 2,ABR987416470347,In Betrieb,Deutschland,Bayern,Weißenburg-Gunzenhausen,Gunzenhausen,91710,Gunzenhausen,Alemannenstraße,19,10.757826,49.125291,108.000,108.000,2026-05-21,,2026-04-15,Lithium-Batterie,Batterie,Speicher,SSE981560124064,215.000
SEE935667452735,Remondis Melle Batteriespeicher,ABR935597827856,In Betrieb,Deutschland,Niedersachsen,Osnabrück,Melle,49324,Melle,Heidestraße,60,8.314216,52.227853,100.000,100.000,2026-05-21,,2026-03-13,Lithium-Batterie,Batterie,Speicher,SSE931225464868,168.000
SEE991751878720,BESS 368kW,ABR910607080384,In Betrieb,Deutschland,Niedersachsen,Emsland,Klein Berßen,49777,Klein Berßen,Raiffeisenstraße,2,7.457860,52.768660,368.000,368.000,2026-07-01,,2026-06-30,Hochtemperaturbatterie,Batterie,Speicher,SSE958369675080,736.000
SEE973640560015,Speicher GRAU Gochsheim 2026,ABR997652144568,In Betrieb,Deutschland,Bayern,Schweinfurt,Gochsheim,97469,Gochsheim,,,10.273337,50.031336,6350.000,6350.000,2026-05-22,,2026-05-13,Lithium-Batterie,Batterie,Speicher,SSE966372216459,13416.000
SEE902231837496,Solaranlage Dach,ABR966368286053,In Betrieb,Deutschland,Bayern,Ostallgäu,Aitrang,87648,Aitrang,Gewerbestraße,1,10.527396,47.819538,125.000,100.000,2026-05-22,,2026-04-23,Lithium-Batterie,Batterie,Speicher,SSE970924387924,261.000
SEE988710642065,GigaBattery Boxberg 1000,ABR932926516955,In Planung,Deutschland,Sachsen,Görlitz,Boxberg/O.L.,02943,Boxberg,Am Kraftwerk,1,14.561198,51.418787,1000000.000,1000000.000,2026-05-22,2028-12-31,,Lithium-Batterie,Batterie,Speicher,SSE950924900699,4000000.000
SEE911502802170,GigaBattery Jänschwalde 2000,ABR932926516955,In Planung,Deutschland,Brandenburg,Spree-Neiße,Teichland,03185,Peitz,Teichlandstr.,,14.466000,51.832000,1000000.000,1000000.000,2026-05-22,2028-12-31,,Lithium-Batterie,Batterie,Speicher,SSE962979156594,4000000.000
SEE913938308608,GigaBattery Lippendorf 1000,ABR932926516955,In Planung,Deutschland,Sachsen,Leipzig,Neukieritzsch,04575,Neukieritzsch,Am Kraftwerk,,12.381134,51.180742,1000000.000,1000000.000,2026-05-22,2028-12-31,,Lithium-Batterie,Batterie,Speicher,SSE957505267882,4000000.000
SEE961273960982,Anker Solix 3pro ,ABR932889405556,In Betrieb,Deutschland,Nordrhein-Westfalen,Rhein-Kreis Neuss,Jüchen,41363,Jüchen,Am Holzer Knoten,20,6.455742,51.105147,200.000,100.000,2026-05-22,,2026-05-22,Hochtemperaturbatterie,Batterie,Speicher,SSE984918350504,200.000
SEE969418779956,251210-25125-Weststr.11,ABR902241786029,In Betrieb,Deutschland,Nordrhein-Westfalen,Herford,Enger,32130,Enger,Weststraße,11,8.504305,52.129591,250.000,250.000,2026-06-14,,2026-05-05,Lithium-Batterie,Batterie,Speicher,SSE927123768733,578.000
SEE961677143219,Kyon-65 Battery Storage,ABR951801588542,In Planung,Deutschland,Rheinland-Pfalz,Germersheim,Weingarten (Pfalz),67366,Weingarten,,,8.304963,49.258702,100000.000,100000.000,2026-05-26,2028-01-03,,Lithium-Batterie,Batterie,Speicher,SSE989206172912,201700.000
SEE923714140810,RRS12A2,ABR984609968964,In Betrieb,Deutschland,Hessen,Wetteraukreis,Ortenberg,63683,Ortenberg,,,,,100.000,29.900,2026-06-17,,2026-06-09,Lithium-Batterie,Batterie,Speicher,SSE966796187038,122.880
SEE937876247645,Heidespeicher 2,ABR908528355964,In Planung,Deutschland,Niedersachsen,Heidekreis,Schneverdingen,29640,Schneverdingen,Am Buschfeld,10,9.797828,53.106433,184.000,184.000,2026-05-26,2026-06-01,,Lithium-Batterie,Batterie,Speicher,SSE929924249121,368.000
SEE984861737551,WSA Obernauer Str. Erweiterung,ABR958824566496,In Betrieb,Deutschland,Bayern,Aschaffenburg,Aschaffenburg,63743,Aschaffenburg,Obernauer Straße,136,9.128063,49.954617,180.000,180.000,2026-05-27,,2026-04-23,Lithium-Batterie,Batterie,Speicher,SSE923469791947,338.000
SEE986759409472,Speichersystem Duisburg,ABR946139755612,In Betrieb,Deutschland,Nordrhein-Westfalen,Duisburg,Duisburg,47167,Duisburg,Kaiser-Friedrich-Str.,390,6.808757,51.508584,104.000,50.000,2026-05-27,,2026-05-20,Lithium-Batterie,Batterie,Speicher,SSE948516565111,104.000
SEE921197554087,Herbrechtingen_Sturm_Neuanlage (Kühlhaus),ABR917437036116,In Betrieb,Deutschland,Baden-Württemberg,Heidenheim,Herbrechtingen,89542,Herbrechtingen,Siemensstraße,10,10.195330,48.628374,880.000,880.000,2026-05-27,,2026-05-21,Lithium-Batterie,Batterie,Speicher,SSE930024196000,1800.000
SEE973785882942,BatterieAmweiher8,ABR940868537501,In Betrieb,Deutschland,Bayern,Freyung-Grafenau,Grainet,94143,Grainet,Am Weiher,8,13.658122,48.788225,100.000,100.000,2026-07-13,,2026-06-13,Lithium-Batterie,Batterie,Speicher,SSE972482837415,100.800
SEE917414445474,Speicher Reutlinger GmbH,ABR942233317008,In Planung,Deutschland,Hessen,Frankfurt am Main,Frankfurt am Main,60437,Frankfurt,Züricher Straße,3,8.659384,50.194915,108.000,108.000,2026-05-28,2026-06-22,,Lithium-Batterie,Batterie,Speicher,SSE908828168172,215.000
SEE902389818880,Mini Grid Walporzheimer Strasse,ABR969175139864,In Planung,Deutschland,Rheinland-Pfalz,Ahrweiler,Bad Neuenahr-Ahrweiler,53474,Bad Neuenahr-Ahrweiler,Walporzheimer Straße,52,7.083832,50.534911,625.000,625.000,2026-05-28,2026-10-01,,Lithium-Batterie,Batterie,Speicher,SSE957131145479,1300.000
SEE925591704727,Graustromspeicher Hoher Markstein 8,ABR974986767618,In Betrieb,Deutschland,Bayern,Rhön-Grabfeld,Bad Königshofen i. Grabfeld,97631,Bad Königshofen,Hoher Markstein,8,10.464856,50.306972,250.000,250.000,2026-05-29,,2026-05-13,Lithium-Batterie,Batterie,Speicher,SSE931036975829,522.000
SEE917274119874,Dürmentingen Halle Neubau,ABR929759665073,In Planung,Deutschland,Baden-Württemberg,Biberach,Dürmentingen,88525,Dürmentingen,Burgau,11,9.540342,48.123206,108.000,100.000,2026-05-29,2026-07-01,,Lithium-Batterie,Batterie,Speicher,SSE961693811352,215.000
SEE952661557778,Speicher_Grüner Weg,ABR993462324626,In Betrieb,Deutschland,Niedersachsen,Cloppenburg,Bösel,26219,Bösel,Grüner Weg,6,8.012904,52.990401,1408.000,1408.000,2026-05-29,,2026-05-28,Lithium-Batterie,Batterie,Speicher,SSE942644828490,3139.200
SEE933425598343,Batteriespeicher SB Berbersdorf,ABR968517916002,In Betrieb,Deutschland,Sachsen,Mittelsachsen,Striegistal,09661,Striegistal,Am Striegiszusammenfluss,9,13.169219,51.018530,108.000,108.000,2026-07-29,,2026-07-21,Lithium-Batterie,Batterie,Speicher,SSE993938528640,215.000
SEE922609276078,Batteriespeicher 1,ABR995059809776,In Betrieb,Deutschland,Niedersachsen,Osnabrück,Melle,49324,Melle,Industriepark,1,8.308449,52.198879,125.000,125.000,2026-05-29,,2026-05-27,Lithium-Batterie,Batterie,Speicher,SSE955672085261,261.000
SEE927665093652,Batteriespeicher 2,ABR995059809776,In Betrieb,Deutschland,Niedersachsen,Osnabrück,Melle,49324,Melle,Industriepark,1,8.308449,52.198879,125.000,125.000,2026-05-29,,2026-05-27,Lithium-Batterie,Batterie,Speicher,SSE978659865021,261.000
SEE970640560113,Dietrichsmais B,ABR994899375052,In Planung,Deutschland,Bayern,Regen,Bischofsmais,94253,Bischofsmais,,,13.101000,48.930000,1763.520,1763.520,2026-05-30,2026-10-20,,Lithium-Batterie,Batterie,Speicher,SSE940493467624,3132.000
SEE977812815637,Hauptstrasse 37 mit Speicher,ABR932155957505,In Betrieb,Deutschland,Schleswig-Holstein,Ostholstein,Fehmarn,23769,Fehmarn,Hauptstrasse,37,11.145101,54.450095,100.000,80.000,2026-05-31,,2026-04-02,Lithium-Batterie,Batterie,Speicher,SSE998920404582,55.290
SEE909825406526,Marstek B 2500,ABR928045496018,In Betrieb,Deutschland,Niedersachsen,Lüneburg,Bleckede,21354,Bleckede,Neue Breetzer Straße,12,10.717433,53.282550,214.000,214.000,2026-06-01,,2026-05-18,Lithium-Batterie,Batterie,Speicher,SSE960400388774,2.140
SEE929106854143,BESS - ESN DTT,ABR987392298263,In Betrieb,Deutschland,Bayern,Haßberge,Hofheim i. UFr.,97461,Hofheim,Hans-Elbe-Straße,,10.497117,50.126999,1485.000,1396.000,2026-06-29,,2026-06-18,Lithium-Batterie,Batterie,Speicher,SSE909173381230,2910.000
SEE970949767220,Hallen 1-7,ABR972746947386,In Betrieb,Deutschland,Bayern,Kitzingen,Prichsenstadt,97357,Prichsenstadt,Zur Schirmeiche,6,10.363229,49.817605,6000.000,6000.000,2026-06-01,,2026-06-01,Lithium-Batterie,Batterie,Speicher,SSE913028159608,14400.000
SEE923582924185,Speicher Wielen E.M.S. Storage 1,ABR925032619245,In Betrieb,Deutschland,Niedersachsen,Grafschaft Bentheim,Wielen,49847,Wielen,Vennweg,15,6.767184,52.542410,1430.000,1430.000,2026-06-01,,2026-05-27,Lithium-Batterie,Batterie,Speicher,SSE963657781176,3132.000
SEE962134798058,SB_C72-BAT-DC2,ABR904908624019,In Planung,Deutschland,Hessen,Kassel,Niestetal,34266,Niestetal,Zum Solarwerk,,9.570956,51.318918,1500.000,1500.000,2026-06-01,2026-09-01,,Lithium-Batterie,Batterie,Speicher,SSE933557145149,1517.000
SEE910146734953,MM5 - Speicher - Nedlitz,ABR954281343731,In Betrieb,Deutschland,Sachsen-Anhalt,Jerichower Land,Möckern,39291,Möckern,,,11.869737,52.127739,3480.000,3480.000,2026-07-21,,2026-06-26,Lithium-Batterie,Batterie,Speicher,SSE991565732805,3480.000
SEE988885211349,Grünstromspeicher Bobingen,ABR912419410151,In Planung,Deutschland,Bayern,Augsburg,Bobingen,86399,Bobingen,,,10.849409,48.269344,1000.000,1000.000,2026-06-02,2026-09-30,,Lithium-Batterie,Batterie,Speicher,SSE949218654929,4008.000
SEE902040770854,BESS Artern I,ABR975078424501,In Planung,Deutschland,Thüringen,Kyffhäuserkreis,Artern,06556,Artern,,,11.314057,51.362618,3450.000,3450.000,2026-06-02,2026-08-31,,Lithium-Batterie,Batterie,Speicher,SSE921141712228,7332.246
SEE902201927059,Batterie,ABR911204475030,In Betrieb,Deutschland,Nordrhein-Westfalen,Rhein-Sieg-Kreis,Much,53804,Much,Niedermiebach,71,7.438941,50.939338,100.000,100.000,2026-06-02,,2026-05-28,Lithium-Batterie,Batterie,Speicher,SSE914929517283,224.000
SEE919126258380,MM9 - Speicher - Parey,ABR978848218621,In Betrieb,Deutschland,Sachsen-Anhalt,Jerichower Land,Elbe-Parey,39317,Parey,,,11.988959,52.386619,3480.000,3480.000,2026-07-16,,2025-07-21,Lithium-Batterie,Batterie,Speicher,SSE989502041240,3480.000
SEE987949491000,W2_Powergrid_2,ABR978248396691,In Planung,Deutschland,Baden-Württemberg,Bodenseekreis,Friedrichshafen,88048,Friedrichshafen,Domänenstraße,,9.428796,47.663417,3800.000,3800.000,2026-06-02,2027-09-01,,Lithium-Batterie,Batterie,Speicher,SSE916309511973,4099.700
SEE939649912637,Grünstromspeicher - Schotterer 215,ABR977258096355,In Betrieb,Deutschland,Bayern,Ansbach,Bruckberg,91590,Bruckberg,Reckersdorf,8,10.686941,49.347652,100.000,100.000,2026-06-03,,2026-06-01,Lithium-Batterie,Batterie,Speicher,SSE946144464615,215.000
SEE990595837122,BAT Hansestraße 18,ABR914375035850,In Betrieb,Deutschland,Niedersachsen,Rotenburg (Wümme),Sittensen,27419,Sittensen,Hansestraße,18,9.503816,53.295575,105.000,105.000,2026-06-18,,2026-05-12,Lithium-Batterie,Batterie,Speicher,SSE953575279442,224.000
SEE926467363864,BEE - BESS Borsigturm,ABR921818392654,In Planung,Deutschland,Berlin,Berlin,Berlin,13507,Berlin,,,13.284665,52.581888,3420.000,3410.000,2026-06-03,2027-06-01,,Lithium-Batterie,Batterie,Speicher,SSE917542536754,7440.000
SEE993302964654,BEE - BESS Stuttgart,ABR996314039358,In Planung,Deutschland,Baden-Württemberg,Stuttgart,Stuttgart,70469,Stuttgart,,,9.170483,48.813608,10000.000,10000.000,2026-06-03,2027-06-01,,Lithium-Batterie,Batterie,Speicher,SSE904250889418,22570.000
SEE999153501024,Batteriespeicher,ABR952598966445,In Planung,Deutschland,Schleswig-Holstein,Dithmarschen,Heide,25746,Heide,Hinrich-Schmidt-Straße,16,9.104601,54.188576,4320.000,4320.000,2026-06-03,2026-12-01,,Lithium-Batterie,Batterie,Speicher,SSE991960528263,8580.000
SEE999749964561,BESS Harzgerode,ABR974709308340,In Planung,Deutschland,Sachsen-Anhalt,Harz,Harzgerode,06493,Harzgerode,,,11.155750,51.643566,15000.000,15000.000,2026-06-03,2027-01-15,,Lithium-Batterie,Batterie,Speicher,SSE900870727949,50150.000
SEE911031449396,Stromspeicher Im Steinig 6 - Kindergarten u. Reithalle klein,ABR961025215599,In Betrieb,Deutschland,Baden-Württemberg,Karlsruhe,Karlsbad,76307,Karlsbad,Im Steinig,6,8.490399,48.935632,125.000,125.000,2026-06-03,,2026-06-03,Lithium-Batterie,Batterie,Speicher,SSE969252160187,261.000
SEE920483607384,Stromspeicher Im Steinig 6 - Reithalle groß,ABR961025215599,In Betrieb,Deutschland,Baden-Württemberg,Karlsruhe,Karlsbad,76307,Karlsbad,Im Steinig,6,8.489795,48.935569,125.000,125.000,2026-06-03,,2026-06-03,Lithium-Batterie,Batterie,Speicher,SSE930727814980,261.000
SEE987805268654,BESS 2026,ABR991159758983,In Betrieb,Deutschland,Sachsen-Anhalt,Mansfeld-Südharz,Hettstedt,06333,Hettstedt,Gutsplatz,1,11.471234,51.666535,276.000,276.000,2026-06-19,,2026-06-04,Lithium-Batterie,Batterie,Speicher,SSE987478202481,554.000
SEE948241397360,Dreifachsporthalle Speicher,ABR901278902006,In Betrieb,Deutschland,Bayern,Altötting,Altötting,84503,Altötting,Burghauser Straße,69,12.684085,48.222845,100.000,50.000,2026-06-03,,2025-02-26,Lithium-Batterie,Batterie,Speicher,SSE911394921126,140.000
SEE983429560709,BESS Neubrandenburg,ABR936098180396,In Planung,Deutschland,Mecklenburg-Vorpommern,Mecklenburgische Seenplatte,Neubrandenburg,17034,Neubrandenburg,,,13.369900,53.620300,26340.000,26340.000,2026-07-27,2026-10-05,,Lithium-Batterie,Batterie,Speicher,SSE989042428105,52800.000
SEE960105051089,Batterie 1,ABR919556523348,In Planung,Deutschland,Schleswig-Holstein,Segeberg,Kisdorf,24629,Kisdorf,Raiffeisenstraße,5,10.007551,53.803478,200.000,200.000,2026-06-04,2026-08-31,,Lithium-Batterie,Batterie,Speicher,SSE937240008902,400.000
SEE951265539890,Speicher 1 + 2 Arnstadt,ABR949813884431,In Betrieb,Deutschland,Thüringen,Ilm-Kreis,Arnstadt,99310,Arnstadt,Hinterm Stadion,6,10.960724,50.862942,184.000,184.000,2026-06-04,,2026-06-01,Lithium-Batterie,Batterie,Speicher,SSE923277768094,184.000
SEE951097758667,Speicher 215 Barnstorf,ABR959608055649,In Betrieb,Deutschland,Niedersachsen,Diepholz,Barnstorf,49406,Barnstorf,Osnabrücker Straße,8,8.500880,52.710061,100.000,100.000,2026-06-05,,2026-05-25,Lithium-Batterie,Batterie,Speicher,SSE918246066769,215.000
SEE973056817550,Speicher 215 Graftlage,ABR959608055649,In Betrieb,Deutschland,Niedersachsen,Diepholz,Diepholz,49356,Diepholz,Graftlage,1,8.365565,52.593028,100.000,100.000,2026-06-05,,2026-05-25,Lithium-Batterie,Batterie,Speicher,SSE913749138708,215.000
SEE985114515759,PV-Speicher,ABR994577398137,In Betrieb,Deutschland,Nordrhein-Westfalen,Köln,Köln,51145,Köln,Kaiserstr.,127,7.068411,50.881817,108.000,108.000,2026-07-10,,2026-06-26,Lithium-Batterie,Batterie,Speicher,SSE926618441724,241.000
SEE940229404831,BB-SP-1,ABR911375158251,In Betrieb,Deutschland,Nordrhein-Westfalen,Gütersloh,Rietberg,33397,Rietberg,Lange Straße,71,8.436951,51.828352,108.000,108.000,2026-06-05,,2026-02-23,Lithium-Batterie,Batterie,Speicher,SSE941247869961,215.000
SEE989243251601,MARSZTEK Micro ESS Powerstation B2500,ABR918015417129,In Betrieb,Deutschland,Mecklenburg-Vorpommern,Rostock,Rerik,18230,Ostseebad Rerik,Elsterweg,3,11.623663,54.111085,224.000,224.000,2026-06-06,,2026-05-26,Lithium-Batterie,Batterie,Speicher,SSE919893136546,2.240
SEE944566275987,"Hochvolt Wechselrichter 50kwp Hybrid Felicity Solar  2 Batteriespeicher Premium LiFe P04 61,44kw",ABR943534674968,In Betrieb,Deutschland,Rheinland-Pfalz,Alzey-Worms,Offstein,67591,Offstein,Rosengartenmühle,4,8.247747,49.606078,100.000,50.000,2026-06-06,,2026-04-01,Lithium-Batterie,Batterie,Speicher,SSE952335872213,100.000
SEE923938493709,enercity BESS Lehrte-Ahlten 1,ABR937092328135,In Planung,Deutschland,Niedersachsen,Region Hannover,Lehrte,31275,Lehrte,,,9.896059,52.390972,44792.000,44792.000,2026-06-08,2026-12-21,,Lithium-Batterie,Batterie,Speicher,SSE997443308261,81100.000
SEE989905351199,BESS VERUM Höbel Wind KFB I,ABR972137245404,In Planung,Deutschland,Bayern,Kaufbeuren,Kaufbeuren,87600,Kaufbeuren,Mauerstettener Straße,60,10.650773,47.885699,125.000,125.000,2026-06-08,2026-09-18,,Lithium-Batterie,Batterie,Speicher,SSE923944273692,255.000
SEE969016976559,Photovoltaik Nassaustraße,ABR943643333503,In Betrieb,Deutschland,Hessen,Main-Taunus-Kreis,Hofheim am Taunus,65719,Hofheim,Nassaustraße,24,8.385694,50.069223,163.840,88.000,2026-06-08,,2026-06-02,Lithium-Batterie,Batterie,Speicher,SSE963186631331,147.460
SEE961970583651,B.E.S.S. Am Bahndamm GmbH,ABR950380441910,In Planung,Deutschland,Nordrhein-Westfalen,Borken,Ahaus,48683,Ahaus,Am Bahndamm,9,6.983249,52.102698,4800.000,4800.000,2026-06-08,2026-12-01,,Sonstige Batterie,Batterie,Speicher,SSE979875826940,10030.000
SEE972362731000,"Am Thomasboden, Speichererweiterung",ABR907506602984,In Betrieb,Deutschland,Bayern,Würzburg,Eibelstadt,97246,Eibelstadt,Am Thomasboden,8,9.989585,49.736803,125.000,125.000,2026-06-09,,2026-06-01,Lithium-Batterie,Batterie,Speicher,SSE938655798037,200.000
SEE983019049706,BESS EnerWise,ABR913797321282,In Planung,Deutschland,Schleswig-Holstein,Rendsburg-Eckernförde,Rendsburg,24768,Rendsburg,Büsumer Straße,130,9.617662,54.326389,10000.000,10000.000,2026-06-09,2026-08-13,,Lithium-Batterie,Batterie,Speicher,SSE958822436555,20000.000
SEE959722514725,Stromspeicher Pramac,ABR986878339889,In Planung,Deutschland,Bayern,Donau-Ries,Nördlingen,86720,Nördlingen,,,10.516452,48.799432,180.000,180.000,2026-06-09,2026-09-01,,Lithium-Batterie,Batterie,Speicher,SSE954380410754,338.000
SEE977476698126,Batteriespeicher-Am-Skilift,ABR978890078044,In Planung,Deutschland,Bayern,Freyung-Grafenau,Grainet,94143,Grainet,,,13.646220,48.806240,1600.000,1600.000,2026-06-09,2027-01-29,,Lithium-Batterie,Batterie,Speicher,SSE976780483336,3344.000
SEE900920015323,Batteriespeicher,ABR977538343261,In Betrieb,Deutschland,Bayern,Günzburg,Aletshausen,86480,Aletshausen,Quellenweg,1,10.379901,48.197950,130.000,130.000,2026-06-09,,2025-01-13,Lithium-Batterie,Batterie,Speicher,SSE980109406470,175.000
SEE989748439733,Kyon-38 Battery Storage West,ABR907324430387,In Planung,Deutschland,Nordrhein-Westfalen,Euskirchen,Dahlem,53949,Dahlem,,,6.527243,50.387721,51430.000,51430.000,2026-06-09,2026-10-31,,Lithium-Batterie,Batterie,Speicher,SSE928917885261,104297.000
SEE991939448264,Batteriespeicher 2026,ABR913812716482,In Betrieb,Deutschland,Rheinland-Pfalz,Westerwaldkreis,Höhn,56462,Höhn,Urdorfer Hof,1,7.990233,50.625818,110.000,110.000,2026-06-09,,2026-06-09,Lithium-Batterie,Batterie,Speicher,SSE958842947277,225.000
SEE979207017848,LOG25 BESS,ABR960471080010,In Planung,Deutschland,Nordrhein-Westfalen,Köln,Köln,51149,Köln,Rudolf-Diesel-Str.,36,7.075310,50.902030,250.000,250.000,2026-06-11,2026-09-04,,Lithium-Batterie,Batterie,Speicher,SSE980185218899,500.000
SEE955788542061,utilize Landtechnik,ABR934469951309,In Planung,Deutschland,Bayern,Ostallgäu,Biessenhofen,87640,Biessenhofen,Aitranger Straße,40,10.613739,47.818826,125.000,125.000,2026-06-10,2026-08-01,,Lithium-Batterie,Batterie,Speicher,SSE958397666975,255.000
SEE990264088046,BS_WASCC_1,ABR955852833538,In Betrieb,Deutschland,Rheinland-Pfalz,Kaiserslautern,Kaiserslautern,67657,Kaiserslautern,Flickerstal,11,7.800079,49.459268,300.000,300.000,2026-06-10,,2026-06-10,Lithium-Batterie,Batterie,Speicher,SSE996208994251,276.600
SEE933845367925,PV-Anlage Mayer,ABR952584769074,In Betrieb,Deutschland,Baden-Württemberg,Ostalbkreis,Aalen,73432,Aalen,Kreidestraße,,9.946558,48.850649,110.000,110.000,2026-06-10,,2026-05-19,Lithium-Batterie,Batterie,Speicher,SSE948635805235,129.000
SEE911417562831,PV-Privat,ABR946717044183,In Betrieb,Deutschland,Nordrhein-Westfalen,Steinfurt,Lienen,49536,Lienen,Meckelweger Str.,16,7.958522,52.120803,100.000,100.000,2026-06-10,,2026-06-09,Lithium-Batterie,Batterie,Speicher,SSE917330162677,126.000
SEE928955121604,Annabrunn - BESS,ABR937629437422,In Planung,Deutschland,Bayern,Mühldorf a. Inn,Polling,84570,Polling,,,12.508660,48.227570,1375.000,1350.000,2026-06-10,2026-11-01,,Lithium-Batterie,Batterie,Speicher,SSE962823230821,2827.000
SEE955870101336,Neom Terra,ABR954156105686,In Betrieb,Deutschland,Bayern,Oberallgäu,Betzigau,87488,Betzigau,Kaisersmad,6,10.407970,47.727427,138.000,125.000,2026-06-11,,2026-06-11,Lithium-Batterie,Batterie,Speicher,SSE910984541546,245.000
SEE935930300749,BEE - BESS Dornheim,ABR935334264296,In Planung,Deutschland,Thüringen,Ilm-Kreis,Dornheim,99310,Dornheim,,,11.006906,50.836083,4000.000,4000.000,2026-06-11,2028-06-01,,Lithium-Batterie,Batterie,Speicher,SSE934013751041,6765.000
SEE947909679763,Großspeicher 313kwh,ABR946731880941,In Betrieb,Deutschland,Nordrhein-Westfalen,Oberbergischer Kreis,Nümbrecht,51588,Nümbrecht,Bahnweg,14,7.576905,50.918478,100.000,100.000,2026-06-11,,2026-04-25,Lithium-Batterie,Batterie,Speicher,SSE993056646448,313.000
SEE921637592464,trlyr 31,ABR978968772379,In Planung,Deutschland,Niedersachsen,Uelzen,Wrestedt,29559,Wrestedt,Landesstraße,1,10.646987,52.896243,13170.000,13170.000,2026-06-11,2026-07-14,,Lithium-Batterie,Batterie,Speicher,SSE932534118145,28380.000
SEE959953248314,Batteriespeicher Anna-Sophienhof,ABR908717030009,In Planung,Deutschland,Schleswig-Holstein,Nordfriesland,Galmsbüll,25899,Galmsbüll,Marienkooger Straße,3,8.721536,54.761536,200.000,200.000,2026-06-11,2026-10-01,,Lithium-Batterie,Batterie,Speicher,SSE964136538755,387.000
SEE933942592367,BESS 2026,ABR945679524313,In Planung,Deutschland,Niedersachsen,Friesland,Wangerland,26434,Wangerland,,,7.987676,53.637078,276.000,276.000,2026-06-12,2026-08-01,,Lithium-Batterie,Batterie,Speicher,SSE954075150231,552.000
SEE958621044197,EZ-Warden Batterie 360 kWh,ABR914631523701,In Betrieb,Deutschland,Nordrhein-Westfalen,Städteregion Aachen,Eschweiler,52249,Eschweiler,Mariadorfer Straße,2,6.229670,50.852999,180.000,180.000,2026-06-12,,2026-06-01,Lithium-Batterie,Batterie,Speicher,SSE904786521943,360.000
SEE936136558248,BESS 2026,ABR945679524313,In Planung,Deutschland,Niedersachsen,Friesland,Wangerland,26434,Wangerland,,,7.975332,53.631741,276.000,276.000,2026-06-12,2026-08-01,,Lithium-Batterie,Batterie,Speicher,SSE905425527876,552.000
SEE913755727583,BESS Kriegswiese,ABR913858159946,In Planung,Deutschland,Bayern,Hof,Stammbach,95236,Stammbach,,,11.745836,50.142867,10030.000,10030.000,2026-06-12,2027-01-31,,Lithium-Batterie,Batterie,Speicher,SSE980271073234,20060.000
SEE917142591085,BESS Zechitwerk,ABR962908615949,In Planung,Deutschland,Sachsen,Nordsachsen,Mügeln,04769,Mügeln,Zum Gewerbegebiet,3,13.018844,51.230631,250.000,250.000,2026-06-12,2026-09-01,,Lithium-Batterie,Batterie,Speicher,SSE925748084689,522.000
SEE922515324313,BESS Florstadt,ABR960316764006,In Betrieb,Deutschland,Hessen,Wetteraukreis,Florstadt,61197,Florstadt,In der Au,13,8.931537,50.326282,125.000,125.000,2026-06-12,,2026-05-15,Lithium-Batterie,Batterie,Speicher,SSE958529245153,262.000
SEE917181107780,251293-251290-Koblenzerstr. 20a,ABR902241786029,In Betrieb,Deutschland,Nordrhein-Westfalen,Herford,Löhne,32584,Löhne,Koblenzer Straße,20 a,8.781723,52.199277,250.000,250.000,2026-06-14,,2026-06-01,Lithium-Batterie,Batterie,Speicher,SSE968065733762,522.000
SEE950101731405,251228a-251228b-Vorm Sielerholz 81,ABR902241786029,In Betrieb,Deutschland,Nordrhein-Westfalen,Herford,Enger,32130,Enger,Vorm Sielerholz,81,8.540534,52.152499,250.000,250.000,2026-06-14,,2026-06-11,Lithium-Batterie,Batterie,Speicher,SSE999043246363,578.000
SEE961043171235,251237-251295,ABR902241786029,In Planung,Deutschland,Nordrhein-Westfalen,Herford,Bünde,32257,Bünde,Haßkampstraße,5,8.579511,52.193194,250.000,250.000,2026-06-14,2026-06-29,,Lithium-Batterie,Batterie,Speicher,SSE960736355839,578.000
SEE928423269029,259_01 platzundraum Alzenau,ABR934350295604,In Betrieb,Deutschland,Bayern,Aschaffenburg,Alzenau,63755,Alzenau,Industriegebiet Süd D,,9.038635,50.049698,100.000,100.000,2026-06-15,,2026-05-25,Lithium-Batterie,Batterie,Speicher,SSE923958787963,204.800
SEE999140753016,BESS Wuppertal Mettmannerstr.,ABR984750004344,In Betrieb,Deutschland,Nordrhein-Westfalen,Wuppertal,Wuppertal,42115,Wuppertal,Mettmanner Straße,79,7.093981,51.253257,6800.000,6800.000,2026-06-15,,2026-05-29,Lithium-Batterie,Batterie,Speicher,SSE904854747909,15045.000
SEE933665981332,Bäckerei Schmid Löffingen,ABR938290469088,In Betrieb,Deutschland,Baden-Württemberg,Breisgau-Hochschwarzwald,Löffingen,79843,Löffingen,Studerstraße,,8.359394,47.886158,546.000,546.000,2026-06-15,,2026-05-15,Lithium-Batterie,Batterie,Speicher,SSE938594653572,540.000
SEE936965726320,Dyness,ABR983249893704,In Betrieb,Deutschland,Sachsen-Anhalt,Wittenberg,Wittenberg,06889,Lutherstadt Wittenberg,Dobiener Bachstraße,18,12.601363,51.906690,100.000,46.220,2026-06-15,,2026-02-06,Lithium-Batterie,Batterie,Speicher,SSE981457448129,215.000
SEE995641400251,Stromspeicher 2026,ABR931188152222,In Betrieb,Deutschland,Nordrhein-Westfalen,Kleve,Goch,47574,Goch,Maasstr.,123,6.073739,51.692088,100.000,100.000,2026-06-16,,2026-04-28,Lithium-Batterie,Batterie,Speicher,SSE978967696683,215.000
SEE950744996919,Fröndenberg,ABR980017028085,In Planung,Deutschland,Nordrhein-Westfalen,Unna,Fröndenberg/Ruhr,58730,Fröndenberg,Wickeder Straße,7,7.806446,51.478615,1005.000,1005.000,2026-06-16,2026-08-21,,Lithium-Batterie,Batterie,Speicher,SSE963857616636,2087.000
SEE906948381273,Glaswerke Wolff＆Meier,ABR979137952547,In Betrieb,Deutschland,Hessen,Gießen,Langgöns,35428,Langgöns,Am Wingert,16,8.663013,50.492791,125.000,125.000,2026-06-16,,2026-05-22,Lithium-Batterie,Batterie,Speicher,SSE952400576831,255.000
SEE942207117047,Batteriespeicher Werft FN,ABR905784223181,In Planung,Deutschland,Baden-Württemberg,Bodenseekreis,Friedrichshafen,88045,Friedrichshafen,Seestraße,24,9.484377,47.651195,125.000,125.000,2026-06-16,2026-07-01,,Lithium-Batterie,Batterie,Speicher,SSE954846420617,261.000
SEE903282949305,Speicher-Wiesmoor807,ABR924556367991,In Planung,Deutschland,Niedersachsen,Aurich,Wiesmoor,26639,Wiesmoor,Hauptstraße,70,7.749865,53.424318,324.000,324.000,2026-06-16,2026-10-11,,Lithium-Batterie,Batterie,Speicher,SSE984513363589,723.000
SEE989349066963,Trading Speicher #1,ABR936404410421,In Planung,Deutschland,Niedersachsen,Emsland,Surwold,26903,Surwold,Gewerbegebiet Querkanal,13,7.516658,52.983245,184.000,184.000,2026-06-16,2026-08-03,,Lithium-Batterie,Batterie,Speicher,SSE939053686766,368.000
SEE931013664333,PVA + BESS BARES GmbH 2026,ABR952751942811,In Betrieb,Deutschland,Sachsen-Anhalt,Mansfeld-Südharz,Gerbstedt,06347,Gerbstedt,Zum Gleis-Dreieck,38,11.538109,51.615080,100.000,100.000,2026-06-17,,2026-06-17,Lithium-Batterie,Batterie,Speicher,SSE982263478683,233.000
SEE988787806902,PV Maschinenhalle neu,ABR967403390704,In Betrieb,Deutschland,Bayern,Erlangen,Erlangen,91056,Erlangen,Reitersbergstraße,20,10.933279,49.598666,125.000,125.000,2026-06-17,,2026-06-08,Lithium-Batterie,Batterie,Speicher,SSE932169291879,260.000
SEE910226812915,Fontus Businesspark Speicher 2026,ABR976889848470,In Planung,Deutschland,Baden-Württemberg,Rhein-Neckar-Kreis,St. Leon-Rot,68789,St. Leon-Rot,Opelstraße,1,8.645088,49.247517,324.000,324.000,2026-06-17,2026-10-01,,Lithium-Batterie,Batterie,Speicher,SSE995398053304,645.000
SEE945125449443,Sonja6,ABR963395899560,In Planung,Deutschland,Nordrhein-Westfalen,Städteregion Aachen,Baesweiler,52499,Baesweiler,Robert-Koch-Straße,6 A,6.169220,50.917699,750.000,750.000,2026-06-17,2026-08-10,,Lithium-Batterie,Batterie,Speicher,SSE911340326586,1500.000
SEE969134416449,24594_Remmels_Vierth_TE_Speicher,ABR945509086257,In Planung,Deutschland,Schleswig-Holstein,Rendsburg-Eckernförde,Remmels,24594,Remmels,Hauptstraße,28,9.651830,54.118317,108.000,108.000,2026-06-17,2026-07-31,,Lithium-Batterie,Batterie,Speicher,SSE999199589215,215.000
SEE995853591495,WattAmMeer #001,ABR931730338333,In Planung,Deutschland,Niedersachsen,Cuxhaven,Oberndorf,21787,Oberndorf,Ahrensflucht,34,9.129313,53.717307,125.000,125.000,2026-06-17,2027-01-01,,Lithium-Batterie,Batterie,Speicher,SSE927608152460,261.000
SEE933505718401,Stall Hauptstandort,ABR905098957123,In Betrieb,Deutschland,Nordrhein-Westfalen,Coesfeld,Coesfeld,48653,Coesfeld,Dülmener Straße,99,7.171701,51.930567,150.000,150.000,2026-06-17,,2026-03-23,Lithium-Batterie,Batterie,Speicher,SSE943678396597,225.000
SEE905859064305,Werdau 3 Speicher 2,ABR942537598660,In Planung,Deutschland,Sachsen,Zwickau,Werdau,08412,Werdau,Greizer Straße,70 a,12.370860,50.715736,110.000,105.000,2026-06-18,2026-08-04,,Lithium-Batterie,Batterie,Speicher,SSE928049338482,224.000
SEE966754320545,Werdau 3 Speicher 3,ABR942537598660,In Betrieb,Deutschland,Sachsen,Zwickau,Werdau,08412,Werdau,Greizer Straße,70 a,12.370847,50.715734,108.000,108.000,2026-08-03,,2026-07-29,Lithium-Batterie,Batterie,Speicher,SSE907022569297,215.000
SEE985294365885,Gewerbespeicher für Gastronomie,ABR920600641772,In Planung,Deutschland,Niedersachsen,Oldenburg,Ganderkesee,27777,Ganderkesee,Elmeloher Straße,86,8.582968,53.063776,100.000,100.000,2026-06-18,2026-06-19,,Lithium-Batterie,Batterie,Speicher,SSE938361395322,215.000
SEE978807761250,Icecreek Energy Vordorf,ABR928156295890,In Planung,Deutschland,Niedersachsen,Gifhorn,Vordorf,38533,Vordorf,,,10.494600,52.378500,6900.000,6900.000,2026-06-18,2026-10-01,,Lithium-Batterie,Batterie,Speicher,SSE979900284417,15300.000
SEE937337393539,"Stromspeicher 2 (LUNA2000-215-2S10, PCS 100 kW)",ABR973497274752,In Betrieb,Deutschland,Thüringen,Sonneberg,Sonneberg,96515,Sonneberg,Werkringstraße,11,11.209638,50.348469,100.000,100.000,2026-06-18,,2026-06-10,Lithium-Batterie,Batterie,Speicher,SSE924431474981,215.000
SEE968765307546,Firmengebäude Stromspeicher,ABR907138962616,In Planung,Deutschland,Baden-Württemberg,Zollernalbkreis,Rosenfeld,72348,Rosenfeld,Max-Eyth-Straße,12,8.707707,48.287495,100.000,100.000,2026-06-18,2026-08-30,,Lithium-Batterie,Batterie,Speicher,SSE994631599913,215.000
SEE949021236992,Batteriespeicher Nonnenbreite,ABR948003427120,In Planung,Deutschland,Nordrhein-Westfalen,Paderborn,Bad Wünnenberg,33181,Bad Wünnenberg,,,8.707566,51.543819,2185.000,2185.000,2026-06-20,2026-09-01,,Lithium-Batterie,Batterie,Speicher,SSE901389102784,5015.000
SEE936167502142,"PV-Speicher, Freiham",ABR976758346342,In Betrieb,Deutschland,Bayern,München,München,81249,München,Ludwig-Schmid-Straße,9,11.409968,48.130449,216.000,216.000,2026-06-22,,2026-04-30,Lithium-Batterie,Batterie,Speicher,SSE914347968797,482.000
SEE924538539583,MTB PV Anlage 2026,ABR953799734130,In Betrieb,Deutschland,Baden-Württemberg,Rhein-Neckar-Kreis,Edingen-Neckarhausen,68535,Edingen-Neckarhausen,Treidlerstraße,10,8.598662,49.455460,100.000,100.000,2026-06-22,,2026-03-17,Lithium-Batterie,Batterie,Speicher,SSE911391606187,209.000
SEE930343596277,BESS Schlön,ABR971309606203,In Planung,Deutschland,Mecklenburg-Vorpommern,Mecklenburgische Seenplatte,Waren (Müritz),17192,Waren,,,12.778226,53.524810,36000.000,36000.000,2026-06-22,2026-08-01,,Lithium-Batterie,Batterie,Speicher,SSE914218574232,144000.000
SEE973204371699,PV Burg Obbendorf,ABR932317997257,In Betrieb,Deutschland,Nordrhein-Westfalen,Düren,Niederzier,52382,Niederzier,Burg Obbendorf,800,6.445546,50.896473,110.000,110.000,2026-06-23,,2026-06-04,Lithium-Batterie,Batterie,Speicher,SSE956593828104,192.000
SEE949615263847,Batterie- Steffenshagen,ABR945640811060,In Betrieb,Deutschland,Mecklenburg-Vorpommern,Rostock,Steffenshagen,18209,Steffenshagen,Dorfstr.,5 a,11.831910,54.101203,108.000,108.000,2026-06-23,,2026-06-22,Lithium-Batterie,Batterie,Speicher,SSE935968781725,215.000
SEE983807618602,Batteriespeicher,ABR920828268676,In Planung,Deutschland,Niedersachsen,Region Hannover,Ronnenberg,30952,Ronnenberg,,,9.649014,52.338835,8400.000,8400.000,2026-06-23,2026-12-23,,Lithium-Batterie,Batterie,Speicher,SSE994883523261,20000.000
SEE932296398847,Batteriespeicher 2,ABR963377625118,In Planung,Deutschland,Nordrhein-Westfalen,Coesfeld,Senden,48308,Senden,Broholt,35,7.548616,51.826160,1500.000,1500.000,2026-06-23,2026-10-01,,Lithium-Batterie,Batterie,Speicher,SSE946337411242,3600.000
SEE966514154441,Batteriespeicher,ABR950977059382,In Planung,Deutschland,Niedersachsen,Region Hannover,Hannover,30629,Hannover,,,9.864400,52.376400,22396.000,22396.000,2026-06-23,2026-12-23,,Lithium-Batterie,Batterie,Speicher,SSE932466207689,40000.000
SEE939824003389,ABR908402394584,ABR908402394584,In Planung,Deutschland,Rheinland-Pfalz,Alzey-Worms,Dittelsheim-Heßloch,67596,Dittelsheim-Heßloch,Backhausgasse,15,8.248511,49.743417,2000.000,800.000,2026-06-24,2026-07-14,,Lithium-Batterie,Batterie,Speicher,SSE940239998726,4.000
SEE921683928170,Speicher Schone＆Bruns 450kWh,ABR974582515347,In Betrieb,Deutschland,Niedersachsen,Emsland,Meppen,49716,Meppen,Essener Straße,9,7.284390,52.751930,220.000,220.000,2026-06-24,,2026-06-09,Lithium-Batterie,Batterie,Speicher,SSE982013927317,450.000
SEE977619317907,Energiespeicher Siemensstraße 27-29,ABR933341376063,In Betrieb,Deutschland,Nordrhein-Westfalen,Borken,Ahaus,48683,Ahaus,Siemensstraße,27 -29,7.030356,52.079223,3000.000,3000.000,2026-06-24,,2026-06-24,Lithium-Batterie,Batterie,Speicher,SSE913914046906,10030.000
SEE927695404657,Battery_PowerPlant_TQ,ABR939669672177,In Betrieb,Deutschland,Baden-Württemberg,Reutlingen,Reutlingen,72768,Reutlingen,Im Besterwasen,46,9.196469,48.549812,108.000,108.000,2026-06-24,,2026-06-23,Lithium-Batterie,Batterie,Speicher,SSE999599119531,241.000
SEE914872959086,BESS VBK,ABR931128853639,In Planung,Deutschland,Schleswig-Holstein,Rendsburg-Eckernförde,Kronshagen,24119,Kronshagen,Claus-Sinjen-Straße,31,10.074890,54.326549,1250.000,1250.000,2026-06-24,2026-11-01,,Lithium-Batterie,Batterie,Speicher,SSE989552412045,2610.000
SEE962304857561,Batteriespeicher-ThermoTEC-Kalthalle,ABR921183068932,In Betrieb,Deutschland,Hessen,Limburg-Weilburg,Weilburg,35781,Weilburg,Friedenbachstraße,18,8.290906,50.478676,110.000,110.000,2026-06-24,,2026-01-14,Lithium-Batterie,Batterie,Speicher,SSE963530689209,229.000
SEE950257301187,Projekt 24 Speicher,ABR919934356742,In Betrieb,Deutschland,Baden-Württemberg,Enzkreis,Mühlacker,75417,Mühlacker,Eichendorffstr.,1,8.854199,48.950259,100.000,100.000,2026-06-24,,2026-05-23,Lithium-Batterie,Batterie,Speicher,SSE984020955789,180.630
SEE932564230664,Speicher Garage,ABR933865302852,In Planung,Deutschland,Bayern,Forchheim,Kunreuth,91358,Kunreuth,Wirtsleite,1,11.147012,49.683219,1200.000,800.000,2026-06-25,2026-07-11,,Lithium-Batterie,Batterie,Speicher,SSE946489291488,2688.000
SEE985242713690,251252-251253-Rehmerloher Str. 190,ABR902241786029,In Betrieb,Deutschland,Nordrhein-Westfalen,Herford,Kirchlengern,32278,Kirchlengern,Rehmerloher Straße,190,8.665376,52.238699,250.000,250.000,2026-06-25,,2026-06-25,Lithium-Batterie,Batterie,Speicher,SSE953943953509,578.000
SEE947226509040,251256-251258-Im Babenbecker Feld 51,ABR902241786029,In Betrieb,Deutschland,Nordrhein-Westfalen,Herford,Herford,32051,Herford,Im Babenbecker Feld,51,8.642520,52.128204,250.000,250.000,2026-06-25,,2026-06-18,Lithium-Batterie,Batterie,Speicher,SSE953792200922,578.000
SEE902815159181,Tiefbauamt KA Neureuter Str. 21,ABR918611390826,In Betrieb,Deutschland,Baden-Württemberg,Karlsruhe,Karlsruhe,76185,Karlsruhe,Neureuter Straße,21,8.355541,49.021705,100.000,100.000,2026-06-25,,2026-04-21,Lithium-Batterie,Batterie,Speicher,SSE929702432271,110.000
SEE958210318449,BESS FFPVA Bohmterheide,ABR928023152547,In Planung,Deutschland,Niedersachsen,Osnabrück,Bohmte,49163,Bohmte,,,8.312837,52.386577,8360.000,6120.000,2026-06-26,2027-10-01,,Lithium-Batterie,Batterie,Speicher,SSE979056635545,16720.000
SEE924750690031,BESS FFPVA Bissendorf-Himbergen,ABR937995708027,In Planung,Deutschland,Niedersachsen,Osnabrück,Bissendorf,49143,Bissendorf,,,8.182836,52.231107,8360.000,6120.000,2026-06-26,2027-10-01,,Lithium-Batterie,Batterie,Speicher,SSE939787203260,16720.000
SEE927725681966,Stromspeicher,ABR984512873133,In Betrieb,Deutschland,Nordrhein-Westfalen,Borken,Ahaus,48683,Ahaus,Kruppstraße,1,7.037824,52.082331,324.000,324.000,2026-06-26,,2026-05-29,Lithium-Batterie,Batterie,Speicher,SSE990015322443,645.000
SEE951167035872,sbv-Solaranlage,ABR999740912899,In Betrieb,Deutschland,Hessen,Lahn-Dill-Kreis,Wetzlar,35578,Wetzlar,,,8.524151,50.548891,125.000,125.000,2026-06-27,,2026-06-26,Lithium-Batterie,Batterie,Speicher,SSE933793130541,261.000
SEE987867100022,Speicher #1 Gewerbestraße 41,ABR978139885938,In Betrieb,Deutschland,Bayern,Main-Spessart,Frammersbach,97833,Frammersbach,Gewerbestraße,41,9.493473,50.053689,198.500,125.000,2026-06-28,,2026-05-29,Lithium-Batterie,Batterie,Speicher,SSE958837648196,261.250
SEE937661857103,Speicher #2 Gewerbestraße 41,ABR978139885938,In Betrieb,Deutschland,Bayern,Main-Spessart,Frammersbach,97833,Frammersbach,Gewerbestraße,41,9.493183,50.053543,198.500,125.000,2026-06-28,,2026-05-29,Lithium-Batterie,Batterie,Speicher,SSE960766876038,261.250
SEE991957070904,Dennis solar,ABR951223105198,In Betrieb,Deutschland,Nordrhein-Westfalen,Städteregion Aachen,Simmerath,52152,Simmerath,,,,,800.000,2.110,2026-08-08,,2026-07-25,Lithium-Batterie,Batterie,Speicher,SSE996499766469,2.110
SEE956189277590,BakonKWTom,ABR934212489684,In Planung,Deutschland,Baden-Württemberg,Sigmaringen,Mengen,88512,Mengen,Edelbrunnenweg,37,9.310206,48.056181,2300.000,800.000,2026-06-28,2026-07-05,,Lithium-Batterie,Batterie,Speicher,SSE980431819108,3.840
SEE921332026141,Speicher Becken Agrar,ABR994712669689,In Betrieb,Deutschland,Niedersachsen,Cuxhaven,Loxstedt,27612,Loxstedt,Eichenallee,36,8.635174,53.441765,270.000,108.000,2026-06-29,,2026-06-18,Lithium-Batterie,Batterie,Speicher,SSE920995836159,1205.000
SEE920304038144,Stromspeicher Garrel,ABR955488398906,In Betrieb,Deutschland,Niedersachsen,Cloppenburg,Garrel,49681,Garrel,Industriestraße,10,8.017381,52.946211,1000.000,1000.000,2026-06-29,,2026-06-03,Lithium-Batterie,Batterie,Speicher,SSE988248627701,1780.000
SEE925676473531,Tesvolt - Batteriespeicher,ABR971051559222,In Betrieb,Deutschland,Niedersachsen,Heidekreis,Schneverdingen,29640,Schneverdingen,,,9.843233,53.054482,167.000,167.000,2026-06-29,,2026-06-15,Lithium-Batterie,Batterie,Speicher,SSE984417817386,368.000
SEE934008759632,SP 110,ABR993913646208,In Betrieb,Deutschland,Niedersachsen,Ammerland,Westerstede,26655,Westerstede,,,,,123.900,29.900,2026-06-29,,2026-06-24,Lithium-Batterie,Batterie,Speicher,SSE925297826969,110.000
SEE931135490278,Solax 215,ABR915844573514,In Betrieb,Deutschland,Bayern,Weißenburg-Gunzenhausen,Treuchtlingen,91757,Treuchtlingen,Kohlmühle,1,10.931359,48.965400,100.000,100.000,2026-06-29,,2026-06-29,Lithium-Batterie,Batterie,Speicher,SSE989311125834,215.000
SEE952095697392,Marstek B2500-D Speicher,ABR959440832149,In Betrieb,Deutschland,Sachsen,Leipzig,Markranstädt,04420,Markranstädt,Fasanenstraße,22,12.234185,51.306466,224.000,224.000,2026-06-29,,2026-06-25,Lithium-Batterie,Batterie,Speicher,SSE942870876296,800.000
SEE971940460523,Batteriespeicher 688kWh,ABR905058889532,In Betrieb,Deutschland,Bayern,Regensburg,Schierling,84069,Schierling,Jakob-Brand-Straße,32,12.152230,48.845335,184.000,184.000,2026-06-29,,2026-01-01,Lithium-Batterie,Batterie,Speicher,SSE901723324889,688.000
SEE929118002006,Batteriespeicher Prinzhöfte,ABR985062114349,In Betrieb,Deutschland,Niedersachsen,Oldenburg,Prinzhöfte,27243,Prinzhöfte,Stolzbruch,,8.497147,52.936006,15000.000,15000.000,2026-07-07,,2026-06-04,Lithium-Batterie,Batterie,Speicher,SSE966488963551,30000.000
SEE969136220082,Speicher 1+2 Sunwoda OASIS L430 kWh + SMA X100 MSys,ABR969970018739,In Betrieb,Deutschland,Thüringen,Hildburghausen,Straufhain,98646,Straufhain,Am Weißbach,5,10.678121,50.349941,100.000,100.000,2026-06-29,,2026-04-17,Lithium-Batterie,Batterie,Speicher,SSE915402103719,430.000
SEE945521229786,Brochdorfer Straße 4B,ABR909002498047,In Betrieb,Deutschland,Niedersachsen,Heidekreis,Neuenkirchen,29643,Neuenkirchen,,,,,150.000,10.000,2026-06-29,,2026-06-26,Lithium-Batterie,Batterie,Speicher,SSE907840829702,11.800
SEE937358472763,Detjen Halle 2026,ABR973235809611,In Betrieb,Deutschland,Niedersachsen,Rotenburg (Wümme),Bremervörde,27432,Bremervörde,Bürgermeister-Reitmann-Straße,10,9.119900,53.494024,100.000,100.000,2026-06-29,,2026-06-29,Lithium-Batterie,Batterie,Speicher,SSE963068925275,102.400
SEE913585038255,Speicher,ABR989438113745,In Betrieb,Deutschland,Baden-Württemberg,Hohenlohekreis,Öhringen,74613,Öhringen,Kuhallmand,26,9.497931,49.196793,345.000,345.000,2026-06-30,,2026-06-26,Lithium-Batterie,Batterie,Speicher,SSE958982136197,696.000
SEE922460790515,Stromspeicher PV P32,ABR971444971907,In Betrieb,Deutschland,Bayern,Neustadt a.d. Waldnaab,Schwarzenbach,92720,Schwarzenbach,Parksteiner Straße,32,12.002144,49.728770,110.000,110.000,2026-06-30,,2026-06-23,Lithium-Batterie,Batterie,Speicher,SSE918419746580,229.140
SEE951604339228,BESS EBG Perlesreut eG Göschlmühle,ABR947981453466,In Planung,Deutschland,Bayern,Freyung-Grafenau,Ringelai,94160,Ringelai,Heinrichshof,2,13.463108,48.792840,2500.000,2500.000,2026-06-30,2026-09-01,,Sonstige Batterie,Batterie,Speicher,SSE966538232002,2500.000
SEE973386592660,"PV-Anlage ＆ Speicher, 2026",ABR921034291700,In Betrieb,Deutschland,Niedersachsen,Cuxhaven,Osten,21756,Osten,Landstraße,27,9.231658,53.741261,165.000,165.000,2026-06-30,,2026-06-15,Lithium-Batterie,Batterie,Speicher,SSE927829018675,215.000
SEE911529308662,"Speicher Krumbeck 3,01MWh",ABR948593382816,In Betrieb,Deutschland,Nordrhein-Westfalen,Borken,Stadtlohn,48703,Stadtlohn,Von-Ardenne-Straße,44,6.888377,51.985978,1400.000,1400.000,2026-07-01,,2026-06-01,Lithium-Batterie,Batterie,Speicher,SSE983653180957,3010.000
SEE922644357114,Kreipe Logistik Werkstatt Speicher,ABR931019275960,In Betrieb,Deutschland,Sachsen-Anhalt,Saalekreis,Schkopau,06258,Schkopau,Thomas-Müntzer-Straße,61 A,12.107397,51.397052,125.000,125.000,2026-07-01,,2026-04-24,Lithium-Batterie,Batterie,Speicher,SSE976268987141,218.000
SEE946101467147,BESS Badem II,ABR905314360300,In Planung,Deutschland,Rheinland-Pfalz,Eifelkreis Bitburg-Prüm,Badem,54657,Badem,,,6.611012,50.020891,5250.000,5250.000,2026-07-01,2027-03-26,,Lithium-Batterie,Batterie,Speicher,SSE935407158620,15000.000
SEE998653094524,Batteriespeicher,ABR981139888335,In Betrieb,Deutschland,Saarland,Regionalverband Saarbrücken,Saarbrücken,66119,Saarbrücken,Am Felsbrunnen,2,7.024550,49.196396,125.000,125.000,2026-07-01,,2026-06-03,Lithium-Batterie,Batterie,Speicher,SSE965570787709,514.000
SEE943586215928,BESS Orsfeld II,ABR905314360300,In Planung,Deutschland,Rheinland-Pfalz,Eifelkreis Bitburg-Prüm,Orsfeld,54655,Orsfeld,,,6.611006,50.020871,3010.000,3010.000,2026-07-01,2027-03-26,,Lithium-Batterie,Batterie,Speicher,SSE948197745543,10030.000
SEE966591116295,Speicher DRK-Hanau,ABR990988480430,In Planung,Deutschland,Hessen,Main-Kinzig-Kreis,Hanau,63452,Hanau,Johann-Carl-Koch-Straße,4,8.942001,50.144529,108.000,108.000,2026-07-01,2026-07-15,,Lithium-Batterie,Batterie,Speicher,SSE999421490104,215.000
SEE912233494436,Speicher Roitzsch,ABR984442488490,In Planung,Deutschland,Sachsen-Anhalt,Anhalt-Bitterfeld,Sandersdorf-Brehna,06809,Roitzsch,,,12.235323,51.580847,12500.000,12500.000,2026-07-02,2026-10-30,,Lithium-Batterie,Batterie,Speicher,SSE965077138295,25000.000
SEE940318560370,Gewrebespeicher Wittigschlager,ABR976706147953,In Betrieb,Deutschland,Bayern,Neustadt a.d. Aisch-Bad Windsheim,Obernzenn,91619,Obernzenn,Hechelbach,6,10.533863,49.468186,100.000,100.000,2026-07-02,,2026-07-01,Lithium-Batterie,Batterie,Speicher,SSE947394172039,215.000
SEE930102065761,Stromspeicher_Werkstatt_200kW_01,ABR933446192438,In Betrieb,Deutschland,Hessen,Main-Kinzig-Kreis,Hasselroth,63594,Hasselroth,Richard-J.-Ruff-Straße,2,9.097946,50.156506,110.000,100.000,2026-07-02,,2026-06-23,Lithium-Batterie,Batterie,Speicher,SSE964579999304,215.000
SEE989074292897,enerkii Fruchthof Mühlhausen - Speicher,ABR937717781710,In Betrieb,Deutschland,Thüringen,Unstrut-Hainich-Kreis,Mühlhausen/Thüringen,99974,Mühlhausen,Bollstedter Landstraße,31,10.504048,51.213429,200.000,200.000,2026-07-02,,2026-06-29,Lithium-Batterie,Batterie,Speicher,SSE979082226755,430.000
SEE975312030383,Gewerbespeicher Menke Gerüstbau,ABR908457831683,In Planung,Deutschland,Berlin,Berlin,Berlin,13407,Berlin,Roedernallee,9,13.347889,52.580057,100.000,100.000,2026-07-02,2026-07-08,,Lithium-Batterie,Batterie,Speicher,SSE927592215325,194.560
SEE959733540096,NM Batteriespeicher Parkhaus Nord,ABR935547757509,In Betrieb,Deutschland,Bayern,Nürnberg,Nürnberg,90471,Nürnberg,Messezentrum,1,11.117305,49.423427,300.000,300.000,2026-07-02,,2025-04-07,Lithium-Batterie,Batterie,Speicher,SSE934639374211,920.000
SEE961614121584,NM Batteriespeicher Halle 12-1,ABR935547757509,In Betrieb,Deutschland,Bayern,Nürnberg,Nürnberg,90471,Nürnberg,Messezentrum,1,11.109386,49.418011,300.000,300.000,2026-07-02,,2025-04-07,Lithium-Batterie,Batterie,Speicher,SSE992048161303,850.000
SEE978763275808,NM Batteriespeicher Halle 12-2,ABR935547757509,In Betrieb,Deutschland,Bayern,Nürnberg,Nürnberg,90471,Nürnberg,Messezentrum,1,11.109479,49.418035,300.000,300.000,2026-07-02,,2025-04-07,Lithium-Batterie,Batterie,Speicher,SSE905167587763,920.000
SEE953988258577,NM Batteriespeicher NCC Ost -1,ABR935547757509,In Betrieb,Deutschland,Bayern,Nürnberg,Nürnberg,90471,Nürnberg,Messezentrum,1,11.121178,49.419814,300.000,300.000,2026-07-02,,2025-07-01,Lithium-Batterie,Batterie,Speicher,SSE957088904990,850.000
SEE947543892115,NM Batteriespeicher NCC Ost -2,ABR935547757509,In Betrieb,Deutschland,Bayern,Nürnberg,Nürnberg,90471,Nürnberg,Messezentrum,1,11.121150,49.419757,300.000,300.000,2026-07-02,,2025-07-01,Lithium-Batterie,Batterie,Speicher,SSE986631107571,920.000
SEE957802589816,NM Batteriespeicher Parkplatz Süd-Ost 1,ABR935547757509,In Betrieb,Deutschland,Bayern,Nürnberg,Nürnberg,90471,Nürnberg,Messezentrum,1,11.122002,49.417336,300.000,300.000,2026-07-02,,2025-04-07,Lithium-Batterie,Batterie,Speicher,SSE989216835807,920.000
SEE931433343382,NM Batteriespeicher NXT74,ABR935547757509,In Betrieb,Deutschland,Bayern,Nürnberg,Nürnberg,90471,Nürnberg,Messezentrum,1,11.114851,49.416546,300.000,300.000,2026-07-02,,2025-07-01,Lithium-Batterie,Batterie,Speicher,SSE937067126247,920.000
SEE956696520721,Stromspeicher Halberstadt 2nd Life,ABR908279458815,In Planung,Deutschland,Sachsen-Anhalt,Harz,Halberstadt,38820,Halberstadt,Daimler-Truck-Str.,1,11.098577,51.906350,1000.000,1000.000,2026-07-28,2026-09-30,,Lithium-Batterie,Batterie,Speicher,SSE950959307234,2000.000
SEE955667827456,Halle - Netto Delitzscher Straße,ABR982873533390,In Betrieb,Deutschland,Sachsen-Anhalt,Halle (Saale),Halle (Saale),06112,Halle,Delitzscher Straße,49,11.998452,51.478984,436.000,436.000,2026-07-03,,2026-06-24,Lithium-Batterie,Batterie,Speicher,SSE924590010495,436.000
SEE959451562875,BESS Krostitz,ABR957053618075,In Planung,Deutschland,Sachsen,Nordsachsen,Krostitz,04509,Krostitz,Im Mittelfeld,20,12.417212,51.438147,8000.000,5140.000,2026-07-03,2026-12-31,,Lithium-Batterie,Batterie,Speicher,SSE907509875224,20060.000
SEE980007948287,PV-Speicher Ehringen-Süd-Ost,ABR969831536914,In Betrieb,Deutschland,Bayern,Donau-Ries,Wallerstein,86757,Wallerstein,,,10.487270,48.870690,750.000,625.000,2026-07-03,,2026-07-01,Lithium-Batterie,Batterie,Speicher,SSE957205947749,1445.000
SEE978949372499,Batteriespeicher,ABR956195237588,In Betrieb,Deutschland,Thüringen,Unstrut-Hainich-Kreis,Mühlhausen/Thüringen,99974,Mühlhausen,Sondershäuser Landstraße,25 d,10.483243,51.217360,250.000,250.000,2026-07-03,,2026-06-25,Lithium-Batterie,Batterie,Speicher,SSE986723944909,504.000
SEE997572488506,Green-R-SP,ABR900133438247,In Betrieb,Deutschland,Nordrhein-Westfalen,Gütersloh,Rheda-Wiedenbrück,33378,Rheda-Wiedenbrück,Föhrenweg,4,8.315827,51.852085,100.000,100.000,2026-07-09,,2026-07-03,Lithium-Batterie,Batterie,Speicher,SSE976636927106,215.000
SEE989838241833,Battery Park Höxter 1,ABR918952916969,In Planung,Deutschland,Nordrhein-Westfalen,Höxter,Höxter,37671,Höxter,Eugen-Diesel-Straße,16,9.394637,51.790130,65000.000,65000.000,2026-07-03,2027-03-31,,Lithium-Batterie,Batterie,Speicher,SSE933370988091,153400.000
SEE999242351424,Battery Park Höxter 2,ABR918952916969,In Planung,Deutschland,Nordrhein-Westfalen,Höxter,Höxter,37671,Höxter,Eugen-Diesel-Straße,16,9.394637,51.790130,65000.000,65000.000,2026-07-03,2027-03-31,,Blei-Batterie,Batterie,Speicher,SSE919881800077,153400.000
SEE959230893404,ABR976941935094,ABR976941935094,In Planung,Deutschland,Mecklenburg-Vorpommern,Rostock,Laage,18299,Laage,,,,,4000.000,8.440,2026-07-03,2026-08-03,,Lithium-Batterie,Batterie,Speicher,SSE927081826797,8.440
SEE933996098181,BESS Löwenberger Land I,ABR915209255888,In Betrieb,Deutschland,Brandenburg,Oberhavel,Löwenberger Land,16775,Löwenberger Land,,,13.159517,52.891540,15750.000,15750.000,2026-07-05,,2026-07-05,Lithium-Batterie,Batterie,Speicher,SSE995447721178,31500.000
SEE937755233493,BESS Löwenberger Land II,ABR915209255888,In Betrieb,Deutschland,Brandenburg,Oberhavel,Löwenberger Land,16775,Löwenberger Land,,,13.159825,52.891721,22500.000,22500.000,2026-07-05,,2026-07-05,Lithium-Batterie,Batterie,Speicher,SSE983134959706,45000.000
SEE964774615719,ATU Konstanz,ABR905594813626,In Planung,Deutschland,Baden-Württemberg,Konstanz,Konstanz,78467,Konstanz,Max-Stromeyer-Straße,55 a,9.148969,47.679772,185.000,185.000,2026-07-06,2026-08-17,,Lithium-Batterie,Batterie,Speicher,SSE936356437620,780.000
SEE908939522733,BESS Bergholz,ABR924016454384,In Planung,Deutschland,Mecklenburg-Vorpommern,Vorpommern-Greifswald,Bergholz,17321,Bergholz,,,14.178384,53.426566,32400.000,32400.000,2026-07-06,2026-12-01,,Lithium-Batterie,Batterie,Speicher,SSE901856443716,129600.000
SEE983739315891,Stromspeicher,ABR908544323008,In Betrieb,Deutschland,Bayern,Passau,Vilshofen an der Donau,94474,Vilshofen,Alte Bahnhofstraße,14,13.120889,48.659365,100.000,100.000,2026-07-06,,2026-06-15,Lithium-Batterie,Batterie,Speicher,SSE990212621288,160.000
SEE903210339574,Stromspeicher PV-Anlage Werkstatt,ABR931517322418,In Betrieb,Deutschland,Sachsen,Bautzen,Elsterheide,02979,Elsterheide,An der Siebanlage,,14.255360,51.523127,120.000,120.000,2026-07-10,,2024-02-22,Lithium-Batterie,Batterie,Speicher,SSE920413565081,153.000
SEE957736909193,BESS Langer Weg 51 in Stendal,ABR943910408156,In Planung,Deutschland,Sachsen-Anhalt,Stendal,Stendal,39576,Stendal,Langer Weg,51,11.864031,52.624167,3000.000,3000.000,2026-07-06,2026-11-01,,Lithium-Batterie,Batterie,Speicher,SSE972050289011,5794.000
SEE929734484736,Stromspeicher,ABR950202765699,In Betrieb,Deutschland,Niedersachsen,Aurich,Norden,26506,Norden,Drechslerstraße,2,7.223362,53.579058,600.000,600.000,2026-07-07,,2026-07-06,Lithium-Batterie,Batterie,Speicher,SSE947473629126,892.800
SEE988302497264,Speicher Riesa Trst. Fertigung BA 4,ABR984941965676,In Planung,Deutschland,Sachsen,Meißen,Riesa,01587,Riesa,Glogauer Straße,9,13.275111,51.297975,1080.000,1080.000,2026-07-07,2026-09-01,,Lithium-Batterie,Batterie,Speicher,SSE996418010208,2410.000
SEE989469210413,Batterie Intillion Scalestac,ABR916737779723,In Betrieb,Deutschland,Nordrhein-Westfalen,Kleve,Geldern,47608,Geldern,Max-Planck-Straße,44,6.356603,51.525430,200.000,200.000,2026-07-07,,2025-04-01,Lithium-Batterie,Batterie,Speicher,SSE921405780512,616.000
SEE947008405478,BESS Bobe Spedition 2,ABR956757787827,In Planung,Deutschland,Nordrhein-Westfalen,Lippe,Bad Salzuflen,32108,Bad Salzuflen,Meierweg,1,8.759727,52.046973,125.000,125.000,2026-07-07,2026-08-01,,Lithium-Batterie,Batterie,Speicher,SSE969589831118,96.500
SEE952115747069,VAR Hamm,ABR972094556292,In Planung,Deutschland,Nordrhein-Westfalen,Hamm,Hamm,59067,Hamm,Küferstraße,15,7.759084,51.664769,125.000,125.000,2026-07-07,2026-09-01,,Lithium-Batterie,Batterie,Speicher,SSE954429664209,261.000
SEE926695331482,Fenecon Graustromspeicher,ABR953780965185,In Betrieb,Deutschland,Bayern,Passau,Passau,94036,Passau,,,13.362600,48.586950,1500.000,1500.000,2026-07-24,,2026-07-23,Lithium-Batterie,Batterie,Speicher,SSE936564283071,3661.200
SEE946036687795,Solar Eichenstraße,ABR906290412991,In Planung,Deutschland,Niedersachsen,Grafschaft Bentheim,Nordhorn,48531,Nordhorn,,,,,800.000,4.400,2026-07-07,2026-07-16,,Lithium-Batterie,Batterie,Speicher,SSE966227342951,4.200
SEE912203610996,Batteriespeicher 1 Firmensitz Bloxxkraft,ABR997639929966,In Planung,Deutschland,Nordrhein-Westfalen,Minden-Lübbecke,Bad Oeynhausen,32549,Bad Oeynhausen,Kleine Heide,5,8.817823,52.229478,750.000,750.000,2026-07-07,2026-11-01,,Lithium-Batterie,Batterie,Speicher,SSE954088508180,3000.000
SEE990041747906,Batteriespeicher Krummhörn,ABR963186696798,In Planung,Deutschland,Niedersachsen,Aurich,Krummhörn,26736,Krummhörn,Neu-Etumer Straße,1 A,7.060580,53.466476,178.000,50.000,2026-07-08,2026-08-31,,Lithium-Batterie,Batterie,Speicher,SSE916906652314,178.000
SEE934638488643,Speicher Werk 3 BTM 625 kW,ABR914861555473,In Planung,Deutschland,Niedersachsen,Vechta,Lohne (Oldenburg),49393,Lohne,Pöppelmannstraße,5,8.169188,52.660806,625.000,625.000,2026-07-08,2027-01-01,,Lithium-Batterie,Batterie,Speicher,SSE959534723902,1150.000
SEE972115821415,Batterie-Speicher H5,ABR957215818534,In Betrieb,Deutschland,Schleswig-Holstein,Rendsburg-Eckernförde,Rendsburg,24768,Rendsburg,Suhmsberg,26,9.624672,54.323455,100.000,100.000,2026-07-08,,2026-06-11,Lithium-Batterie,Batterie,Speicher,SSE947967187354,516.000
SEE906881721631,Freiburg - McFit ＆ McDonalds,ABR982873533390,In Betrieb,Deutschland,Baden-Württemberg,Freiburg im Breisgau,Freiburg im Breisgau,79115,Freiburg,Basler Straße,109,7.820649,47.984686,436.000,436.000,2026-07-08,,2026-06-26,Lithium-Batterie,Batterie,Speicher,SSE951556959772,436.000
SEE915717260992,LG Resu 10 KW Speicher,ABR990174963921,In Betrieb,Deutschland,Nordrhein-Westfalen,Warendorf,Drensteinfurt,48317,Drensteinfurt,,,,,189.000,13.000,2026-07-08,,2026-07-07,Lithium-Batterie,Batterie,Speicher,SSE991535736918,8.000
SEE972074109685,Oldenburg - Netto Alter Postweg,ABR982873533390,In Betrieb,Deutschland,Niedersachsen,Oldenburg (Oldb),Oldenburg (Oldb),26133,Oldenburg,Alter Postweg,128,8.208819,53.102609,436.000,436.000,2026-07-08,,2026-06-30,Lithium-Batterie,Batterie,Speicher,SSE906312464540,436.000
SEE981600590392,251256-251258-Im Babenbeckerfeld 51,ABR902241786029,In Betrieb,Deutschland,Nordrhein-Westfalen,Herford,Herford,32051,Herford,Im Babenbecker Feld,51,8.642520,52.128204,250.000,250.000,2026-07-08,,2026-07-01,Lithium-Batterie,Batterie,Speicher,SSE977627962632,578.000
SEE988592083611,Speicher 1,ABR907372393481,In Betrieb,Deutschland,Nordrhein-Westfalen,Warendorf,Ahlen,59227,Ahlen,Halene-Kampen,55,7.879652,51.788740,125.000,125.000,2026-07-09,,2026-07-08,Lithium-Batterie,Batterie,Speicher,SSE937470580353,234.900
SEE999901485538,Batteriespeicher Halle 3,ABR936157395273,In Planung,Deutschland,Baden-Württemberg,Schwarzwald-Baar-Kreis,St. Georgen im Schwarzwald,78112,St. Georgen,Bruderhausweg,11,8.347240,48.125735,100.000,100.000,2026-07-09,2026-09-01,,Lithium-Batterie,Batterie,Speicher,SSE985790974123,488.000
SEE922566498834,MM20 - Speicher Bergzow,ABR967693187091,In Planung,Deutschland,Sachsen-Anhalt,Jerichower Land,Elbe-Parey,39307,Bergzow,,,12.053152,52.391152,4000.000,4000.000,2026-07-09,2026-08-01,,Lithium-Batterie,Batterie,Speicher,SSE989885359451,8000.000
SEE934016656565,Marstek,ABR976136762603,In Betrieb,Deutschland,Rheinland-Pfalz,Bad Kreuznach,Kirn,55606,Kirn,,,,,512.000,0.800,2026-07-09,,2026-06-20,Lithium-Batterie,Batterie,Speicher,SSE946982119548,0.800
SEE997303753323,Speicher,ABR923089918137,In Betrieb,Deutschland,Baden-Württemberg,Schwäbisch Hall,Ilshofen,74532,Ilshofen,Max-Eyth-Straße,13,9.946720,49.153006,100.000,100.000,2026-07-09,,2026-06-22,Lithium-Batterie,Batterie,Speicher,SSE940319735838,430.000
SEE943837779124,Speicher Freizetparadies,ABR972768397855,In Betrieb,Deutschland,Bayern,Ansbach,Geslau,91608,Geslau,Lauterbach,2 b,10.320137,49.346051,200.000,200.000,2026-07-10,,2026-06-12,Lithium-Batterie,Batterie,Speicher,SSE915319284204,456.000
SEE956487660896,Batteriespeicher Reiterhof Elfriede Fraunholz,ABR935978036716,In Betrieb,Deutschland,Bayern,Ansbach,Dinkelsbühl,91550,Dinkelsbühl,Lohe,5,10.329075,49.091788,100.000,100.000,2026-07-10,,2026-06-12,Lithium-Batterie,Batterie,Speicher,SSE955785860724,215.000
SEE904983927067,Speicher Mack Gunzendorf,ABR916011905558,In Betrieb,Deutschland,Bayern,Ansbach,Geslau,91608,Geslau,Gunzendorf,3,10.293699,49.369983,100.000,100.000,2026-07-10,,2026-06-15,Lithium-Batterie,Batterie,Speicher,SSE974175888537,215.000
SEE968588783466,Speicher Hans Hauf,ABR904436505804,In Betrieb,Deutschland,Bayern,Ansbach,Colmberg,91598,Colmberg,Bieg,9,10.380926,49.350631,100.000,100.000,2026-07-10,,2026-06-16,Lithium-Batterie,Batterie,Speicher,SSE973922750820,244.000
SEE928125564163,Batteriespeicher Gefluegel Wellhöfer,ABR936327346241,In Betrieb,Deutschland,Bayern,Ansbach,Lehrberg,91611,Lehrberg,Rothenburger Straße,20,10.497757,49.349844,100.000,100.000,2026-07-10,,2026-07-02,Lithium-Batterie,Batterie,Speicher,SSE940218707721,244.000
SEE966196482160,Speicher Mathias Braun,ABR971387040487,In Betrieb,Deutschland,Bayern,Ansbach,Leutershausen,91578,Leutershausen,Winden,4,10.427058,49.315089,100.000,100.000,2026-07-10,,2026-06-24,Lithium-Batterie,Batterie,Speicher,SSE999962043487,244.000
SEE958019301185,Gewerbe BatteriespeicherPapuso 99.9kWp,ABR902182766272,In Betrieb,Deutschland,Nordrhein-Westfalen,Solingen,Solingen,42699,Solingen,Mühlenstraße,25,7.007714,51.156638,110.000,100.000,2026-07-10,,2026-07-09,Lithium-Batterie,Batterie,Speicher,SSE904868873496,232.000
SEE991647055723,Haus,ABR909516144676,In Planung,Deutschland,Niedersachsen,Region Hannover,Lehrte,31275,Lehrte,Bergstraße,19,10.116609,52.347786,800.000,800.000,2026-07-12,2026-08-01,,Lithium-Batterie,Batterie,Speicher,SSE984834613271,6.500
SEE916705227171,Nieberle-Melkhaus,ABR982401683344,In Betrieb,Deutschland,Bayern,Ostallgäu,Mauerstetten,87665,Mauerstetten,Hornachweg,25,10.669369,47.862868,125.000,125.000,2026-07-13,,2026-06-24,Lithium-Batterie,Batterie,Speicher,SSE957476541233,260.000
SEE957509905735,BESS Eisenach,ABR937717781710,In Betrieb,Deutschland,Thüringen,Wartburgkreis,Eisenach,99817,Eisenach,Altstadtstraße,28,10.339685,50.975136,100.000,100.000,2026-07-13,,2026-07-07,Lithium-Batterie,Batterie,Speicher,SSE978324157857,215.000
SEE937262655818,BEES am Wandwasser,ABR965484107358,In Planung,Deutschland,Bayern,Aichach-Friedberg,Todtenweis,86447,Todtenweis,,,10.882858,48.504760,8000.000,8000.000,2026-07-13,2026-07-15,,Lithium-Batterie,Batterie,Speicher,SSE967358432160,20000.000
SEE956224410487,Batteriespeicher Nr.1,ABR913826851926,In Betrieb,Deutschland,Nordrhein-Westfalen,Rhein-Sieg-Kreis,Bornheim,53332,Bornheim,Römerhof,1,6.967592,50.736740,200.000,200.000,2026-07-13,,2026-07-02,Lithium-Batterie,Batterie,Speicher,SSE987118315410,430.000
SEE976268355988,"260714_LUD_V＆V_748,8kWp_BS",ABR902319675835,In Betrieb,Deutschland,Rheinland-Pfalz,Vulkaneifel,Dreis-Brück,54552,Dreis-Brück,Vulkanhöhe I,1,6.824019,50.270065,500.000,500.000,2026-07-14,,2026-07-14,Lithium-Batterie,Batterie,Speicher,SSE924249083573,885.000
SEE933012059561,Oerkel,ABR912696784426,In Betrieb,Deutschland,Nordrhein-Westfalen,Wesel,Kamp-Lintfort,47475,Kamp-Lintfort,,,,,798.000,5.300,2026-07-14,,2025-07-01,Lithium-Batterie,Batterie,Speicher,SSE945213506614,800.000
SEE982015826137,Balkonkraftwerk,ABR917304568511,In Betrieb,Deutschland,Niedersachsen,Cuxhaven,Lamstedt,21769,Lamstedt,,,,,2100.000,0.700,2026-07-15,,2026-07-15,Lithium-Batterie,Batterie,Speicher,SSE935858908430,2100.000
SEE996819917731,Batteriespeicher HKW-West,ABR907617485391,In Planung,Deutschland,Baden-Württemberg,Karlsruhe,Karlsruhe,76185,Karlsruhe,Honsellstraße,35,8.350670,49.013328,12000.000,12000.000,2026-07-15,2026-09-07,,Lithium-Batterie,Batterie,Speicher,SSE930993425729,25000.000
SEE998123103299,Prüffeld,ABR985806446408,In Planung,Deutschland,Rheinland-Pfalz,Südliche Weinstraße,Bornheim,76879,Bornheim,In der Viehweide,15,8.174603,49.211775,1250.000,1250.000,2026-07-15,2026-08-01,,Lithium-Batterie,Batterie,Speicher,SSE935090804194,1000.000
SEE994557563715,Speicher PV PZ Rheinbach #2,ABR940789495836,In Betrieb,Deutschland,Nordrhein-Westfalen,Rhein-Sieg-Kreis,Rheinbach,53359,Rheinbach,Cäcilie-Fröhlich-Straße,4 - 4a,6.974820,50.621800,110.000,110.000,2026-07-15,,2026-07-01,Lithium-Batterie,Batterie,Speicher,SSE973760244284,225.000
SEE946360532327,PV Speicher Lambernweg,ABR957635803530,In Betrieb,Deutschland,Nordrhein-Westfalen,Herford,Enger,32130,Enger,Lambernweg,42,8.562729,52.148249,100.000,100.000,2026-07-15,,2026-07-01,Lithium-Batterie,Batterie,Speicher,SSE993410810263,215.000
SEE900128069432,Batteriespeicher Industriestraße 23,ABR918456527777,In Planung,Deutschland,Thüringen,Greiz,Zeulenroda-Triebes,07937,Zeulenroda-Triebes,Industriestraße,23,12.004469,50.661639,200.000,200.000,2026-07-15,2026-11-01,,Lithium-Batterie,Batterie,Speicher,SSE999225051051,509.000
SEE974958139948,Akku 552 KWh Außenlager Gewerbedorf 7,ABR961657855309,In Betrieb,Deutschland,Bayern,Deggendorf,Hunding,94551,Hunding,Gewerbedorf,7,13.151601,48.839371,276.000,276.000,2026-07-15,,2026-07-08,Lithium-Batterie,Batterie,Speicher,SSE949959461589,552.000
SEE907664689391,Anker Solix 4 pro Speicher 10kWh,ABR962724111038,In Betrieb,Deutschland,Bayern,Traunstein,Fridolfing,83413,Fridolfing,Am Pflanzgarten,41,12.822307,48.004475,800.000,800.000,2026-08-07,,2026-07-27,Lithium-Batterie,Batterie,Speicher,SSE988662736935,10.000
SEE910366310531,Balkonkraftwerk,ABR935474704003,In Betrieb,Deutschland,Baden-Württemberg,Biberach,Biberach an der Riß,88400,Biberach,Rindenmooser Straße,4,9.781224,48.079629,100.000,100.000,2026-07-15,,2026-07-15,Lithium-Batterie,Batterie,Speicher,SSE979018050027,2.000
SEE967250391541,Batterie Schuppen,ABR970356345516,In Planung,Deutschland,Rheinland-Pfalz,Westerwaldkreis,Oberelbert,56412,Oberelbert,Trifter Weg,7,7.811860,50.388234,4000.000,4000.000,2026-07-15,2026-08-03,,Lithium-Batterie,Batterie,Speicher,SSE944599612001,6.240
SEE908308989297,AHS - Wego VTI Speichersysteme,ABR924410946720,In Planung,Deutschland,Hessen,Main-Kinzig-Kreis,Hanau,63457,Hanau,Voltastraße,11,8.928001,50.111994,648.000,648.000,2026-07-16,2026-08-14,,Lithium-Batterie,Batterie,Speicher,SSE935601762227,1446.000
SEE974946295144,AHS - Hofgut Bayha Speichersysteme,ABR924410946720,In Planung,Deutschland,Hessen,Main-Kinzig-Kreis,Linsengericht,63589,Linsengericht,Hofgut Bayha,1,9.204574,50.193755,540.000,540.000,2026-07-16,2026-08-14,,Lithium-Batterie,Batterie,Speicher,SSE997709686102,1205.000
SEE968221099145,Ladepark Speicher,ABR976219177775,In Planung,Deutschland,Baden-Württemberg,Ravensburg,Baindt,88255,Baindt,Am Umspannwerk,6,9.633562,47.836293,184.000,184.000,2026-07-16,2026-08-14,,Lithium-Batterie,Batterie,Speicher,SSE954913319790,368.000
SEE954926893607,Speicher Neuhaus-Rosien,ABR936224632805,In Planung,Deutschland,Niedersachsen,Lüneburg,Amt Neuhaus,19273,Rosien,Hauptstraße (Rosien),20 A,10.974134,53.294034,125.000,125.000,2026-07-16,2026-08-01,,Lithium-Batterie,Batterie,Speicher,SSE936786246724,255.000
SEE924492583332,"Eckel Energy GmbH ＆ Co. KG, Heisterbreite 2d, BESS-2,5MW-5MWh",ABR907316322393,In Planung,Deutschland,Niedersachsen,Schaumburg,Rinteln,31737,Rinteln,Heisterbreite,2 D,9.072266,52.165149,2500.000,2500.000,2026-07-16,2026-12-31,,Lithium-Batterie,Batterie,Speicher,SSE979230677798,5000.000
SEE992042617912,Gaustromspeicher,ABR977460086243,In Betrieb,Deutschland,Bayern,Rosenheim,Frasdorf,83112,Frasdorf,Dösdorf,2,12.309530,47.812055,460.000,460.000,2026-07-16,,2026-07-13,Lithium-Batterie,Batterie,Speicher,SSE927466639080,920.000
SEE907793081882,Speicher Diezinger Leutershausen,ABR922637164897,In Betrieb,Deutschland,Bayern,Ansbach,Leutershausen,91578,Leutershausen,Färbereistraße,2 b,10.424648,49.298448,100.000,100.000,2026-07-16,,2026-07-15,Lithium-Batterie,Batterie,Speicher,SSE913955886332,241.000
SEE924252672238,"PV+151,65",ABR999629322467,In Betrieb,Deutschland,Nordrhein-Westfalen,Ennepe-Ruhr-Kreis,Gevelsberg,58285,Gevelsberg,Kalthofs Park,10,7.334498,51.346703,100.000,100.000,2026-07-16,,2026-07-09,Lithium-Batterie,Batterie,Speicher,SSE995031144666,123.000
SEE937155857411,Speicher Kläranlage Dentlein,ABR965560991246,In Betrieb,Deutschland,Bayern,Ansbach,Dentlein a. Forst,91599,Dentlein,Hauptstraße,2,10.419306,49.127956,100.000,100.000,2026-07-16,,2026-07-16,Lithium-Batterie,Batterie,Speicher,SSE914920180448,241.000
SEE991793200824,251250-2512105-Senderstraße 11,ABR902241786029,In Planung,Deutschland,Nordrhein-Westfalen,Herford,Herford,32049,Herford,Senderstraße,11,8.732867,52.132121,250.000,250.000,2026-07-16,2026-09-01,,Lithium-Batterie,Batterie,Speicher,SSE960043090560,578.000
SEE975888611894,Speicher-Hamel,ABR964196782426,In Betrieb,Deutschland,Niedersachsen,Osnabrück,Georgsmarienhütte,49124,Georgsmarienhütte,Von-Galen-Straße,8 A,8.007049,52.220355,600.000,600.000,2026-07-16,,2026-07-01,Lithium-Batterie,Batterie,Speicher,SSE952832928680,1.920
SEE940168336477,Speicher Betz AS 1048,ABR999711645948,In Planung,Deutschland,Baden-Württemberg,Biberach,Laupheim,88471,Laupheim,Oberer Riedweg,31/1,9.868262,48.201976,138.000,138.000,2026-07-17,2026-08-01,,Lithium-Batterie,Batterie,Speicher,SSE963224887065,262.080
SEE929846553108,Batteriespeicher,ABR922343646472,In Planung,Deutschland,Sachsen-Anhalt,Altmarkkreis Salzwedel,Salzwedel,29410,Salzwedel,Pretzierer Dorfstraße,37,11.258106,52.829310,140.000,140.000,2026-07-17,2026-09-09,,Lithium-Batterie,Batterie,Speicher,SSE994868157313,368.600
SEE935043548922,PV Anlage 88045 Friedrichshafen - Franziskuszentrum,ABR902342319164,In Betrieb,Deutschland,Baden-Württemberg,Bodenseekreis,Friedrichshafen,88045,Friedrichshafen,Franziskusplatz,1,9.474423,47.653686,160.000,160.000,2026-07-17,,2026-06-24,Lithium-Batterie,Batterie,Speicher,SSE956964477801,506.520
SEE922601229591,"Stromspeicher Lahntal Solarpark ""Sandhute""",ABR915074286734,In Planung,Deutschland,Hessen,Marburg-Biedenkopf,Lahntal,35094,Lahntal,,,8.740508,50.874717,10000.000,10000.000,2026-07-17,2027-03-26,,Lithium-Batterie,Batterie,Speicher,SSE929730887296,25000.000
SEE973621142070,PV Köster Möbelwerkstätten Betriebsgebäude,ABR933215845107,In Betrieb,Deutschland,Nordrhein-Westfalen,Steinfurt,Altenberge,48341,Altenberge,Boschstr.,20,7.452523,52.043351,100.000,100.000,2026-07-17,,2026-07-15,Sonstige Batterie,Batterie,Speicher,SSE980774895005,240.000
SEE940945451591,Halle,ABR934093661247,In Betrieb,Deutschland,Niedersachsen,Diepholz,Eydelstedt,49406,Eydelstedt,Hülsmeyer Straße,56,8.530948,52.716351,108.000,108.000,2026-07-17,,2026-05-07,Lithium-Batterie,Batterie,Speicher,SSE933898533933,215.000
SEE903072597747,trlyr 7,ABR929686936963,In Planung,Deutschland,Sachsen,Bautzen,Lohsa,02999,Lohsa,Dr.-Walter-Schubert-Straße,,14.409024,51.390656,8000.000,8000.000,2026-07-17,2026-07-24,,Lithium-Batterie,Batterie,Speicher,SSE985764489455,17500.000
SEE986700183512,Hoymiles MS-A2,ABR969005986453,In Planung,Deutschland,Sachsen,Leipzig,Leipzig,04159,Leipzig,Jungfernstiege,7,12.280888,51.386331,800.000,800.000,2026-07-18,2026-08-05,,Lithium-Batterie,Batterie,Speicher,SSE977604293117,2.240
SEE992618988392,Heims_Elementbau_Batterie,ABR980189098022,In Betrieb,Deutschland,Niedersachsen,Harburg,Drage,21423,Drage,Handwerkerstraße,14,10.277668,53.416995,100.000,100.000,2026-08-04,,2026-07-30,Lithium-Batterie,Batterie,Speicher,SSE972373110405,232.000
SEE943367265234,Speicher Umlade Herten 430 kWh,ABR989408754275,In Planung,Deutschland,Nordrhein-Westfalen,Recklinghausen,Herten,45701,Herten,Heidestraße,80,7.086915,51.614782,216.000,216.000,2026-07-20,2026-07-31,,Lithium-Batterie,Batterie,Speicher,SSE992701342445,430.000
SEE951905804784,Waldfreibad Allmendingen,ABR916962921041,In Betrieb,Deutschland,Baden-Württemberg,Alb-Donau-Kreis,Allmendingen,89604,Allmendingen,Schwimmbadweg,32,9.712920,48.330115,123.900,110.000,2026-07-20,,2026-05-11,Sonstige Batterie,Batterie,Speicher,SSE950964637371,110.000
SEE923847697854,Karl Hauf Hofspeicher,ABR913985313464,In Betrieb,Deutschland,Bayern,Ansbach,Dinkelsbühl,91550,Dinkelsbühl,Bernhardswend,7,10.417455,49.074780,100.000,100.000,2026-07-21,,2026-06-22,Lithium-Batterie,Batterie,Speicher,SSE992627909012,215.000
SEE902743582273,Batteriespeicher Gersthofen 2,ABR903690099142,In Planung,Deutschland,Bayern,Augsburg,Gersthofen,86368,Gersthofen,,,10.884129,48.449703,7500.000,7500.000,2026-07-21,2026-09-01,,Lithium-Batterie,Batterie,Speicher,SSE992381316484,15000.000
SEE974266768434,BESS Werksgelände,ABR914094269413,In Betrieb,Deutschland,Baden-Württemberg,Heidenheim,Heidenheim an der Brenz,89522,Heidenheim,Meeboldstraße,1,10.160521,48.681643,4472.000,4472.000,2026-07-21,,2026-07-08,Lithium-Batterie,Batterie,Speicher,SSE957176003109,7490.000
SEE924359414137,Batteriespeicher Dießen,ABR903690099142,In Planung,Deutschland,Bayern,Landsberg am Lech,Dießen am Ammersee,86911,Dießen,,,11.104300,47.933700,15000.000,15000.000,2026-07-21,2026-10-01,,Lithium-Batterie,Batterie,Speicher,SSE946849873095,32000.000
SEE921117326213,Batteriespeicher-Halbe,ABR993058822161,In Planung,Deutschland,Brandenburg,Dahme-Spreewald,Halbe,15757,Halbe,,,13.703274,52.107279,5040.000,5040.000,2026-07-21,2027-07-31,,Lithium-Batterie,Batterie,Speicher,SSE946708222934,10000.000
SEE956397716904,Burgstall 4 EEG,ABR905133523580,In Betrieb,Deutschland,Bayern,Deggendorf,Moos,94554,Moos,,,12.939961,48.745407,4500.000,4500.000,2026-07-21,,2025-06-01,Lithium-Batterie,Batterie,Speicher,SSE953021802842,13416.000
SEE988066055625,Batteriespeicher Arneburg,ABR954873172169,In Betrieb,Deutschland,Sachsen-Anhalt,Stendal,Hohenberg-Krusemark,39596,Hohenberg-Krusemark,,,11.986667,52.717028,30000.000,2478.000,2026-07-21,,2026-07-20,Lithium-Batterie,Batterie,Speicher,SSE956472162879,78000.000
SEE953630113957,Outood_Speicher,ABR921687266322,In Betrieb,Deutschland,Baden-Württemberg,Calw,Ostelsheim,75395,Ostelsheim,Sohlengrund,16,8.843297,48.720025,125.000,125.000,2026-07-21,,2026-07-08,Lithium-Batterie,Batterie,Speicher,SSE977044312508,261.000
SEE978218420135,Batteriespeicher Hamme Energie,ABR941552649104,In Betrieb,Deutschland,Niedersachsen,Osterholz,Osterholz-Scharmbeck,27711,Osterholz-Scharmbeck,Osternheide,15,8.796713,53.216401,1000.000,1000.000,2026-07-22,,2026-07-22,Sonstige Batterie,Batterie,Speicher,SSE977669478153,2300.000
SEE978054300127,Speicher Tesvolt Winkelsett 2026,ABR919233318557,In Planung,Deutschland,Niedersachsen,Oldenburg,Winkelsett,27243,Winkelsett,Winkelsett,3,8.526529,52.872142,552.000,552.000,2026-07-22,2026-12-31,,Lithium-Batterie,Batterie,Speicher,SSE935484648342,1104.000
SEE942027910149,Solarstromspeicher,ABR936910116367,In Betrieb,Deutschland,Niedersachsen,Region Hannover,Wedemark,30900,Wedemark,Neue Wiesen,10,9.726433,52.585750,250.000,250.000,2026-07-22,,2026-07-13,Lithium-Batterie,Batterie,Speicher,SSE988436795014,1000.000
SEE956781791142,Batteriespeicher 1 Mettingen,ABR975589669521,In Betrieb,Deutschland,Nordrhein-Westfalen,Steinfurt,Mettingen,49497,Mettingen,Hansastr.,10,7.801835,52.315085,6757.000,6757.000,2026-07-22,,2026-04-22,Lithium-Batterie,Batterie,Speicher,SSE967838538764,15477.000
SEE947840284859,Speicher Tesvolt Hohes Feld 2026,ABR919233318557,In Planung,Deutschland,Niedersachsen,Oldenburg,Winkelsett,27243,Winkelsett,Hohes Feld,,8.519390,52.877096,552.000,552.000,2026-07-22,2026-12-31,,Lithium-Batterie,Batterie,Speicher,SSE945464076317,1104.000
SEE915142449030,PV-Anlage 2026,ABR905550970677,In Betrieb,Deutschland,Nordrhein-Westfalen,Gütersloh,Gütersloh,33332,Gütersloh,Neuenkirchener Straße,59,8.379138,51.896923,362.000,48.000,2026-07-22,,2026-03-16,Lithium-Batterie,Batterie,Speicher,SSE940430896609,362.000
SEE970739303881,Anker solox 2,ABR937518570070,In Planung,Deutschland,Nordrhein-Westfalen,Mettmann,Haan,42781,Haan,,,,,1000.000,1.000,2026-07-23,2026-07-26,,Lithium-Batterie,Batterie,Speicher,SSE912324396397,1.600
SEE960051944848,BESS Weißensand,ABR980552699184,In Planung,Deutschland,Sachsen,Vogtlandkreis,Lengenfeld,08485,Lengenfeld,Irfersgrüner Straße c/o PARQ energy GmbH,17,12.296852,50.571520,3440.000,3440.000,2026-07-23,2026-09-30,,Lithium-Batterie,Batterie,Speicher,SSE955757735111,6680.000
SEE978423585698,BESS UW Heessen,ABR924004852789,In Planung,Deutschland,Nordrhein-Westfalen,Hamm,Hamm,59073,Hamm,,,7.806608,51.706148,15456.000,15456.000,2026-07-23,2026-09-30,,Lithium-Batterie,Batterie,Speicher,SSE988092821706,29736.000
SEE920934573305,Batteriespeicher 261 kWh aus 2026,ABR905901799568,In Betrieb,Deutschland,Nordrhein-Westfalen,Soest,Ense,59469,Ense,Auf den Geeren,20,7.978314,51.495185,125.000,125.000,2026-07-23,,2026-07-14,Lithium-Batterie,Batterie,Speicher,SSE958406967543,261.000
SEE901804977140,Sporthalle__Speicher,ABR970307594734,In Betrieb,Deutschland,Bayern,Dachau,Odelzhausen,85235,Odelzhausen,Am Sportplatz,,11.000000,48.000000,110.000,110.000,2026-07-23,,2026-07-17,Lithium-Batterie,Batterie,Speicher,SSE943235737009,84.000
SEE958978513193,Batteriespeicher Möller Medical Wasserkuppenstr. 29-31,ABR907321223876,In Planung,Deutschland,Hessen,Fulda,Fulda,36043,Fulda,Wasserkuppenstraße,29,9.697780,50.536180,750.000,750.000,2026-07-23,2027-01-01,,Lithium-Batterie,Batterie,Speicher,SSE953453953693,1500.000
SEE994929611457,BESS Weimar,ABR945750734389,In Betrieb,Deutschland,Thüringen,Weimar,Weimar,99427,Weimar,Rödchenweg,28,11.319994,51.003186,1288.000,1288.000,2026-07-23,,2026-07-23,Lithium-Batterie,Batterie,Speicher,SSE956220579133,2576.000
SEE915639130076,Batteriespeicher CDS,ABR938879346625,In Betrieb,Deutschland,Bayern,Landshut,Landshut,84028,Landshut,Christoph-Dorner-Straße,9,12.155528,48.542023,200.000,100.000,2026-07-24,,2026-07-01,Lithium-Batterie,Batterie,Speicher,SSE982507342350,645.000
SEE927667073652,SPN Trinkwasser Ammern,ABR983486007230,In Planung,Deutschland,Thüringen,Unstrut-Hainich-Kreis,Mühlhausen/Thüringen,99974,Mühlhausen,Windeberger Landstraße,73,10.452810,51.254616,100.000,100.000,2026-07-24,2026-08-17,,Lithium-Batterie,Batterie,Speicher,SSE951996340376,60.000
SEE964333060073,Batteriespeicher Walor,ABR912011249258,In Betrieb,Deutschland,Baden-Württemberg,Schwarzwald-Baar-Kreis,Vöhrenbach,78147,Vöhrenbach,Langenbacher Straße,17-19,8.181300,48.030780,660.000,660.000,2026-07-24,,2026-07-23,Lithium-Batterie,Batterie,Speicher,SSE904909069338,1374.000
SEE904558151743,Central CIty Hotel Füssen,ABR959961721762,In Betrieb,Deutschland,Bayern,Ostallgäu,Füssen,87629,Füssen,Bahnhofstraße,8 1/2,10.699046,47.569986,100.000,40.000,2026-07-24,,2025-10-23,Lithium-Batterie,Batterie,Speicher,SSE902245175409,100.000
SEE926582077950,Bess Finsterwalde Massen 5MW,ABR951553603012,In Planung,Deutschland,Brandenburg,Elbe-Elster,Massen-Niederlausitz,03238,Massen,,,13.722177,51.640882,5000.000,5000.000,2026-07-24,2026-09-01,,Lithium-Batterie,Batterie,Speicher,SSE908785473128,20000.000
SEE938424690227,"Grünstromspeicher, Pulow,  Am Sonnenacker 2",ABR907802290755,In Planung,Deutschland,Mecklenburg-Vorpommern,Vorpommern-Greifswald,Lassan,17440,Lassan,Am Sonnenacker,2,13.790953,53.952804,256.000,80.000,2026-07-24,2026-09-01,,Lithium-Batterie,Batterie,Speicher,SSE989761873019,256.000
SEE936142393161,Litters 2,ABR947620857556,In Betrieb,Deutschland,Hessen,Bergstraße,Lampertheim,68623,Lampertheim,Außerhalb-Ost,16,8.433094,49.671929,100.000,100.000,2026-07-25,,2026-04-16,Lithium-Batterie,Batterie,Speicher,SSE923048196378,156.000
SEE996100520237,Industriespeicher ESA 256kw,ABR988483855716,In Betrieb,Deutschland,Bayern,Straubing-Bogen,Aholfing,94345,Aholfing,Pfarrer-Streit-Straße,13,12.502199,48.927639,128.000,128.000,2026-07-26,,2026-02-27,Lithium-Batterie,Batterie,Speicher,SSE927324698075,256.000
SEE978899213569,PV-Anlage 1 der SPORT FORUM Energie eGbR,ABR964134497375,In Betrieb,Deutschland,Nordrhein-Westfalen,Städteregion Aachen,Alsdorf,52477,Alsdorf,Eschweilerstraße,168,6.182172,50.868360,100.000,100.000,2026-07-26,,2026-03-15,Lithium-Batterie,Batterie,Speicher,SSE916410341865,215.000
SEE908119417255,Brauerei-Anlage Hallendach,ABR941279422936,In Betrieb,Deutschland,Bayern,Günzburg,Günzburg,89312,Günzburg,Peter-Henlein-Straße,8,10.274171,48.474182,180.000,180.000,2026-07-27,,2026-07-27,Lithium-Batterie,Batterie,Speicher,SSE964760017039,392.000
SEE915158681127,Aulhausen Speicherleistung,ABR905767413738,In Betrieb,Deutschland,Hessen,Rheingau-Taunus-Kreis,Rüdesheim am Rhein,65385,Rüdesheim am Rhein,Vincenzstraße,60,7.902546,49.999454,103.000,103.000,2026-07-27,,2026-07-24,Lithium-Batterie,Batterie,Speicher,SSE940818502511,100.600
SEE990083895931,PN250 | Hof Hofen | ABAO Solutions,ABR952132848244,In Planung,Deutschland,Baden-Württemberg,Bodenseekreis,Friedrichshafen,88048,Friedrichshafen,Hof Hofen,1,9.412351,47.680479,250.000,250.000,2026-07-27,2026-09-30,,Lithium-Batterie,Batterie,Speicher,SSE928161962404,522.000
SEE927449006007,PN250 | Hesselbühl 1 | Ummenhofer,ABR952132848244,In Planung,Deutschland,Baden-Württemberg,Sigmaringen,Pfullendorf,88630,Pfullendorf,Hesselbühl,1,9.272316,47.916308,250.000,250.000,2026-07-27,2026-10-31,,Lithium-Batterie,Batterie,Speicher,SSE965390637598,522.000
SEE931383115176,GES Crailsheim Onolzheim,ABR925544215331,In Planung,Deutschland,Baden-Württemberg,Schwäbisch Hall,Crailsheim,74564,Crailsheim,Onolzheimer Hauptstraße,59,10.045102,49.118606,12000.000,12000.000,2026-07-27,2026-09-30,,Lithium-Batterie,Batterie,Speicher,SSE995436296557,25074.000
SEE916214032921,Batteriespeicher_Rotall 1,ABR960930748598,In Planung,Deutschland,Sachsen-Anhalt,Dessau-Roßlau,Dessau-Roßlau,06862,Dessau-Roßlau,Rotall,1,12.313794,51.886978,100.000,100.000,2026-07-27,2026-08-31,,Lithium-Batterie,Batterie,Speicher,SSE973846060425,188.640
SEE910627405969,Solarpark Vincenzenbronn Speicher,ABR953453140475,In Betrieb,Deutschland,Bayern,Fürth,Großhabersdorf,90613,Großhabersdorf,,,10.820510,49.419345,7668.000,6696.000,2026-07-27,,2026-07-24,Lithium-Batterie,Batterie,Speicher,SSE969091988669,13500.000
SEE984225298759,BESS Obertaufkirchen Ost,ABR936548399811,In Planung,Deutschland,Bayern,Mühldorf a. Inn,Obertaufkirchen,84419,Obertaufkirchen,,,12.279700,48.250400,1250.000,1250.000,2026-07-27,2026-08-21,,Lithium-Batterie,Batterie,Speicher,SSE969837230236,2610.000
SEE908503697232,Brock Schleidener Str. 32,ABR926479731446,In Betrieb,Deutschland,Nordrhein-Westfalen,Euskirchen,Weilerswist,53919,Weilerswist,Schleidener Straße,32,6.819426,50.706724,200.000,200.000,2026-07-27,,2025-09-23,Lithium-Batterie,Batterie,Speicher,SSE950358204899,320.000
SEE917852667957,Speicher Töginger Str.,ABR941371370791,In Planung,Deutschland,Bayern,Landshut,Landshut,84034,Landshut,Töginger Straße,,12.107308,48.545462,1000.000,1000.000,2026-07-28,2026-07-31,,Lithium-Batterie,Batterie,Speicher,SSE938654319240,2040.000
SEE994583530330,CATL EMS PZ Bochum,ABR940789495836,In Betrieb,Deutschland,Nordrhein-Westfalen,Bochum,Bochum,44803,Bochum,Grete-Schickedanz-Str.,1,7.263447,51.465265,2036.730,2036.730,2026-07-28,,2026-07-01,Lithium-Batterie,Batterie,Speicher,SSE997859426627,4073.470
SEE948955243250,"260728_BESS_OSMOWA_3.837,60 kWp",ABR924493455249,In Betrieb,Deutschland,Nordrhein-Westfalen,Warendorf,Warendorf,48231,Warendorf,Affhüppen Esch,12,8.013009,51.948682,500.000,500.000,2026-07-28,,2026-07-27,Lithium-Batterie,Batterie,Speicher,SSE904277983977,1075.000
SEE946595341442,PV Batteriespeicher,ABR914294009642,In Betrieb,Deutschland,Nordrhein-Westfalen,Hamm,Hamm,59077,Hamm,Auf Börgers Hof,12,7.742230,51.639679,125.000,125.000,2026-07-29,,2026-07-23,Lithium-Batterie,Batterie,Speicher,SSE904556368433,257.000
SEE968015743841,Batteriespeicher HRL,ABR982307519587,In Planung,Deutschland,Bayern,Traunstein,Siegsdorf,83313,Siegsdorf,St.-Primus-Straße,1-5,12.610242,47.811258,1472.000,1472.000,2026-07-28,2026-09-15,,Lithium-Batterie,Batterie,Speicher,SSE965460796590,4576.000
SEE960253697078,RochexEnergy Speicher 2026,ABR990592101936,In Betrieb,Deutschland,Bayern,Augsburg,Schwabmünchen,86830,Schwabmünchen,Krumbacher Straße,71,10.724265,48.191661,125.000,125.000,2026-07-28,,2026-07-28,Lithium-Batterie,Batterie,Speicher,SSE988268221545,261.000
SEE951247651428,BAT Freetz,ABR917468680531,In Planung,Deutschland,Niedersachsen,Rotenburg (Wümme),Lengenbostel,27419,Lengenbostel,Dorfstraße,14,9.526807,53.309415,270.000,270.000,2026-07-28,2026-10-01,,Lithium-Batterie,Batterie,Speicher,SSE930088156583,835.000
SEE912156061326,Batterie 128 KW,ABR964172050228,In Betrieb,Deutschland,Bayern,Aichach-Friedberg,Aichach,86551,Aichach,Blütenweg,5,11.150939,48.458473,128.000,128.000,2026-07-29,,2026-07-09,Lithium-Batterie,Batterie,Speicher,SSE919454518163,128.000
SEE903396316604,"Hamminkeln BESS 5,3 MWh",ABR929908797839,In Planung,Deutschland,Nordrhein-Westfalen,Wesel,Hamminkeln,46499,Hamminkeln,Isselburger Straße,2,6.588000,51.749000,2822.140,2500.000,2026-07-29,2027-04-01,,Lithium-Batterie,Batterie,Speicher,SSE934894799576,5355.000
SEE960449717429,Speicher Solarpark Unnau,ABR923857681812,In Betrieb,Deutschland,Rheinland-Pfalz,Westerwaldkreis,Unnau,57648,Unnau,,,7.909937,50.652544,100.000,100.000,2026-07-29,,2026-07-16,Lithium-Batterie,Batterie,Speicher,SSE946101581102,394.000
SEE979824740006,"PV-Speicher, Tacherting",ABR946743862980,In Betrieb,Deutschland,Bayern,Traunstein,Tacherting,83342,Tacherting,Altöttinger Straße,15,12.569395,48.081144,108.000,108.000,2026-07-29,,2026-07-29,Lithium-Batterie,Batterie,Speicher,SSE970483549207,241.000
SEE925933249916,Moers - Netto Düsseldorfer Straße,ABR982873533390,In Betrieb,Deutschland,Nordrhein-Westfalen,Wesel,Moers,47447,Moers,Düsseldorfer Straße,491,6.661857,51.409320,436.000,436.000,2026-08-05,,2026-07-07,Lithium-Batterie,Batterie,Speicher,SSE958410259283,436.000
SEE955019708563,BESS-PV-Speicher Enetsfeld,ABR961430313729,In Planung,Deutschland,Baden-Württemberg,Reutlingen,Pfronstetten,72539,Pfronstetten,,,9.243844,48.161513,3500.000,3500.000,2026-07-29,2026-08-31,,Lithium-Batterie,Batterie,Speicher,SSE931704932383,6686.000
SEE962872119856,Cabinet 1 Birkenfeld,ABR932873652287,In Betrieb,Deutschland,Baden-Württemberg,Enzkreis,Birkenfeld,75217,Birkenfeld,Schwarzloch,2,8.611798,48.854307,125.000,125.000,2026-07-29,,2026-07-27,Lithium-Batterie,Batterie,Speicher,SSE932979501434,250.000
SEE912754253383,Batteriespeicher TB125,ABR966586799045,In Betrieb,Deutschland,Hessen,Wetteraukreis,Ranstadt,63691,Ranstadt,Niddaer Landstraße,25,8.961998,50.365541,125.000,125.000,2026-07-29,,2026-05-12,Lithium-Batterie,Batterie,Speicher,SSE989165366773,256.000
SEE944230752394,Batteriespeicher Thalheim,ABR984442488490,In Betrieb,Deutschland,Sachsen-Anhalt,Anhalt-Bitterfeld,Bitterfeld-Wolfen,06766,Bitterfeld-Wolfen,Sandersdorfer Straße,19,12.238501,51.646351,5000.000,5000.000,2026-07-31,,2026-07-22,Lithium-Batterie,Batterie,Speicher,SSE970385522728,10030.000
SEE923055506238,PV Anlage GWW Speicher,ABR923050045749,In Betrieb,Deutschland,Thüringen,Wartburgkreis,Barchfeld-Immelborn,36456,Barchfeld-Immelborn,Nürnberger Straße,1 b,10.307394,50.786524,108.000,108.000,2026-07-30,,2026-07-14,Lithium-Batterie,Batterie,Speicher,SSE984318909296,215.000
SEE971675973527,Halle PV2026,ABR931154664452,In Betrieb,Deutschland,Bayern,Ostallgäu,Westendorf,87679,Westendorf,Angerweg,,10.711860,47.936980,100.000,100.000,2026-07-30,,2026-06-23,Lithium-Batterie,Batterie,Speicher,SSE980567679140,318.000
SEE935922376837,Agri PVA Eichenfürst Speicher,ABR969379513187,In Betrieb,Deutschland,Bayern,Main-Spessart,Marktheidenfeld,97828,Marktheidenfeld,,,9.573298,49.835607,990.000,900.000,2026-07-30,,2026-07-29,Lithium-Batterie,Batterie,Speicher,SSE937571296481,2026.800
SEE995362473800,Speicher Bachfeld,ABR988793693947,In Planung,Deutschland,Bayern,Donau-Ries,Reimlingen,86756,Reimlingen,,,10.540080,48.832260,2500.000,2500.000,2026-07-30,2026-08-07,,Lithium-Batterie,Batterie,Speicher,SSE946966639994,5015.900
SEE956946074554,BESS BEG Pfaffenhofen,ABR968761913369,In Planung,Deutschland,Bayern,Pfaffenhofen a.d. Ilm,Pfaffenhofen a.d. Ilm,85276,Pfaffenhofen,,,11.525179,48.568024,4730.000,4730.000,2026-07-30,2027-02-24,,Lithium-Batterie,Batterie,Speicher,SSE993927418280,10000.000
SEE997409480703,Batteriespeicher,ABR946673706538,In Planung,Deutschland,Schleswig-Holstein,Ostholstein,Sierksdorf,23730,Sierksdorf,Wagrienring,19,10.778977,54.092727,1000.000,1000.000,2026-07-30,2027-11-01,,Lithium-Batterie,Batterie,Speicher,SSE940526649942,2000.000
SEE997220372683,green flexibility BESS Nr. 123 gmbh,ABR935131539337,In Planung,Deutschland,Bayern,Unterallgäu,Lauben,87761,Lauben,Freiburgweg,18,10.290070,48.067000,9900.000,9900.000,2026-07-30,2026-09-03,,Lithium-Batterie,Batterie,Speicher,SSE900066153675,24400.000
SEE969123033213,PVA H＆M Stegmaier eGbr,ABR920901623866,In Betrieb,Deutschland,Baden-Württemberg,Schwäbisch Hall,Kirchberg an der Jagst,74592,Kirchberg,An der Autobahn,8,9.959420,49.174223,108.000,108.000,2026-07-31,,2026-07-24,Lithium-Batterie,Batterie,Speicher,SSE937899986354,215.000
SEE939678936826,Batterie Speicher - Axians Infoma GmbH,ABR959584834061,In Betrieb,Deutschland,Baden-Württemberg,Ulm,Ulm,89081,Ulm,Hörvelsinger Weg,23 1,9.989474,48.426866,216.000,216.000,2026-07-31,,2026-07-15,Lithium-Batterie,Batterie,Speicher,SSE991291794047,430.000
SEE981710491060,Speicher,ABR964853958669,In Planung,Deutschland,Nordrhein-Westfalen,Köln,Köln,50996,Köln,Adam-Riese-Str.,4,6.986062,50.868693,100.000,100.000,2026-07-31,2026-11-30,,Lithium-Batterie,Batterie,Speicher,SSE908723424519,394.000
SEE953296718237,BESS_Am Torfmoor,ABR994918837141,In Planung,Deutschland,Sachsen,Dresden,Dresden,01109,Dresden,,,13.738898,51.111197,1347.480,1347.480,2026-07-31,2026-11-30,,Lithium-Batterie,Batterie,Speicher,SSE920767374094,5015.000
SEE919223272494,Batteriespeicher Romain-Rolland-Str. 2026,ABR998721726968,In Planung,Deutschland,Berlin,Berlin,Berlin,13089,Berlin,Romain-Rolland-Straße,24,13.445370,52.565236,126.630,80.000,2026-08-02,2026-09-03,,Lithium-Batterie,Batterie,Speicher,SSE919151822518,253.260
SEE923653910253,Speicher,ABR993317875662,In Betrieb,Deutschland,Baden-Württemberg,Heilbronn,Ellhofen,74248,Ellhofen,Grantschener Straße,24,9.320298,49.151621,125.000,125.000,2026-08-03,,2026-07-24,Lithium-Batterie,Batterie,Speicher,SSE972456570140,261.200
SEE991746624967,Speicher Vilshofen,ABR967026841652,In Planung,Deutschland,Bayern,Passau,Vilshofen an der Donau,94474,Vilshofen,Josef-Paul-Straße,1,13.182700,48.658360,125.000,125.000,2026-08-03,2026-08-06,,Lithium-Batterie,Batterie,Speicher,SSE965033157438,510.000
SEE965547002453,Batteriespeicher Hofeinfahrt,ABR949294228298,In Betrieb,Deutschland,Nordrhein-Westfalen,Unna,Unna,59427,Unna,Hemmerder Weg,12,7.791122,51.548655,100.000,100.000,2026-08-03,,2026-08-03,Lithium-Batterie,Batterie,Speicher,SSE919430157508,211.000
SEE907031053947,Stall u. Halle 2026,ABR925345850755,In Betrieb,Deutschland,Baden-Württemberg,Göppingen,Eschenbach,73107,Eschenbach,Bahnhofstraße,18,9.671585,48.654800,200.000,200.000,2026-08-03,,2026-08-01,Lithium-Batterie,Batterie,Speicher,SSE936237352295,430.000
SEE920079732506,Speicher Privat Technikraum,ABR952622645339,In Betrieb,Deutschland,Bayern,Mühldorf a. Inn,Unterreit,83567,Unterreit,Oberreith,6,12.322477,48.115104,100.000,100.000,2026-08-03,,2026-07-15,Lithium-Batterie,Batterie,Speicher,SSE919856019848,50.400
SEE991571867089,BESS Zeickhorn,ABR902542667881,In Betrieb,Deutschland,Bayern,Coburg,Grub a. Forst,96271,Grub a. Forst,,,11.047265,50.221197,3000.000,3000.000,2026-08-03,,2026-07-08,Lithium-Batterie,Batterie,Speicher,SSE905182770072,8944.000
SEE926108880835,Agri-PV Steinbergacker Speicher,ABR976660821975,In Planung,Deutschland,Hessen,Vogelsbergkreis,Gemünden (Felda),35329,Gemünden,,,9.077742,50.703997,5000.000,5000.000,2026-08-04,2027-12-31,,Lithium-Batterie,Batterie,Speicher,SSE903862678380,10000.000
SEE930949978316,SpeicherMunderkingen25,ABR938753258112,In Planung,Deutschland,Baden-Württemberg,Alb-Donau-Kreis,Munderkingen,89597,Munderkingen,Brunnenbergstraße,29,9.636189,48.242298,2500.000,2500.000,2026-08-03,2026-09-15,,Lithium-Batterie,Batterie,Speicher,SSE959459805394,10030.000
SEE934932755816,B1,ABR915930706307,In Planung,Deutschland,Bayern,Kaufbeuren,Kaufbeuren,87600,Kaufbeuren,Daniel-Kohler-Straße,6,10.656908,47.892244,125.000,125.000,2026-08-04,2026-08-07,,Lithium-Batterie,Batterie,Speicher,SSE939545296121,179.000
SEE976825741834,Stromspeicher,ABR947807647291,In Betrieb,Deutschland,Baden-Württemberg,Karlsruhe,Bad Schönborn,76669,Bad Schönborn,,,,,110.500,12.000,2026-08-05,,2026-07-10,Lithium-Batterie,Batterie,Speicher,SSE965208673596,13.200
SEE900580745431,Batteriespeicher Freifläche,ABR973634196329,In Betrieb,Deutschland,Baden-Württemberg,Zollernalbkreis,Rosenfeld,72348,Rosenfeld,Siemensstraße,13,8.711715,48.284349,150.000,150.000,2026-08-05,,2020-03-02,Lithium-Batterie,Batterie,Speicher,SSE916214804450,224.100
SEE974647993905,Speicher Porschestrasse 2044,ABR907725884420,In Planung,Deutschland,Nordrhein-Westfalen,Borken,Stadtlohn,48703,Stadtlohn,Porschestraße,8,6.891448,51.987650,1000.000,1000.000,2026-08-05,2026-08-21,,Lithium-Batterie,Batterie,Speicher,SSE940839150739,2044.000
SEE977460375590,Batteriespeicher_Nr.1_100kW,ABR993351236146,In Betrieb,Deutschland,Bayern,Weißenburg-Gunzenhausen,Pappenheim,91788,Pappenheim,Am Solnhofer Weg,4,11.030740,48.922510,100.000,100.000,2026-08-05,,2026-07-14,Lithium-Batterie,Batterie,Speicher,SSE969863732728,100.000
SEE980855454145,Speicher PV Anlage Wirtshaus,ABR909880427542,In Betrieb,Deutschland,Bayern,Bamberg,Litzendorf,96123,Litzendorf,Kremmeldorfer Straße,1,11.006205,49.926127,100.000,100.000,2026-08-05,,2026-07-03,Lithium-Batterie,Batterie,Speicher,SSE924046410794,215.000
SEE940551346328,HalleWestMasch,ABR925838143357,In Betrieb,Deutschland,Bayern,Passau,Neuburg a. Inn,94127,Neuburg,Alte Landstraße,1,13.441680,48.510196,123.900,100.000,2026-08-06,,2026-07-29,Lithium-Batterie,Batterie,Speicher,SSE943129019266,112.600
SEE972982586417,Speicher mit 110kW/225kWh Schule,ABR918672525489,In Betrieb,Deutschland,Bayern,Freyung-Grafenau,Schönberg,94513,Schönberg,Schulstraße,30,13.338962,48.837096,110.000,110.000,2026-08-06,,2026-07-31,Lithium-Batterie,Batterie,Speicher,SSE968666238383,225.000
SEE920890394310,Grünstromspeicher Grieben,ABR996104208292,In Planung,Deutschland,Brandenburg,Oberhavel,Löwenberger Land,16775,Löwenberger Land,Dorfstraße,27 a,13.047656,52.901650,270.000,270.000,2026-08-06,2026-10-01,,Lithium-Batterie,Batterie,Speicher,SSE995671388871,556.000
SEE905565070782,Fenecon Batterie,ABR958957211041,In Planung,Deutschland,Niedersachsen,Lüchow-Dannenberg,Höhbeck,29478,Höhbeck,Fährstraße,1,11.453724,53.056299,368.000,368.000,2026-08-07,2026-10-31,,Lithium-Batterie,Batterie,Speicher,SSE992256246328,656.000
SEE959955813558,Batteriespeicher Freifläche,ABR958853561721,In Betrieb,Deutschland,Bayern,Schwandorf,Thanstein,92554,Thanstein,Krähhof,1,12.484198,49.410881,250.000,250.000,2026-08-07,,2026-07-31,Lithium-Batterie,Batterie,Speicher,SSE915281306089,510.000
SEE940174623011,Anker Solix  4 Pro,ABR980205488127,In Betrieb,Deutschland,Baden-Württemberg,Emmendingen,Herbolzheim,79336,Herbolzheim,,,,,2500.000,5.000,2026-08-07,,2026-08-06,Lithium-Batterie,Batterie,Speicher,SSE970879805399,10.000
SEE929339256103,Batterie zu S1,ABR986880558513,In Betrieb,Deutschland,Rheinland-Pfalz,Rhein-Lahn-Kreis,Eisighofen,56370,Eisighofen,Im Storchnest,2,8.019239,50.238085,800.000,800.000,2026-08-08,,2026-08-07,Lithium-Batterie,Batterie,Speicher,SSE943086104029,1.600
SEE961474069286,Husky,ABR994415457590,In Betrieb,Deutschland,Schleswig-Holstein,Lübeck,Lübeck,23568,Lübeck,Lauer Weg,21,10.809353,53.883597,150.000,150.000,2026-08-08,,2026-08-07,Lithium-Batterie,Batterie,Speicher,SSE973906484673,1600.000
SEE971074519999,Batteriespeicher Zendure 800 plus 1,ABR959200645262,In Betrieb,Deutschland,Hessen,Gießen,Pohlheim,35415,Pohlheim,,,,,800.000,0.800,2026-08-08,,2026-08-07,Lithium-Batterie,Batterie,Speicher,SSE904415665789,1.920
SEE971805287647,Zensuren AB2000x,ABR981645765038,In Betrieb,Deutschland,Brandenburg,Barnim,Wandlitz,16348,Wandlitz,Ginsterweg,7,13.477125,52.763245,800.000,800.000,2026-08-08,,2026-07-01,Lithium-Batterie,Batterie,Speicher,SSE979885110893,1.900
